id_pedido,fecha,id_cliente,edad_cliente,categoria_producto,canal_venta,region,metodo_pago,precio_unitario,cantidad,descuento_pct,dias_entrega,rating,devuelto,monto_total
PED-12701,2024-07-27,1628,33.0,Electrónica,Web,Córdoba,Tarjeta de crédito,285647.94,3,0,6.0,,0,856943.82
PED-12128,2024-06-09,1508,46.0,Juguetes,web, CABA , Tarjeta de crédito ,24164.27,1,15,8.0,5.0,0,20539.63
PED-10050,04/02/2024,2491,46.0,Belleza,App, GBA ,MercadoPago,18852.6,1,0,6.0,4.0,1,18852.6
PED-11758,2024-07-24,1883,67.0,Belleza,Web, Santa Fe ,Efectivo,28391.75,3,0,7.0,5.0,0,85175.25
PED-12142,2025-05-28,2585,28.0, Electrónica ,Marketplace,CABA,Transferencia,229375.37,1,0,2.0,3.0,0,229375.37
PED-12593,2025-05-08,1464,44.0,Hogar,Marketplace,Córdoba,Tarjeta de crédito,41443.66,1,0,9.0,5.0,0,41443.66
PED-13208,2025-02-17,2482,54.0,electrónica,Web,santa fe,TARJETA DE DÉBITO,182820.39,1,0,3.0,,0,182820.39
PED-14012,2025-02-22,1861,, Electrónica ,Web,Córdoba,Transferencia,88556.72,1,10,7.0,5.0,0,79701.05
PED-13777,2025-05-01,1123,26.0,Juguetes,app,Otras,Tarjeta de débito,15107.24,1,0,5.0,4.0,0,15107.24
PED-13277,2024-07-05,1435,53.0,DEPORTES,Web,CABA,MercadoPago,37405.7,1,5,8.0,,0,35535.41
PED-10614,07/10/2024,1314,30.0,Belleza,App,santa fe,Tarjeta de crédito,13471.48,1,0,10.0,4.0,0,13471.48
PED-10166,2024-10-20,1349,38.0,juguetes,App,Mendoza,EFECTIVO,11429.11,1,20,2.0,,0,9143.29
PED-10751,2025-04-03,2173,23.0,Deportes,Web,GBA,Tarjeta de débito,51498.09,1,0,6.0,3.0,1,51498.09
PED-13452,2024-09-12,1236,44.0,Belleza,App,Otras,Tarjeta de crédito,13799.84,1,0,,,0,13799.84
PED-14666,2025-02-22,2366,44.0,Belleza,App, CABA ,Tarjeta de crédito,11658.81,1,0,2.0,5.0,0,11658.81
PED-13521,2025-06-23,1164,26.0,Indumentaria,App,Santa Fe,Tarjeta de crédito,22916.43,1,0,1.0,5.0,1,22916.43
PED-12728,2024-10-19,2047,25.0,belleza,App,Santa Fe,Tarjeta de crédito,10614.57,3,0,5.0,,0,31843.71
PED-13142,2024-03-24,1769,27.0,Indumentaria,App,CABA,Efectivo,26221.83,1,5,1.0,4.0,1,24910.74
PED-12319,02/03/2024,1565,49.0,Juguetes,web,gba,Transferencia,17422.26,1,5,4.0,5.0,0,16551.15
PED-12588,2024-12-02,2103,48.0,Indumentaria,Marketplace,mendoza,Efectivo,24579.96,1,0,6.0,4.0,0,24579.96
PED-10477,2024-07-08,1515,46.0,Indumentaria,Marketplace,CABA,tarjeta de crédito,39528.73,1,10,3.0,5.0,0,35575.86
PED-14242,2024-06-30,1889,52.0,Belleza,marketplace,Otras,Efectivo,14025.29,2,10,2.0,5.0,0,25245.52
PED-11543,2025-05-03,2131,38.0,electrónica,Web,Otras,Tarjeta de crédito,154040.71,2,0,4.0,3.0,0,308081.42
PED-14034,2025-03-04,2465,30.0,Indumentaria,APP,Córdoba,Efectivo,17537.6,2,0,7.0,3.0,0,35075.2
PED-11564,2024-10-17,2240,33.0,Juguetes, Web ,CABA,Efectivo,17385.43,4,0,8.0,3.0,0,69541.72
PED-12338,2025-03-06,2377,24.0,Juguetes,Web,GBA,TARJETA DE CRÉDITO,15541.8,2,0,5.0,4.0,0,31083.6
PED-14975,16/04/2025,2427,44.0,Indumentaria,Web,GBA,MercadoPago,13074.78,1,10,2.0,3.0,0,11767.3
PED-11286,2025-01-16,2223,57.0,Electrónica,Web,Santa Fe,Tarjeta de débito,199571.41,1,20,7.0,5.0,0,159657.13
PED-13046,2024-06-01,1505,49.0,Belleza, Web ,Otras,Tarjeta de débito,12473.33,1,5,1.0,2.0,0,11849.66
PED-11384,2024-01-14,1275,45.0, Electrónica ,Web,GBA,Tarjeta de crédito,196150.74,1,25,4.0,5.0,0,147113.06
PED-10714,2024-01-04,2015,23.0,Indumentaria,App,Otras,Tarjeta de crédito,20571.71,1,0,7.0,5.0,0,20571.71
PED-11568,2024-03-25,2614,39.0,Indumentaria, Marketplace ,Córdoba,Transferencia,34159.51,2,0,4.0,3.0,0,68319.02
PED-11518,2025-05-09,2086,37.0,Hogar,Marketplace,CABA,efectivo,21131.47,1,15,2.0,4.0,0,17961.75
PED-11547,08/05/2025,2782,44.0,Indumentaria,App,Córdoba,Tarjeta de crédito,37893.16,1,0,2.0,4.0,0,37893.16
PED-14281,2025-06-07,1682,40.0, Indumentaria ,MARKETPLACE,Santa Fe,Efectivo,24767.45,2,5,7.0,5.0,0,47058.16
PED-11909,2024-11-24,2474,22.0,Belleza,Web,OTRAS,Tarjeta de crédito,20661.14,2,0,5.0,5.0,0,41322.28
PED-12638,2024-03-23,1601,36.0,Juguetes,WEB,otras,Transferencia,21501.92,1,10,4.0,5.0,0,19351.73
PED-10588,2024-11-03,2506,37.0,Hogar,Web,SANTA FE,Tarjeta de crédito,58032.51,2,5,2.0,5.0,0,110261.77
PED-13516,24/04/2025,1884,29.0,Indumentaria,App,CABA,Tarjeta de crédito,11188.78,5,0,5.0,5.0,0,55943.9
PED-10249,2024-06-06,2718,42.0,Belleza,WEB,Otras,Tarjeta de débito,16901.91,1,15,2.0,3.0,0,14366.62
PED-13930,2024-09-06,1273,44.0,Belleza, Web ,Córdoba,MercadoPago,9122.35,1,0,4.0,4.0,0,9122.35
PED-14658,2024-05-06,1352,44.0,Belleza,Marketplace,Mendoza,Transferencia,24102.71,1,15,3.0,5.0,1,20487.3
PED-14189,2024-10-14,2685,30.0,Indumentaria,App,caba,Transferencia,38459.55,2,15,4.0,4.0,0,65381.24
PED-10644,2024-01-08,1398,23.0,deportes, Web ,otras,Efectivo,32163.3,1,0,5.0,4.0,0,32163.3
PED-14712,2024-06-16,1011,37.0,Deportes,Web,GBA,Transferencia,56083.06,2,0,4.0,2.0,0,112166.12
PED-10191,2024-01-02,1130,37.0,Hogar,App,Otras,transferencia,43674.93,1,5,1.0,5.0,0,41491.18
PED-14621,18/11/2024,1828,22.0,Electrónica,MARKETPLACE,Otras, MercadoPago ,197680.8,2,0,7.0,2.0,0,395361.6
PED-14903,26/12/2024,2497,25.0,Hogar,APP,GBA,MercadoPago,44640.78,1,0,1.0,,1,44640.78
PED-13739,2024-07-05,1172,53.0,Indumentaria,Web,Santa Fe,Efectivo,30007.17,1,0,4.0,4.0,0,30007.17
PED-13772,2024-09-11,2523,62.0, Belleza ,Web,GBA,MercadoPago,12899.51,1,0,8.0,,0,12899.51
PED-11885,27/05/2024,1089,35.0,hogar,App,CABA,Tarjeta de crédito,26396.16,1,0,11.0,,1,26396.16
PED-11004,2024-08-14,2066,56.0,Indumentaria,app,Santa Fe,efectivo,26070.36,1,0,3.0,5.0,0,26070.36
PED-10763,2024-03-18,1114,48.0,Hogar,Web,CABA,MercadoPago,43749.83,1,10,3.0,5.0,0,39374.85
PED-13544,2025-04-24,2202,18.0,Belleza,App,GBA,MercadoPago,11706.16,2,15,7.0,1.0,0,19900.47
PED-14624,2025-05-01,1498,39.0,deportes,WEB,,Tarjeta de crédito,28716.15,1,0,4.0,4.0,0,28716.15
PED-14629,2024-04-27,1933,29.0,Deportes,WEB,Mendoza,Tarjeta de crédito,46692.55,1,0,4.0,5.0,0,46692.55
PED-14714,2024-12-20,2259,40.0,HOGAR,App,Mendoza,Tarjeta de débito,29202.32,1,20,5.0,4.0,0,23361.86
PED-11270,2025-04-26,1629,37.0, Belleza ,Web,GBA,Transferencia,5087.06,1,0,3.0,2.0,0,5087.06
PED-12962,2024-09-12,1486,41.0,Indumentaria,Web,OTRAS,Tarjeta de crédito,20238.6,1,10,2.0,,0,18214.74
PED-11369,2024-03-24,2304,45.0,Deportes,web,GBA,Transferencia,56486.8,1,0,1.0,5.0,0,56486.8
PED-10909,2025-04-20,1497,31.0,Electrónica,Web,CABA,Tarjeta de crédito,251974.38,1,0,5.0,4.0,0,251974.38
PED-10827,2024-12-21,2670,52.0, Electrónica ,Web,CABA,TRANSFERENCIA,256386.03,2,25,2.0,2.0,0,384579.04
PED-12890,2024-09-08,1236,18.0,Deportes, Web ,gba,Tarjeta de crédito,47735.79,2,0,5.0,5.0,0,95471.58
PED-13586,2025-04-12,1906,42.0,ELECTRÓNICA,Web,Santa Fe,Tarjeta de crédito,164462.83,1,25,7.0,4.0,0,123347.12
PED-12455,2025-01-09,2206,59.0,Electrónica,Web,CABA,MERCADOPAGO,122811.15,1,5,4.0,2.0,0,116670.59
PED-14069,2025-01-10,1755,42.0,Electrónica,Marketplace,Santa Fe,Tarjeta de crédito,175111.52,1,0,1.0,5.0,0,175111.52
PED-12892,21/03/2025,1929,38.0,Indumentaria,Web,Santa Fe,efectivo,15241.71,2,0,5.0,,0,30483.42
PED-11725,2024-12-26,1914,43.0,Hogar,Web,Santa Fe,Tarjeta de débito,-38315.78,1,0,1.0,5.0,0,38315.78
PED-14077,2025-05-18,1160,39.0, Belleza ,App,GBA, Tarjeta de débito ,11757.22,1,0,2.0,4.0,0,11757.22
PED-13558,2025-04-06,1253,47.0,Indumentaria,Marketplace,CABA,Tarjeta de débito,25985.92,2,0,4.0,4.0,0,51971.84
PED-13172,2025-05-28,2042,28.0,Electrónica,Marketplace,OTRAS,tarjeta de crédito,99194.95,1,0,7.0,5.0,0,99194.95
PED-10288,2025-05-26,1417,,Electrónica,Web,CABA,Tarjeta de crédito,246693.0,1,0,6.0,5.0,0,246693.0
PED-13271,2025-05-04,1182,60.0,hogar,Web,CABA,Tarjeta de débito,59657.24,2,0,,5.0,0,119314.48
PED-13137,2024-07-15,1021,23.0,Deportes,Web,GBA,tarjeta de crédito,47308.99,5,0,8.0,4.0,0,236544.95
PED-14699,2024-06-25,2319,36.0,Hogar,App, GBA ,Tarjeta de crédito,34640.07,1,0,3.0,5.0,0,34640.07
PED-14893,2024-01-24,2424,21.0,Electrónica,App,Otras,MercadoPago,287458.33,1,10,3.0,5.0,0,258712.5
PED-13534,2024-03-17,1349,29.0,BELLEZA,Web,CABA,TRANSFERENCIA,7995.91,1,10,3.0,5.0,1,7196.32
PED-11502,2025-05-09,1671,37.0,Indumentaria,App,Otras,Tarjeta de débito,33285.42,1,5,4.0,5.0,1,31621.15
PED-10868,11/10/2024,2417,57.0,indumentaria,App,CABA,Tarjeta de crédito,23551.21,1,5,5.0,4.0,0,22373.65
PED-12258,2025-03-29,2204,24.0,Indumentaria,web,Santa Fe,Tarjeta de crédito,30903.38,1,20,,5.0,0,24722.7
PED-10756,2024-12-14,1439,41.0,Indumentaria,WEB,GBA,Tarjeta de crédito,30812.27,1,20,5.0,3.0,0,24649.82
PED-13856,2024-01-06,1788,71.0,Electrónica,App,CABA,,180743.25,1,0,5.0,5.0,0,180743.25
PED-12120,2024-01-21,1212,51.0,Indumentaria,Web,caba, MercadoPago ,33233.0,1,0,4.0,4.0,1,33233.0
PED-12287,2025-02-27,1073,35.0,Electrónica,App,GBA,TARJETA DE CRÉDITO,114785.58,1,0,6.0,3.0,0,114785.58
PED-11233,2025-03-23,2140,21.0,Indumentaria,Web,Mendoza,Tarjeta de débito,31430.29,1,10,4.0,5.0,0,28287.26
PED-14197,2025-05-04,2582,41.0,juguetes,Marketplace,Córdoba,Tarjeta de débito,13118.52,1,10,1.0,4.0,0,11806.67
PED-12988,2024-10-09,1035,42.0,Electrónica,Marketplace,santa fe,Tarjeta de débito,150480.69,2,15,8.0,5.0,0,255817.17
PED-10154,12/08/2024,1663,43.0,Deportes,Web,CABA,Tarjeta de crédito,41623.2,1,5,5.0,5.0,0,39542.04
PED-14051,2024-07-15,2792,37.0,Indumentaria,App,CABA,Tarjeta de crédito,26325.89,3,0,4.0,5.0,0,78977.67
PED-14910,2024-03-19,1312,18.0,Indumentaria,web,GBA,Tarjeta de débito,20842.7,1,0,8.0,5.0,0,20842.7
PED-10705,2024-08-30,2622,51.0,Juguetes,Web,OTRAS,Tarjeta de crédito,13641.76,2,0,4.0,5.0,0,27283.52
PED-13396,2024-11-09,2541,34.0,Juguetes,Marketplace, GBA ,Efectivo,13762.9,1,0,3.0,5.0,0,13762.9
PED-12764,2024-08-22,1637,,electrónica,APP,,Tarjeta de débito,126415.8,2,15,4.0,4.0,0,214906.86
PED-14377,2025-03-10,1075,30.0,Belleza,Web,gba,TARJETA DE CRÉDITO,9541.55,2,0,6.0,4.0,0,19083.1
PED-13108,10/01/2025,1111,51.0,Electrónica,Web,CABA,MercadoPago,251907.33,2,0,3.0,,0,503814.66
PED-10412,2025-01-01,2054,28.0,Indumentaria,App,Santa Fe,Tarjeta de débito,20294.86,1,0,2.0,5.0,0,20294.86
PED-11812,2025-01-14,1427,24.0,Hogar, Web ,Mendoza,TARJETA DE CRÉDITO,33037.59,2,0,3.0,4.0,0,66075.18
PED-13293,2024-09-12,2194,52.0,Indumentaria,App,GBA,tarjeta de crédito,25974.19,1,20,7.0,4.0,0,20779.35
PED-14803,2025-01-09,1343,38.0,Indumentaria,App,Córdoba,Tarjeta de débito,32760.85,1,15,8.0,5.0,0,27846.72
PED-12779,2024-01-17,1211,28.0,Indumentaria,Web, CABA ,transferencia,11731.89,2,0,6.0,,0,23463.78
PED-10726,2024-04-27,1399,36.0,Belleza,Web,GBA,Tarjeta de crédito,17992.71,1,0,2.0,5.0,0,17992.71
PED-10811,04/04/2024,1478,28.0,Indumentaria,App,Otras,Tarjeta de débito,19067.17,2,5,,5.0,0,36227.62
PED-12017,20/01/2024,1902,47.0,Belleza,App,CÓRDOBA,Transferencia,13825.76,1,5,5.0,5.0,0,13134.47
PED-12434,2024-10-22,2551,20.0,DEPORTES,App,CABA,TARJETA DE CRÉDITO,31923.02,1,5,4.0,4.0,0,30326.87
PED-12176,2024-06-26,1860,25.0,Indumentaria,Marketplace,otras,Tarjeta de crédito,24641.13,1,0,7.0,3.0,0,24641.13
PED-10346,2024-09-10,1446,,Deportes,App,Santa Fe,Tarjeta de crédito,46888.92,72,10,4.0,5.0,0,126600.08
PED-11862,2024-04-06,2448,34.0,indumentaria,App,CABA,MercadoPago,20267.39,4,0,6.0,5.0,0,81069.56
PED-13369,2024-05-16,1289,21.0,Indumentaria,App,otras,MERCADOPAGO,33616.31,1,0,2.0,,0,33616.31
PED-11839,2024-12-03,2135,51.0,INDUMENTARIA, Web ,CABA,,20910.01,1,5,5.0,5.0,0,19864.51
PED-11904,2025-01-02,2337,24.0,Hogar,App,Otras,MercadoPago,23665.06,4,20,5.0,4.0,0,75728.19
PED-12457,2024-01-30,1949,37.0,Electrónica,App,CABA,Tarjeta de crédito,209883.73,1,0,4.0,5.0,0,209883.73
PED-11283,2024-01-22,1964,39.0,belleza,marketplace,GBA,Tarjeta de crédito,11370.79,1,15,3.0,4.0,0,9665.17
PED-14127,2025-06-13,1668,20.0,HOGAR,App,CABA,MERCADOPAGO,26060.71,1,0,5.0,5.0,0,26060.71
PED-13471,2024-07-29,1779,60.0,Hogar,Marketplace,Santa Fe,Transferencia,49383.02,1,0,9.0,4.0,0,49383.02
PED-12684,11/02/2025,1965,47.0,ELECTRÓNICA,WEB,Córdoba,Tarjeta de crédito,244522.23,1,0,5.0,4.0,0,244522.23
PED-11027,2024-03-01,1344,20.0,Electrónica,web,Córdoba,Tarjeta de débito,183493.56,1,15,6.0,4.0,0,155969.53
PED-10777,2025-05-17,1868,21.0,hogar,Web,GBA,Tarjeta de crédito,21900.88,2,0,8.0,5.0,0,43801.76
PED-12704,2025-01-24,1115,34.0,Belleza,App,GBA,Transferencia,13463.68,2,0,,,0,26927.36
PED-12152,2024-10-20,1859,49.0,Electrónica,Web,GBA,Tarjeta de crédito,105665.42,4,0,5.0,5.0,0,422661.68
PED-10193,10/09/2024,2014,18.0,Belleza,WEB,CÓRDOBA,TRANSFERENCIA,15040.3,1,10,8.0,4.0,0,13536.27
PED-13928,2024-10-20,2442,35.0,Electrónica,App,caba,efectivo,161191.67,1,0,8.0,5.0,0,161191.67
PED-12628,2024-09-21,2165,42.0,Juguetes,APP,GBA,tarjeta de débito,11279.19,1,15,7.0,5.0,1,9587.31
PED-13500,2025-01-05,1014,18.0,Hogar,WEB,CABA,MERCADOPAGO,58022.03,1,0,8.0,4.0,0,58022.03
PED-14479,12/06/2025,1278,,Deportes,App,Santa Fe,Tarjeta de débito,36072.78,1,0,12.0,2.0,0,36072.78
PED-10343,2025-03-07,1530,56.0,Indumentaria,Web,CABA,Tarjeta de crédito,21608.24,1,15,5.0,4.0,0,18367.0
PED-13791,23/11/2024,1751,18.0,Indumentaria,MARKETPLACE,CABA,Tarjeta de débito,19873.35,1,5,4.0,5.0,0,18879.68
PED-12971,2025-02-08,1371,28.0,indumentaria,app,,Tarjeta de crédito,14879.68,2,10,3.0,4.0,0,26783.42
PED-14698,2024-04-21,2723,55.0,DEPORTES, Web ,CABA,Transferencia,49233.19,1,0,1.0,5.0,0,49233.19
PED-12028,2024-09-29,1910,48.0,HOGAR,Web,GBA,Tarjeta de crédito,71026.14,2,0,6.0,5.0,0,142052.28
PED-11300,2025-05-06,2380,44.0,Indumentaria,web,CABA,Efectivo,16085.96,1,0,6.0,5.0,0,16085.96
PED-11562,2024-10-31,1071,41.0,Electrónica,Marketplace,CABA,Tarjeta de crédito,149791.02,3,0,4.0,,0,449373.06
PED-11597,08/05/2025,1057,44.0,Deportes,Web,GBA,MercadoPago,34717.25,2,0,8.0,4.0,0,69434.5
PED-12264,2025-03-17,1596,21.0,Electrónica,Marketplace,CABA,Tarjeta de crédito,158958.57,2,0,,1.0,0,317917.14
PED-11537,2024-03-09,2211,27.0,Belleza,web,Santa Fe,Tarjeta de crédito,13482.75,1,5,2.0,4.0,0,12808.61
PED-10992,2025-04-20,1091,41.0,Indumentaria,APP,Mendoza,Tarjeta de crédito,18212.63,3,0,5.0,5.0,1,54637.89
PED-10278,2024-06-24,1270,41.0,Indumentaria,Marketplace,santa fe,Tarjeta de débito,26811.0,5,15,3.0,3.0,0,113946.75
PED-13168,2025-01-21,2057,25.0,Belleza,WEB,GBA,tarjeta de crédito,9849.68,2,15,4.0,4.0,0,16744.46
PED-14284,2024-05-04,2566,35.0,BELLEZA,Marketplace,CABA, Tarjeta de débito ,9915.53,1,0,8.0,4.0,0,9915.53
PED-10114,2025-06-24,2703,37.0,Indumentaria,web,GBA,Tarjeta de crédito,16270.63,1,0,4.0,4.0,0,16270.63
PED-12162,10/01/2025,2152,40.0, Indumentaria ,Marketplace,Córdoba,Tarjeta de crédito,25987.68,1,0,4.0,5.0,0,25987.68
PED-14943,23/03/2025,2333,36.0,Juguetes,App,CÓRDOBA,Efectivo,8179.71,1,0,8.0,3.0,0,8179.71
PED-14208,2024-07-05,1566,37.0,Belleza,Web,GBA,Tarjeta de crédito,17322.02,1,0,6.0,5.0,0,17322.02
PED-14974,2025-04-08,1673,38.0,Hogar,App,GBA,Tarjeta de crédito,38042.86,2,0,7.0,4.0,0,76085.72
PED-12004,2024-01-12,2784,24.0,Indumentaria,App,Santa Fe,Tarjeta de débito,17630.47,2,10,5.0,5.0,0,31734.85
PED-12502,2024-08-21,2111,28.0,Indumentaria,Marketplace,Otras,Transferencia,34386.36,1,0,7.0,4.0,0,34386.36
PED-14499,2025-01-24,2142,21.0,Deportes,Web,CABA,Tarjeta de débito,2210.56,2,0,3.0,5.0,1,4421.12
PED-10243,2024-07-10,1137,,Hogar,Web, Santa Fe ,Transferencia,51887.85,1,15,4.0,5.0,0,44104.67
PED-11589,2024-05-03,1910,35.0,indumentaria,Web,CABA,Transferencia,34216.26,2,0,7.0,5.0,0,68432.52
PED-12190,2024-07-28,2699,20.0,Juguetes,App,CABA,Transferencia,19133.63,1,0,5.0,5.0,0,19133.63
PED-10171,2024-07-19,2333,37.0,Electrónica,App,GBA,Tarjeta de débito,235198.96,1,0,8.0,5.0,0,235198.96
PED-14456,16/05/2025,2620,47.0,Hogar,WEB,GBA,MercadoPago,55295.74,2,20,5.0,5.0,0,88473.18
PED-11435,2025-01-09,1639,64.0,INDUMENTARIA,Web, GBA ,Tarjeta de crédito,22528.58,1,25,6.0,5.0,0,16896.44
PED-12386,2024-12-09,1499,52.0,Electrónica,app,GBA,Tarjeta de débito,189666.61,3,0,6.0,5.0,0,568999.83
PED-14140,2024-10-09,1997,61.0,Electrónica,Web,Otras,Transferencia,180115.9,1,0,6.0,4.0,0,180115.9
PED-14777,2024-09-23,1815,36.0,Juguetes, Web ,GBA, Tarjeta de débito ,21172.13,1,0,7.0,5.0,0,21172.13
PED-12160,2024-03-08,2674,61.0,Belleza,,Mendoza,Efectivo,13648.37,1,0,1.0,5.0,0,13648.37
PED-11993,2024-01-10,1737,30.0,INDUMENTARIA,App,CÓRDOBA,Efectivo,34667.16,1,0,10.0,5.0,0,34667.16
PED-10576,2024-10-29,2388,32.0,Indumentaria,App,mendoza,Transferencia,32495.2,1,0,5.0,4.0,0,32495.2
PED-10613,25/12/2024,2241,18.0,Hogar,WEB, Mendoza ,TARJETA DE DÉBITO,68304.37,1,0,3.0,,0,68304.37
PED-12337,2024-12-08,1848,,Indumentaria,web,Santa Fe,Tarjeta de débito,30838.26,2,0,2.0,5.0,0,61676.52
PED-10121,2024-12-05,1256,45.0,Deportes,App,otras,TARJETA DE DÉBITO,19379.06,1,0,8.0,5.0,0,19379.06
PED-10227,2025-04-04,1456,59.0,Deportes,MARKETPLACE,SANTA FE,Transferencia,44637.35,1,0,6.0,4.0,0,44637.35
PED-12009,2025-01-11,1442,53.0,Hogar,MARKETPLACE,,Efectivo,31905.36,1,0,3.0,4.0,0,31905.36
PED-12390,2025-01-31,2230,23.0, Hogar ,App,CABA,Tarjeta de crédito,30038.69,1,0,5.0,5.0,0,30038.69
PED-11666,2024-04-11,2232,30.0,Deportes,app,CABA,Tarjeta de débito,21770.21,3,0,1.0,5.0,0,65310.63
PED-13133,13/11/2024,2664,22.0,HOGAR,Marketplace,CABA,Tarjeta de crédito,50111.92,1,15,5.0,5.0,0,42595.13
PED-11303,2024-02-29,1218,40.0,indumentaria,app,otras,Efectivo,29994.98,1,0,5.0,2.0,0,29994.98
PED-14967,2024-06-09,2477,27.0,BELLEZA,APP,Otras,Tarjeta de crédito,13760.11,1,0,8.0,5.0,0,13760.11
PED-13641,2024-03-13,2019,26.0,electrónica, Web ,GBA,tarjeta de débito,168445.18,1,0,2.0,5.0,0,168445.18
PED-11593,2024-05-20,1557,24.0,Juguetes,Web,caba,MercadoPago,19814.83,1,10,6.0,4.0,0,17833.35
PED-11857,2025-01-27,2299,, Juguetes ,App,Córdoba,MercadoPago,18085.82,3,0,5.0,3.0,0,54257.46
PED-13793,2025-04-18,2268,18.0,Juguetes,Marketplace,GBA,tarjeta de crédito,18241.93,1,0,6.0,4.0,0,18241.93
PED-13700,2024-05-07,2469,49.0,Hogar, Web ,Mendoza,Tarjeta de crédito,38033.0,2,0,5.0,2.0,0,76066.0
PED-12241,2024-07-08,2674,18.0,Juguetes,Marketplace,CABA,Transferencia,24555.78,3,0,7.0,,0,73667.34
PED-11081,2024-04-07,1698,61.0,Belleza,App,GBA,EFECTIVO,19802.97,1,0,3.0,5.0,0,19802.97
PED-12948,2024-03-22,2464,53.0,indumentaria,Web,Otras,Transferencia,29839.43,1,20,7.0,5.0,0,23871.54
PED-12757,2025-06-23,2684,31.0,Indumentaria,Web,GBA,Transferencia,20069.48,1,0,2.0,4.0,0,20069.48
PED-11217,2025-01-28,1781,46.0,Juguetes,Marketplace,santa fe,Tarjeta de débito,15558.89,2,0,10.0,5.0,0,31117.78
PED-10431,2024-08-22,2050,26.0, Hogar ,web,CABA,Transferencia,47091.88,1,5,4.0,2.0,0,44737.29
PED-12947,2024-03-31,2164,32.0,Indumentaria,Web,CABA,,31442.99,2,10,5.0,5.0,1,56597.38
PED-14894,2024-02-19,1664,43.0,Belleza,Web,CABA,tarjeta de crédito,12447.78,3,10,4.0,4.0,0,33609.01
PED-13922,2025-01-12,2189,31.0,electrónica,Web,Mendoza,Tarjeta de crédito,50340.61,5,20,7.0,2.0,0,201362.44
PED-13493,2024-10-26,2240,57.0,Electrónica,Web,Santa Fe,Tarjeta de débito,116322.28,1,0,4.0,4.0,0,116322.28
PED-12695,2024-03-15,1666,21.0,Hogar,WEB,GBA,MercadoPago,67204.43,2,0,6.0,4.0,0,134408.86
PED-13812,2024-06-28,1158,34.0,Hogar,App,,Tarjeta de débito,31546.6,5,0,1.0,4.0,0,157733.0
PED-12260,2024-05-03,2337,51.0,Belleza,Marketplace,Otras, Transferencia ,14812.55,1,0,6.0,,0,14812.55
PED-10376,2024-03-30,1111,35.0,Indumentaria,App,Otras,Tarjeta de crédito,24229.16,3,0,4.0,5.0,0,72687.48
PED-10504,2024-09-15,2243,19.0,Indumentaria, Marketplace ,CABA, Tarjeta de crédito ,45524.21,1,0,7.0,1.0,0,45524.21
PED-14115,2024-04-08,2226,22.0,Belleza,App, Santa Fe ,TARJETA DE CRÉDITO,12042.63,1,0,6.0,4.0,0,12042.63
PED-10338,2024-04-03,1531,39.0,Deportes,App,CABA,TARJETA DE DÉBITO,43129.24,2,10,1.0,5.0,0,77632.63
PED-10019,2025-01-20,2410,20.0,Hogar,Marketplace,CABA,Tarjeta de débito,36343.73,1,0,5.0,5.0,0,36343.73
PED-10997,2024-01-29,1658,24.0,BELLEZA,Web,CABA,MercadoPago,15654.25,1,0,2.0,5.0,0,15654.25
PED-12308,2024-03-29,2411,18.0, Deportes ,Web,Otras,MercadoPago,39982.63,2,15,5.0,,0,67970.47
PED-14215,2024-10-28,1387,37.0,belleza,App,Mendoza,tarjeta de crédito,13052.09,1,0,5.0,3.0,0,13052.09
PED-10185,2024-05-30,2441,38.0,HOGAR,APP,Mendoza,TARJETA DE CRÉDITO,43527.43,2,15,6.0,5.0,0,73996.63
PED-11520,2024-06-23,2376,54.0,Juguetes,App,Santa Fe,MercadoPago,11454.17,1,0,2.0,4.0,0,11454.17
PED-10664,2024-07-10,1255,47.0,Indumentaria,Web,GBA,TARJETA DE CRÉDITO,30202.85,1,0,2.0,5.0,0,30202.85
PED-10865,2025-05-15,1046,39.0,Electrónica,Web,Mendoza,Transferencia,235362.19,5,0,7.0,5.0,0,1176810.95
PED-10735,25/05/2025,1623,50.0,Hogar,App,SANTA FE,EFECTIVO,47615.36,2,0,5.0,5.0,1,95230.72
PED-13185,2025-04-27,2397,30.0,Hogar,app,santa fe,Tarjeta de débito,26866.54,2,0,4.0,5.0,0,53733.08
PED-13113,2025-01-09,1465,39.0,Juguetes,App,CABA,Tarjeta de crédito,11575.93,1,0,5.0,5.0,0,11575.93
PED-14849,2024-07-07,1314,48.0,INDUMENTARIA,App,GBA,Tarjeta de débito,29233.75,1,0,7.0,5.0,0,29233.75
PED-13964,2024-09-03,1839,50.0,Hogar,Marketplace,CABA,Tarjeta de débito,64156.49,3,0,6.0,4.0,0,192469.47
PED-12794,2025-02-24,1675,52.0,Juguetes,APP,GBA,MercadoPago,13328.57,1,25,7.0,4.0,0,9996.43
PED-14527,2024-07-14,1339,36.0,ELECTRÓNICA,web,Santa Fe,Tarjeta de crédito,132516.94,1,5,2.0,,0,125891.09
PED-12437,2024-09-24,2626,40.0,ELECTRÓNICA,App,GBA,Tarjeta de débito,120918.81,1,25,1.0,5.0,0,90689.11
PED-10365,2024-09-24,1247,38.0, Indumentaria ,web,CABA,Efectivo,29329.3,1,0,4.0,4.0,0,29329.3
PED-11843,2025-05-11,1806,39.0,juguetes, Marketplace ,GBA,Tarjeta de débito,19987.42,1,0,5.0,5.0,0,19987.42
PED-10289,2025-02-03,1856,40.0,Deportes,Web,GBA,Tarjeta de crédito,43109.8,2,0,7.0,5.0,0,86219.6
PED-13278,2025-03-20,1679,31.0,Indumentaria,Web,Santa Fe,TARJETA DE DÉBITO,30665.92,1,0,6.0,5.0,0,30665.92
PED-13247,2025-04-24,1421,18.0,belleza,MARKETPLACE,Mendoza,Tarjeta de crédito,19641.17,1,0,6.0,1.0,1,19641.17
PED-10215,2024-06-01,2440,20.0,Deportes,Web,CABA,MercadoPago,34524.71,1,0,4.0,3.0,0,34524.71
PED-10407,2024-03-16,2139,19.0,DEPORTES,, Mendoza , Transferencia ,31598.25,1,0,1.0,3.0,0,31598.25
PED-13488,2025-06-03,1222,57.0,HOGAR,App,Mendoza,Efectivo,59203.08,1,0,5.0,5.0,1,59203.08
PED-12252,2024-09-28,2158,41.0,Indumentaria,App,Santa Fe,Efectivo,22430.36,1,20,6.0,3.0,0,17944.29
PED-10831,2024-04-15,2748,36.0,BELLEZA,App,córdoba,Tarjeta de débito,9485.29,1,0,2.0,2.0,0,9485.29
PED-10602,09/03/2024,2717,38.0,Belleza,App,SANTA FE,Tarjeta de crédito,8442.3,1,0,2.0,4.0,0,8442.3
PED-11147,2024-08-05,1560,28.0,Electrónica,web,MENDOZA,Tarjeta de débito,112797.2,2,0,2.0,3.0,0,225594.4
PED-14639,2024-02-04,2121,32.0,Indumentaria,Web,Otras,Transferencia,17243.34,1,0,1.0,5.0,0,17243.34
PED-10056,2024-04-15,1170,18.0,Hogar,Marketplace,GBA,Transferencia,45698.65,2,15,1.0,4.0,0,77687.7
PED-14605,2024-05-20,1039,53.0,Indumentaria,Marketplace,Mendoza,Tarjeta de crédito,12669.36,1,0,1.0,1.0,0,12669.36
PED-13887,2024-07-02,1979,37.0, Electrónica ,Web,Santa Fe,Tarjeta de débito,126981.95,1,15,2.0,1.0,0,107934.66
PED-13068,2024-12-05,1182,35.0,Hogar,App,gba,Tarjeta de débito,43218.78,1,0,5.0,4.0,0,43218.78
PED-14429,2024-04-02,2720,46.0,INDUMENTARIA,Marketplace,Otras,MERCADOPAGO,42760.49,2,0,4.0,5.0,0,85520.98
PED-11433,2024-11-29,2765,63.0,Juguetes,Web, GBA ,TARJETA DE DÉBITO,7217.97,2,20,3.0,5.0,0,11548.75
PED-11337,2025-02-28,1550,22.0,Electrónica,App, Córdoba , MercadoPago ,138177.01,1,0,6.0,3.0,0,138177.01
PED-11058,2025-06-21,2373,39.0,Hogar,App,CABA,MercadoPago,50494.89,1,0,4.0,5.0,0,50494.89
PED-12322,2024-02-04,1696,30.0,Deportes,Marketplace,Mendoza,MERCADOPAGO,28197.1,1,0,1.0,5.0,0,0.0
PED-13522,2025-01-26,1341,45.0,Belleza,Web,,Transferencia,14130.9,2,15,2.0,4.0,0,24022.53
PED-11920,2025-01-08,1036,37.0,Hogar,Web,Córdoba,Tarjeta de crédito,40993.36,1,10,9.0,5.0,1,36894.02
PED-10222,26/01/2025,1845,26.0,JUGUETES,Web,Mendoza,Tarjeta de crédito,16331.96,2,0,9.0,4.0,0,32663.92
PED-10021,2024-10-03,1870,38.0,hogar,Marketplace,CABA,Efectivo,74774.44,1,0,2.0,5.0,0,74774.44
PED-11551,2025-01-31,1971,55.0,Indumentaria,Web,Córdoba,MercadoPago,27997.15,1,0,4.0,3.0,0,27997.15
PED-14372,2024-03-17,2363,48.0,Hogar, Web ,Mendoza,Tarjeta de crédito,44717.83,1,5,4.0,5.0,0,42481.94
PED-14590,2024-07-26,1786,46.0,Hogar,Marketplace,MENDOZA,Tarjeta de crédito,40685.96,1,0,4.0,5.0,0,40685.96
PED-14090,2024-04-22,2699,42.0,Hogar,Web,otras,Tarjeta de crédito,62879.83,1,0,5.0,3.0,1,62879.83
PED-11364,2024-08-10,2003,48.0,Hogar,App,Otras,EFECTIVO,56534.48,3,0,3.0,4.0,0,169603.44
PED-13419,2024-12-04,1106,29.0,Deportes,Web,Otras,Efectivo,60672.41,1,10,4.0,4.0,1,54605.17
PED-10759,2024-10-17,2768,21.0,Indumentaria,Web,GBA,Transferencia,46859.25,4,0,3.0,1.0,1,187437.0
PED-13252,2024-10-25,2490,26.0,Electrónica,web,gba,TARJETA DE CRÉDITO,194946.4,2,15,6.0,5.0,0,331408.88
PED-12044,2025-02-09,1663,, Deportes ,marketplace,OTRAS,Tarjeta de débito,37170.44,3,15,7.0,5.0,1,94784.62
PED-10805,2024-09-17,1853,52.0,deportes,Marketplace,OTRAS,MercadoPago,26615.7,1,0,4.0,5.0,0,26615.7
PED-11539,2024-08-07,1906,18.0,Indumentaria,App,Mendoza,efectivo,24976.5,1,0,6.0,4.0,0,24976.5
PED-14342,2024-02-27,2371,38.0,Deportes,App,Otras,Tarjeta de crédito,44484.28,1,0,7.0,4.0,0,0.0
PED-14521,2025-02-25,1800,45.0,Belleza,Web,CABA,Tarjeta de débito,19656.81,1,15,9.0,5.0,0,16708.29
PED-12938,2024-09-03,2136,38.0,Indumentaria,App, CABA ,Tarjeta de crédito,19263.09,1,0,2.0,4.0,1,19263.09
PED-12454,2025-03-04,1133,18.0,Hogar,app, Mendoza ,Tarjeta de crédito,40975.7,1,10,1.0,5.0,1,36878.13
PED-12433,2024-12-15,1228,60.0,Deportes,MARKETPLACE,CABA,tarjeta de crédito,51287.66,2,0,3.0,4.0,0,102575.32
PED-10722,2024-06-21,2148,27.0,belleza,App,GBA,Tarjeta de crédito,10386.71,1,5,4.0,,0,9867.37
PED-10792,2024-04-06,1799,46.0,Electrónica,WEB,GBA, Tarjeta de crédito ,160841.33,1,5,5.0,2.0,0,152799.26
PED-13741,2024-08-11,1194,27.0,Hogar,App,Otras,MercadoPago,39542.46,2,25,5.0,5.0,0,59313.69
PED-12481,2025-03-02,2080,44.0,Hogar,App,Córdoba,Transferencia,63103.33,4,10,8.0,4.0,0,227171.99
PED-10069,2024-08-04,2116,48.0,INDUMENTARIA,Marketplace,CABA,Tarjeta de débito,35315.8,1,5,7.0,,0,33550.01
PED-14876,2024-06-13,1703,35.0,Belleza,,CABA, Tarjeta de crédito ,9811.89,1,0,5.0,5.0,0,9811.89
PED-14625,2025-03-04,2364,48.0,Juguetes,Web,Otras,MercadoPago,17397.57,1,0,3.0,4.0,1,17397.57
PED-12624,13/09/2024,2512,37.0,Belleza,Marketplace,Córdoba,Tarjeta de crédito,11300.25,2,0,5.0,3.0,0,22600.5
PED-10508,2024-12-23,1530,42.0,Indumentaria,Web,GBA,Tarjeta de débito,39380.84,1,0,8.0,4.0,0,39380.84
PED-11965,2024-02-13,2569,36.0,Juguetes,Marketplace,CABA,Tarjeta de crédito,8709.45,1,0,6.0,3.0,0,8709.45
PED-14756,2024-05-16,1466,84.0,electrónica,WEB,CABA,TRANSFERENCIA,217308.46,1,5,1.0,,0,206443.04
PED-14378,2024-07-25,1828,18.0,Hogar,Web,Otras,Transferencia,34862.2,3,5,5.0,4.0,0,99357.27
PED-12519,2025-05-14,1498,43.0,HOGAR,Web,gba,Tarjeta de débito,68885.67,2,0,5.0,5.0,0,137771.34
PED-10684,2024-08-15,2327,18.0,Deportes,Marketplace,Mendoza,Tarjeta de crédito,43566.64,1,0,6.0,5.0,0,43566.64
PED-11050,2025-04-29,1250,41.0,DEPORTES,Marketplace,CABA,MercadoPago,34397.99,1,0,5.0,3.0,0,34397.99
PED-11020,2024-06-02,2631,52.0,Belleza,APP,CABA,EFECTIVO,8204.9,1,0,6.0,5.0,0,8204.9
PED-14704,2025-06-20,2418,30.0,Belleza,APP,Santa Fe,MercadoPago,7857.7,1,0,7.0,5.0,0,7857.7
PED-10349,2025-06-05,1513,,BELLEZA,App,Mendoza,TARJETA DE CRÉDITO,13111.28,1,0,6.0,5.0,0,13111.28
PED-13681,2024-03-26,1468,53.0,Hogar,Web,CABA,Tarjeta de crédito,34510.71,2,0,6.0,1.0,0,69021.42
PED-11112,2024-08-26,1103,48.0,Hogar,app,CABA,Tarjeta de débito,-71797.42,3,10,7.0,3.0,0,193853.03
PED-13746,2024-09-26,1836,29.0,Indumentaria,App,CABA,Tarjeta de débito,21177.64,1,0,5.0,4.0,0,21177.64
PED-10070,2024-07-06,1726,30.0,Electrónica,Web,Córdoba,Tarjeta de crédito,186031.36,2,0,7.0,1.0,0,372062.72
PED-10488,2024-03-20,1941,28.0,Belleza,Marketplace,Otras,Tarjeta de débito,13639.17,1,0,1.0,4.0,0,13639.17
PED-12484,2024-05-05,1826,24.0,Belleza,web,Córdoba,Tarjeta de débito,4709.04,1,10,7.0,3.0,0,4238.14
PED-14452,2025-05-27,1076,45.0,Hogar,Web,CABA,Tarjeta de débito,36413.11,1,15,1.0,3.0,0,30951.14
PED-11631,2024-01-10,2433,35.0, Deportes ,App,Santa Fe,Tarjeta de crédito,76248.01,1,0,1.0,5.0,0,76248.01
PED-10591,2025-04-25,2146,40.0,Belleza,,CABA, Tarjeta de crédito ,16277.86,4,10,5.0,5.0,0,58600.3
PED-10960,24/04/2024,2237,67.0, Hogar ,Web,MENDOZA,tarjeta de crédito,65718.18,1,5,4.0,5.0,0,62432.27
PED-13412,19/05/2025,2130,47.0,Juguetes,Web,caba,MercadoPago,24031.31,1,20,7.0,,0,19225.05
PED-14926,2024-04-02,1420,40.0,Indumentaria,Marketplace,Córdoba,TARJETA DE CRÉDITO,39370.05,2,0,9.0,4.0,0,78740.1
PED-11544,2024-11-19,2561,27.0,electrónica,Marketplace,GBA,Tarjeta de débito,441317.39,1,0,6.0,5.0,0,441317.39
PED-14280,2025-06-10,2749,0.0,Electrónica,Web,CABA,Tarjeta de débito,240823.53,1,0,2.0,4.0,0,240823.53
PED-14141,2024-03-12,1413,23.0,Belleza,Web,Otras,MercadoPago,8666.56,1,15,1.0,5.0,0,7366.58
PED-11279,2024-06-05,1828,18.0,Electrónica,Marketplace,Mendoza,Efectivo,154399.52,1,5,6.0,4.0,0,146679.54
PED-13906,2024-09-27,1422,19.0,Electrónica,app,Córdoba,TARJETA DE DÉBITO,231442.07,1,0,7.0,4.0,0,231442.07
PED-10622,10/04/2025,2693,64.0,ELECTRÓNICA,MARKETPLACE,CABA,Tarjeta de crédito,215011.76,2,10,3.0,5.0,0,387021.17
PED-12373,2024-05-21,1466,29.0,Electrónica,App,Santa Fe,TARJETA DE CRÉDITO,180341.47,1,0,,2.0,0,180341.47
PED-13092,2024-12-04,1399,25.0,Belleza,Marketplace,SANTA FE,,7983.4,1,0,2.0,4.0,0,7983.4
PED-14951,2025-03-14,1442,20.0,ELECTRÓNICA,WEB,Mendoza,Tarjeta de crédito,249222.78,1,5,1.0,4.0,0,0.0
PED-12724,2025-06-06,1967,29.0, Indumentaria ,Web,Otras,Tarjeta de débito,22306.62,1,0,1.0,2.0,0,22306.62
PED-11594,2025-04-14,1042,48.0,Deportes,Web,CABA,Tarjeta de débito,22501.47,3,0,7.0,5.0,0,67504.41
PED-11139,2024-06-01,1572,50.0,INDUMENTARIA,Web,GBA,Tarjeta de débito,8420.2,1,5,9.0,4.0,1,7999.19
PED-13273,2025-05-23,1450,47.0,INDUMENTARIA,Web,santa fe,transferencia,32569.57,1,0,4.0,,0,32569.57
PED-12344,2024-01-26,1027,18.0,Indumentaria,App,Santa Fe,Tarjeta de crédito,36205.83,1,0,4.0,5.0,1,36205.83
PED-13690,2025-01-09,2745,46.0,HOGAR,Web,gba,MercadoPago,53876.66,1,0,8.0,3.0,0,53876.66
PED-10628,2024-12-11,1446,33.0,Electrónica,App,Santa Fe,Tarjeta de débito,247655.33,3,0,1.0,5.0,0,742965.99
PED-12805,15/08/2024,1592,34.0,Deportes,Web,gba,MercadoPago,41403.3,4,0,5.0,5.0,0,165613.2
PED-13498,2024-06-26,1398,35.0, Hogar ,App,gba,TRANSFERENCIA,47157.88,1,10,2.0,1.0,0,42442.09
PED-10780,2024-07-16,1106,18.0,Belleza,Web,CABA,Tarjeta de crédito,14205.71,3,25,3.0,5.0,0,31962.85
PED-10216,2024-12-03,2305,40.0, Electrónica ,MARKETPLACE,Mendoza,Efectivo,186744.8,1,10,3.0,5.0,0,168070.32
PED-14142,2024-09-19,1816,28.0,Indumentaria,Web,GBA,TARJETA DE DÉBITO,34263.4,1,0,5.0,5.0,0,34263.4
PED-14776,2024-04-26,1989,39.0,Belleza,App,CABA,Tarjeta de crédito,20751.54,1,15,2.0,5.0,0,17638.81
PED-14046,2024-04-12,1780,27.0,DEPORTES, Web ,Córdoba,Tarjeta de débito,49893.96,1,0,6.0,4.0,0,49893.96
PED-14113,2024-04-25,2125,18.0,Deportes,App,GBA,Transferencia,50751.01,1,0,3.0,3.0,0,50751.01
PED-13169,2024-04-07,1397,31.0,Electrónica,Web,GBA,MercadoPago,158967.09,1,0,6.0,5.0,0,158967.09
PED-14126,2024-08-28,2534,38.0,Hogar,Marketplace,CABA,Tarjeta de débito,58961.25,1,10,5.0,5.0,0,53065.12
PED-14164,2025-04-05,2027,28.0,BELLEZA,Web,Córdoba,tarjeta de débito,13061.55,1,5,6.0,,0,12408.47
PED-14958,2025-05-27,1879,55.0,Deportes,Marketplace,CABA,Tarjeta de débito,36227.95,1,15,3.0,5.0,0,30793.76
PED-13456,2024-11-12,1512,27.0,Electrónica,Web,GBA,Tarjeta de crédito,160858.59,2,0,3.0,5.0,0,321717.18
PED-10687,2024-02-03,1970,36.0,Deportes,Web,GBA,Transferencia,39688.69,1,0,2.0,5.0,0,39688.69
PED-10619,2024-02-20,1086,53.0,Deportes,web,Córdoba,tarjeta de crédito,30813.06,2,25,6.0,4.0,0,46219.59
PED-12346,2024-08-19,1871,58.0,Indumentaria,App,CABA,TARJETA DE CRÉDITO,20375.63,1,0,3.0,4.0,0,20375.63
PED-13637,2024-08-02,2296,22.0,Indumentaria,Web, Mendoza ,MercadoPago,32138.67,1,5,6.0,5.0,1,30531.74
PED-12843,2025-01-28,1916,36.0,DEPORTES,Web,,Efectivo,48257.09,1,0,4.0,5.0,0,48257.09
PED-11957,2025-06-24,1292,45.0,HOGAR,Marketplace,GBA,Tarjeta de débito,31188.28,1,0,8.0,5.0,0,31188.28
PED-12582,2024-12-30,1061,49.0,Electrónica,App,mendoza,Efectivo,163370.81,1,5,5.0,4.0,0,155202.27
PED-12172,2024-04-06,2229,34.0,Electrónica,MARKETPLACE,GBA,Transferencia,65219.68,5,0,9.0,5.0,0,326098.4
PED-11060,14/10/2024,2616,34.0,Belleza,Web,Otras,TARJETA DE CRÉDITO,11237.02,1,10,1.0,,0,10113.32
PED-12011,2024-03-10,1485,53.0,Deportes,Web,Córdoba,Efectivo,20011.45,3,0,7.0,4.0,0,60034.35
PED-11442,2024-08-18,2720,37.0,Juguetes,App,GBA,Tarjeta de débito,16056.24,2,0,7.0,4.0,0,32112.48
PED-13829,24/09/2024,1411,22.0,Deportes,App,GBA,Tarjeta de débito,35442.53,2,0,6.0,4.0,0,70885.06
PED-10734,18/05/2024,1769,18.0,Hogar,App,Santa Fe,transferencia,33373.61,1,0,9.0,4.0,0,33373.61
PED-12528,13/01/2025,2506,54.0,Hogar,App,Mendoza,Tarjeta de crédito,39650.31,1,0,2.0,3.0,0,39650.31
PED-11699,2024-07-26,2398,38.0,Hogar,Marketplace,Otras, Tarjeta de crédito ,57525.65,1,25,4.0,5.0,0,43144.24
PED-12930,2025-03-31,2504,30.0,Indumentaria,APP,GBA,Tarjeta de débito,24567.31,1,0,4.0,5.0,1,24567.31
PED-11924,2024-10-14,1731,34.0,Indumentaria,App,otras,MercadoPago,38714.08,2,0,6.0,5.0,0,77428.16
PED-13712,2024-06-29,1385,29.0,Electrónica,App,GBA,Tarjeta de débito,12066.39,2,0,3.0,4.0,0,24132.78
PED-14193,2024-10-04,2177,43.0,Indumentaria,Web,CABA,TARJETA DE CRÉDITO,23867.79,1,20,6.0,5.0,0,19094.23
PED-12066,2024-02-16,2313,37.0,Hogar,APP,GBA,MercadoPago,40618.3,1,0,5.0,5.0,0,40618.3
PED-11732,06/11/2024,2080,37.0, Hogar ,App,Santa Fe, Tarjeta de crédito ,74946.81,2,0,7.0,2.0,0,149893.62
PED-11018,2025-04-26,2199,35.0,Electrónica,Marketplace,GBA,Transferencia,119423.43,1,0,4.0,5.0,0,119423.43
PED-14173,2024-08-11,1851,42.0,INDUMENTARIA,App,Córdoba,Tarjeta de crédito,27630.27,2,0,5.0,5.0,0,55260.54
PED-11260,2024-10-11,1786,45.0,Belleza,Web,Santa Fe,Tarjeta de crédito,9349.32,1,0,2.0,5.0,0,9349.32
PED-13261,2024-10-30,2476,53.0,INDUMENTARIA,App,Córdoba,Tarjeta de crédito,38341.62,1,15,1.0,3.0,0,32590.38
PED-10541,2025-04-05,2256,46.0,Belleza,APP,Santa Fe,MercadoPago,18479.79,1,0,5.0,5.0,0,18479.79
PED-14133,06/03/2025,2746,36.0,INDUMENTARIA,App,CABA, MercadoPago ,16301.24,1,5,6.0,5.0,0,15486.18
PED-12490,2025-04-30,1484,31.0,HOGAR,Web,GBA,Tarjeta de crédito,46920.08,1,0,6.0,2.0,0,46920.08
PED-14073,2024-04-05,1236,29.0,Electrónica,App,CABA,mercadopago,221705.37,1,0,6.0,2.0,0,221705.37
PED-10621,2024-01-05,1737,41.0,electrónica,marketplace,Córdoba,Tarjeta de crédito,195809.91,1,0,11.0,5.0,0,195809.91
PED-11162,2024-06-08,2054,49.0,Deportes,App,GBA,TARJETA DE DÉBITO,49015.95,1,5,7.0,5.0,0,46565.15
PED-14186,2025-03-16,2514,48.0,Hogar,Marketplace,Córdoba,Transferencia,47379.27,2,20,8.0,5.0,0,75806.83
PED-12556,2024-06-12,1668,18.0,Indumentaria,App,CABA, Tarjeta de crédito ,26764.29,1,0,2.0,2.0,0,26764.29
PED-10995,2024-10-18,1522,27.0,HOGAR,Marketplace,CABA,Efectivo,56494.86,1,0,6.0,5.0,0,56494.86
PED-12279,10/02/2025,1738,18.0,Hogar,app, Córdoba ,mercadopago,73801.43,1,0,5.0,5.0,0,73801.43
PED-12227,30/04/2025,1464,32.0,Indumentaria,APP,GBA, MercadoPago ,5278.26,1,0,9.0,4.0,1,5278.26
PED-11396,2024-11-02,1356,47.0,INDUMENTARIA,,CABA, Transferencia ,38174.78,1,0,5.0,2.0,0,38174.78
PED-13560,2025-03-08,1851,,Indumentaria,App,GBA,Efectivo,38102.13,2,0,4.0,3.0,0,76204.26
PED-14730,2024-01-25,1454,32.0,Indumentaria,App,GBA,Tarjeta de crédito,31396.96,2,0,6.0,4.0,0,62793.92
PED-10334,2024-10-11,1761,41.0,Electrónica,App,CABA,MercadoPago,164341.64,4,0,9.0,5.0,0,657366.56
PED-10876,2024-12-07,2432,44.0,Indumentaria,marketplace,MENDOZA,Tarjeta de débito,21289.36,1,0,8.0,4.0,0,21289.36
PED-14473,2025-06-11,1659,49.0,Belleza,App,CABA,EFECTIVO,12070.81,72,0,2.0,5.0,0,12070.81
PED-14232,2025-06-14,2710,57.0,Indumentaria,Web,GBA,Tarjeta de débito,21947.36,1,15,7.0,2.0,0,18655.26
PED-12595,2024-04-23,2422,40.0,Electrónica,Marketplace,GBA,Tarjeta de débito,123430.2,1,15,8.0,4.0,0,104915.67
PED-10534,2024-05-25,1979,18.0,Deportes, Marketplace , GBA ,Efectivo,44632.58,1,0,5.0,5.0,0,44632.58
PED-14188,09/01/2024,2025,19.0,Electrónica,Web,GBA,Transferencia,153030.4,2,0,9.0,1.0,0,306060.8
PED-14795,2024-03-29,2371,39.0,indumentaria,web,GBA,MercadoPago,33715.91,1,0,1.0,,1,33715.91
PED-10563,2024-12-13,1273,27.0,belleza,Marketplace,Otras,Transferencia,10204.03,2,0,5.0,4.0,0,20408.06
PED-10866,2024-06-09,1723,56.0,Belleza,Web,CÓRDOBA,MERCADOPAGO,11079.4,1,0,7.0,,0,11079.4
PED-10641,2024-12-02,1966,38.0,Belleza,APP,GBA,TARJETA DE DÉBITO,11213.98,1,0,3.0,5.0,0,11213.98
PED-14118,2025-02-08,2390,35.0,Hogar,App,caba,efectivo,63120.63,1,15,6.0,,0,53652.54
PED-11415,2024-09-06,1625,33.0, Electrónica ,App,Otras,MercadoPago,124736.84,3,10,1.0,5.0,0,336789.47
PED-10175,2025-04-08,2107,52.0,Electrónica,App,,efectivo,316157.12,3,0,3.0,5.0,0,948471.36
PED-14013,2024-12-02,2318,30.0,Juguetes,Web,,MercadoPago,16737.68,1,5,5.0,4.0,1,15900.8
PED-11105,2024-02-08,2746,49.0,Indumentaria,App,Córdoba,Tarjeta de crédito,21342.47,2,0,4.0,5.0,0,42684.94
PED-13012,2024-12-07,2524,35.0,Indumentaria,Marketplace,Mendoza,efectivo,18829.96,1,0,7.0,5.0,0,18829.96
PED-12541,2025-01-19,1524,18.0,Electrónica,WEB,Córdoba,Efectivo,186271.12,5,0,6.0,4.0,0,931355.6
PED-11365,2025-02-19,2027,33.0,Deportes,APP,Córdoba,MercadoPago,25836.29,72,0,9.0,4.0,0,77508.87
PED-10234,2025-03-13,2004,32.0,Deportes,Web,caba,Transferencia,39457.3,2,0,7.0,5.0,0,78914.6
PED-12865,2025-02-25,2428,36.0,Indumentaria,Web,Córdoba,Transferencia,33052.26,1,5,3.0,,0,31399.65
PED-14667,2025-03-19,1466,24.0,Hogar,web,GBA,MercadoPago,50913.98,1,0,2.0,3.0,0,50913.98
PED-12416,2024-03-24,1070,46.0,Electrónica,App,GBA,,139811.33,1,20,1.0,3.0,0,111849.06
PED-13202,2024-03-05,1570,48.0,Deportes,Web,GBA,tarjeta de crédito,21682.57,1,0,9.0,2.0,0,21682.57
PED-14509,26/02/2025,2522,31.0,Electrónica,APP,GBA, Transferencia ,69243.33,1,0,3.0,3.0,0,69243.33
PED-11420,2024-10-21,2344,32.0,Belleza,Web,Mendoza,Tarjeta de crédito,6799.19,1,5,3.0,4.0,0,6459.23
PED-12835,2025-06-12,2160,37.0,Juguetes,Web,,Tarjeta de crédito,8540.57,3,5,,3.0,0,24340.62
PED-10701,2024-12-15,1244,63.0,Electrónica,Web,GBA,MERCADOPAGO,143317.79,1,0,5.0,3.0,0,143317.79
PED-12750,10/06/2024,2656,67.0,Indumentaria,App, GBA ,Tarjeta de débito,30996.62,1,0,7.0,4.0,0,30996.62
PED-13101,2025-04-02,1543,26.0,Indumentaria,Marketplace,CABA, Tarjeta de débito ,15293.27,1,20,4.0,4.0,0,12234.62
PED-12871,2024-10-20,2666,18.0,Electrónica,App,GBA,tarjeta de débito,230938.84,1,0,1.0,,0,230938.84
PED-12786,2024-07-06,2346,34.0,Electrónica,Web, CABA ,Transferencia,274832.87,1,0,6.0,3.0,0,274832.87
PED-10392,2024-07-08,1452,41.0,indumentaria,Marketplace,OTRAS,Efectivo,36873.92,1,0,4.0,5.0,0,36873.92
PED-13988,2025-03-20,2487,42.0,Deportes,Marketplace,Santa Fe,MercadoPago,15215.05,1,25,4.0,3.0,0,11411.29
PED-12513,2024-03-27,2035,18.0,Electrónica,Marketplace,Santa Fe,Tarjeta de crédito,206187.43,1,0,5.0,5.0,0,206187.43
PED-11056,2024-09-24,2698,25.0,Deportes,App,GBA,Transferencia,45548.51,2,0,4.0,4.0,0,91097.02
PED-12929,17/11/2024,2596,27.0,Belleza,Web,CABA,Transferencia,18301.02,1,20,,5.0,0,14640.82
PED-13248,2025-03-11,1345,18.0,Electrónica,App,CABA,MercadoPago,183255.1,2,0,4.0,5.0,1,366510.2
PED-14250,2025-01-08,2048,55.0,Indumentaria,Web,Córdoba,Tarjeta de crédito,31325.81,1,15,1.0,4.0,0,26626.94
PED-11774,26/01/2025,1521,55.0,electrónica,App,Otras,Tarjeta de crédito,131116.7,3,0,7.0,4.0,0,393350.1
PED-14409,2024-12-31,2613,,Indumentaria,MARKETPLACE,Otras,Tarjeta de débito,31946.53,1,5,6.0,5.0,0,30349.2
PED-12333,2025-04-24,2358,40.0,Hogar,Marketplace,CABA,Tarjeta de débito,36515.88,1,20,2.0,5.0,0,29212.7
PED-12309,2024-07-21,1556,27.0,electrónica,Web, Otras ,mercadopago,240638.88,1,10,7.0,4.0,0,216574.99
PED-11390,2024-08-30,1908,30.0,Indumentaria,Marketplace, GBA ,Tarjeta de débito,13748.61,2,0,6.0,,1,27497.22
PED-11002,2024-04-22,2282,25.0,INDUMENTARIA, App ,Otras,Efectivo,25483.07,1,0,5.0,3.0,0,25483.07
PED-12184,23/10/2024,1184,40.0, Hogar ,App,SANTA FE,Tarjeta de débito,76100.77,1,0,5.0,5.0,0,76100.77
PED-10821,2024-12-28,2771,44.0,Belleza,App,Santa Fe,Tarjeta de crédito,9682.96,1,10,4.0,5.0,0,8714.66
PED-14454,30/05/2025,2117,22.0,Hogar,App,MENDOZA,TRANSFERENCIA,52824.27,1,15,5.0,5.0,0,44900.63
PED-12479,2025-03-19,2717,57.0,Juguetes,WEB,GBA,Efectivo,25124.1,1,15,4.0,3.0,0,21355.48
PED-12016,2024-05-11,2726,18.0,Hogar,Web,Córdoba,Transferencia,37020.72,1,10,8.0,5.0,0,33318.65
PED-12229,2024-07-29,1114,38.0,Hogar,App,Córdoba,Efectivo,35947.58,1,0,5.0,,0,35947.58
PED-13826,2024-08-24,1876,46.0,Juguetes,Web,CABA,EFECTIVO,13047.51,1,0,9.0,5.0,0,13047.51
PED-10748,23/08/2024,2234,30.0,belleza, Web ,GBA, MercadoPago ,16387.6,1,0,2.0,3.0,0,16387.6
PED-10704,2024-05-16,1106,51.0,belleza,Web,GBA,MercadoPago,17115.7,1,15,5.0,4.0,0,14548.34
PED-12744,11/06/2025,2090,31.0,Deportes,App,GBA,MercadoPago,22784.4,2,0,7.0,,0,45568.8
PED-14333,2025-02-12,1054,18.0,Electrónica,Web,caba,TARJETA DE CRÉDITO,228617.91,1,0,1.0,4.0,0,228617.91
PED-11769,2025-03-11,2299,38.0,Electrónica,Web,Mendoza,Tarjeta de débito,145473.67,1,20,4.0,2.0,0,116378.94
PED-12493,2025-03-09,2496,27.0,Indumentaria,APP,caba,Tarjeta de débito,39661.3,1,0,8.0,4.0,0,39661.3
PED-10773,23/01/2024,1108,51.0,Indumentaria,App,Mendoza, Tarjeta de débito ,27168.03,3,15,2.0,1.0,0,69278.48
PED-13376,23/06/2024,1011,42.0,indumentaria,Web,GBA,,26719.44,1,0,4.0,5.0,0,26719.44
PED-13975,27/07/2024,2565,, Juguetes ,Web,Córdoba,Tarjeta de débito,9232.23,1,25,,4.0,1,6924.17
PED-12198,2024-02-09,2455,,Hogar,Web,CABA,Transferencia,55783.47,1,25,4.0,5.0,0,41837.6
PED-11591,20/02/2024,1675,41.0, Belleza ,App,Otras,MercadoPago,9182.16,1,5,4.0,3.0,0,8723.05
PED-14638,2024-05-26,2084,53.0,Hogar,Web,GBA,Efectivo,36433.3,2,0,5.0,5.0,0,72866.6
PED-12514,2024-07-19,2047,25.0,Indumentaria,Marketplace,,Tarjeta de crédito,12270.87,1,0,6.0,4.0,0,12270.87
PED-11652,2025-06-06,2425,27.0,Electrónica,WEB,CABA,Tarjeta de crédito,276945.17,4,0,3.0,4.0,0,1107780.68
PED-10765,2024-05-11,2634,40.0,Hogar,app,CÓRDOBA,TARJETA DE DÉBITO,44165.59,3,0,2.0,,0,132496.77
PED-13632,2025-06-02,1783,37.0,Indumentaria,App,Otras,Tarjeta de crédito,35307.49,1,0,5.0,4.0,0,35307.49
PED-11470,2024-06-13,2423,47.0,Hogar,APP,GBA,Efectivo,43033.52,3,25,4.0,3.0,0,96825.42
PED-10418,2025-04-13,2331,45.0,Hogar,Web,CABA,Tarjeta de crédito,500.0,1,5,6.0,4.0,0,475.0
PED-11917,2025-01-04,2709,36.0,INDUMENTARIA,Web,CABA,MercadoPago,23125.34,1,0,5.0,5.0,0,23125.34
PED-11276,2025-05-03,2082,18.0,Deportes,Web,caba,Tarjeta de crédito,38149.07,3,0,4.0,,0,114447.21
PED-12159,2025-01-17,1895,29.0,Indumentaria,APP,Mendoza,MercadoPago,23943.71,2,0,5.0,5.0,0,47887.42
PED-13343,2025-01-06,2036,25.0,hogar,Web,CABA, Tarjeta de crédito ,48202.96,1,0,6.0,4.0,0,48202.96
PED-13284,2024-11-30,1491,36.0,Indumentaria,APP,Mendoza,Tarjeta de débito,26745.37,1,25,6.0,3.0,0,20059.03
PED-11525,2025-03-02,1382,18.0,Juguetes,app,GBA,Tarjeta de crédito,20119.31,2,0,1.0,5.0,0,40238.62
PED-10041,2024-01-14,2428,18.0,Electrónica,Web,GBA,Tarjeta de crédito,275019.59,1,0,3.0,4.0,0,275019.59
PED-13554,30/10/2024,2318,40.0,Indumentaria,Web,Santa Fe,TRANSFERENCIA,39585.96,3,15,1.0,4.0,0,100944.2
PED-14365,2024-02-21,1969,41.0,electrónica,Marketplace, Santa Fe ,Transferencia,171025.36,1,10,6.0,5.0,0,153922.82
PED-11403,2024-07-25,2023,33.0,Indumentaria,Web,GBA,MercadoPago,26582.97,1,5,7.0,5.0,0,25253.82
PED-13057,2024-01-01,2451,30.0,Deportes,App,CABA,Tarjeta de débito,33733.95,1,0,5.0,4.0,0,33733.95
PED-13860,2024-04-28,1343,39.0,Indumentaria,App,GBA,MercadoPago,15458.61,1,15,8.0,4.0,0,13139.82
PED-13360,2024-07-24,2529,18.0,Belleza,Web,CABA,tarjeta de crédito,13546.03,2,0,1.0,1.0,0,27092.06
PED-12584,2024-02-17,1784,18.0,Belleza,Web,Santa Fe, Tarjeta de débito ,14839.4,1,0,2.0,3.0,0,14839.4
PED-14932,2024-11-01,2769,23.0,BELLEZA,Web,Santa Fe,Tarjeta de crédito,230264.11489186663,1,0,6.0,5.0,0,16008.1
PED-13982,2025-03-04,1025,30.0,ELECTRÓNICA,App,CABA,Efectivo,170387.99,1,0,7.0,5.0,0,170387.99
PED-13959,2024-04-17,1217,38.0,Deportes,WEB,GBA,MercadoPago,27180.68,2,10,8.0,4.0,0,48925.22
PED-14064,2025-02-27,2255,29.0,Hogar,web,GBA,Tarjeta de débito,58348.87,1,0,6.0,5.0,0,58348.87
PED-14192,2025-05-31,2019,28.0,INDUMENTARIA,Web,Otras,Tarjeta de débito,20628.69,1,0,1.0,3.0,0,20628.69
PED-12709,2025-03-27,1928,44.0,Juguetes,Web,GBA,MercadoPago,19093.9,1,0,3.0,,0,19093.9
PED-11673,2024-03-10,2299,19.0,Deportes,web,GBA,Tarjeta de crédito,62821.43,1,0,5.0,2.0,0,62821.43
PED-13231,2025-02-12,1660,,Indumentaria,marketplace,GBA,Tarjeta de débito,17263.64,2,10,7.0,5.0,0,31074.55
PED-11210,2024-07-09,1792,41.0,Belleza,Web,,Efectivo,8191.47,1,0,4.0,5.0,0,8191.47
PED-13374,2024-07-13,1677,42.0,Hogar,App,Mendoza,Transferencia,60990.95,1,0,7.0,5.0,0,60990.95
PED-12771,2024-02-13,1039,38.0,Deportes,App,Otras,Tarjeta de débito,29247.64,2,0,6.0,1.0,0,58495.28
PED-12301,2024-04-29,2116,45.0,Indumentaria,App,Otras,Transferencia,26596.64,1,5,6.0,,0,25266.81
PED-11079,31/05/2024,1485,24.0,Indumentaria,Web,CABA,Tarjeta de débito,16852.1,1,0,7.0,,0,16852.1
PED-12775,2025-02-01,1231,53.0,Hogar,Web,CABA,Tarjeta de débito,61182.2,2,0,,,0,122364.4
PED-13984,2024-12-31,1538,48.0,electrónica,App, GBA ,,168473.94,1,10,8.0,5.0,0,151626.55
PED-10240,2025-04-25,2473,28.0,Electrónica,app,CABA,Transferencia,194681.71,3,0,4.0,3.0,0,584045.13
PED-14711,2024-03-15,1887,33.0,Belleza,Marketplace,GBA,Tarjeta de débito,3824.61,1,10,3.0,4.0,0,3442.15
PED-10719,2025-01-26,1145,43.0,Belleza,web,caba,Tarjeta de crédito,10674.67,2,0,3.0,5.0,0,21349.34
PED-12913,17/12/2024,1698,35.0,Indumentaria,Web,Santa Fe,EFECTIVO,22643.27,2,0,6.0,1.0,1,45286.54
PED-13927,2025-04-25,1135,36.0,Hogar,Web, GBA ,TARJETA DE CRÉDITO,30607.74,1,0,2.0,4.0,1,30607.74
PED-11421,2025-01-05,1376,,Electrónica,Web,CABA,Transferencia,134663.78,4,0,5.0,5.0,0,538655.12
PED-12859,2025-05-03,1338,39.0,Indumentaria,Marketplace,GBA,Efectivo,27490.63,1,0,4.0,5.0,1,27490.63
PED-14514,2024-04-26,1862,34.0,Belleza,Marketplace,CABA,,13524.51,2,0,5.0,3.0,0,27049.02
PED-13431,2024-10-18,1016,18.0,Electrónica,Web,Córdoba, Tarjeta de débito ,202315.46,1,0,3.0,1.0,0,202315.46
PED-11990,2024-08-11,2495,45.0,Hogar,Web,GBA,Tarjeta de débito,48141.98,1,0,3.0,4.0,0,48141.98
PED-10310,2024-09-25,2681,35.0,Belleza,web,Otras, MercadoPago ,15461.23,5,0,5.0,2.0,0,77306.15
PED-13031,2024-01-22,1378,50.0,INDUMENTARIA,App,CABA,Tarjeta de crédito,12703.91,1,0,4.0,4.0,0,12703.91
PED-13223,2024-06-24,1427,45.0,ELECTRÓNICA,App,Otras,Tarjeta de crédito,150178.51,1,0,5.0,4.0,0,150178.51
PED-13327,2024-07-31,2620,,Indumentaria,WEB, Otras ,tarjeta de crédito,37774.03,1,0,3.0,5.0,0,37774.03
PED-13054,05/04/2024,1770,18.0,Hogar,App,GBA,MercadoPago,48941.66,1,15,4.0,5.0,0,41600.41
PED-12067,2025-02-02,1812,26.0,Belleza,App,GBA,Tarjeta de crédito,20254.0,1,0,6.0,3.0,0,20254.0
PED-11160,2024-08-03,2670,40.0,DEPORTES,Web,CABA,Tarjeta de crédito,31190.09,1,0,6.0,5.0,0,31190.09
PED-12856,2024-08-03,1565,38.0,Indumentaria,Web,Santa Fe,Tarjeta de crédito,8431.31,1,15,2.0,3.0,0,7166.61
PED-10073,2024-02-10,1535,46.0,Indumentaria,App,caba,Transferencia,13026.82,1,20,3.0,1.0,0,10421.46
PED-11381,2025-02-13,2034,40.0,Electrónica,Web,CABA,MercadoPago,255762.95,2,0,4.0,4.0,0,511525.9
PED-10153,2024-08-07,2236,,Hogar,WEB,CABA,Tarjeta de crédito,40141.61,1,0,3.0,5.0,0,40141.61
PED-10957,2024-06-06,1962,58.0,Belleza,Web,Santa Fe,TARJETA DE DÉBITO,8419.2,1,0,8.0,5.0,0,8419.2
PED-11914,2025-01-12,1638,31.0,Deportes,Web,GBA,Tarjeta de crédito,63724.99,2,0,5.0,4.0,1,127449.98
PED-11791,2025-05-31,2591,24.0,Indumentaria,Web,GBA,tarjeta de crédito,29943.41,1,25,5.0,,0,22457.56
PED-14165,2024-01-21,2361,44.0,juguetes,WEB,mendoza,MercadoPago,12780.69,5,0,4.0,5.0,0,63903.45
PED-14039,2024-05-15,1117,41.0,Belleza,web,GBA,Efectivo,11950.77,1,0,3.0,3.0,0,11950.77
PED-13939,2025-06-13,2078,51.0,Indumentaria,Web,Otras,MercadoPago,9862.32,5,0,1.0,4.0,0,49311.6
PED-11822,03/06/2024,2526,45.0,Indumentaria,App,Córdoba,MercadoPago,24272.84,1,5,3.0,5.0,0,23059.2
PED-12533,2025-05-11,1712,40.0,Indumentaria,Web,Otras,MercadoPago,39786.8,2,25,8.0,5.0,0,59680.2
PED-10646,2024-10-29,1556,19.0,Hogar,App,Santa Fe,Efectivo,21364.33,1,0,9.0,3.0,0,21364.33
PED-11671,2024-03-13,1833,49.0,Electrónica,Web,Córdoba,TARJETA DE DÉBITO,69680.16,1,0,9.0,3.0,0,69680.16
PED-12737,2024-08-23,2452,,Hogar,Marketplace,caba,transferencia,39988.31,1,0,4.0,4.0,0,39988.31
PED-14546,04/03/2025,2386,38.0,Hogar,Marketplace, GBA ,MercadoPago,19107.24,2,5,2.0,5.0,0,36303.76
PED-11884,2024-01-17,1499,63.0,HOGAR, Web ,GBA,Tarjeta de crédito,23500.39,1,10,6.0,4.0,0,21150.35
PED-13314,2025-06-18,1258,62.0,Hogar,Web,CABA,,41253.65,1,15,2.0,3.0,0,35065.6
PED-10030,20/04/2025,2420,39.0,Deportes,web,Otras,Tarjeta de crédito,53044.31,1,0,3.0,1.0,0,53044.31
PED-10685,2024-04-20,2334,46.0,Electrónica,Marketplace,Córdoba,TARJETA DE CRÉDITO,184515.12,1,5,4.0,5.0,1,175289.36
PED-13898,2024-01-10,1219,37.0,indumentaria,Web,GBA,tarjeta de crédito,27128.51,1,0,4.0,4.0,0,27128.51
PED-10461,2024-06-30,1445,58.0,Electrónica,web,GBA,Transferencia,216987.17,1,10,6.0,4.0,0,195288.45
PED-14601,2025-03-02,2113,43.0,Indumentaria,App,caba,MercadoPago,22409.64,3,0,2.0,3.0,0,67228.92
PED-13731,2024-02-07,2515,33.0,Hogar,Marketplace,CABA,Tarjeta de débito,47942.09,1,5,8.0,3.0,0,45544.99
PED-14899,2024-01-27,1473,42.0,Deportes,Web,Córdoba,Tarjeta de débito,53674.26,1,0,4.0,3.0,0,53674.26
PED-14938,11/05/2024,1730,38.0,Hogar,App,Mendoza,Efectivo,58734.07,1,10,7.0,4.0,0,52860.66
PED-13990,2024-09-25,1218,68.0,electrónica,App, GBA ,Tarjeta de crédito,170967.62,5,0,5.0,5.0,0,854838.1
PED-13606,2025-02-07,2386,18.0,Electrónica,WEB,CABA,Transferencia,187943.14,2,25,3.0,5.0,0,281914.71
PED-13785,2025-04-25,1186,46.0,Electrónica,Marketplace,Córdoba,,158582.0,1,0,5.0,,0,158582.0
PED-11818,2024-03-03,1929,18.0,Indumentaria,web,,Efectivo,21971.26,1,0,6.0,,0,21971.26
PED-12003,2024-11-09,2087,50.0,BELLEZA,,GBA,Tarjeta de crédito,12813.89,1,10,3.0,3.0,0,11532.5
PED-14267,2024-03-13,1161,25.0,Indumentaria,Web,GBA,Efectivo,12939.81,1,0,9.0,4.0,0,12939.81
PED-14080,2025-06-17,2771,33.0,Hogar,Marketplace,gba,Tarjeta de crédito,48159.5,2,0,2.0,4.0,0,96319.0
PED-14205,2024-12-04,2798,44.0,Electrónica,Web,OTRAS,Tarjeta de débito,215402.79,1,0,5.0,5.0,0,215402.79
PED-11469,2024-07-22,1347,35.0, Hogar ,APP,GBA,Tarjeta de débito,32529.37,3,10,4.0,,0,87829.3
PED-11221,2024-12-21,2583,33.0,INDUMENTARIA,Marketplace,Otras,TRANSFERENCIA,25988.68,2,15,3.0,3.0,0,44180.76
PED-14018,2024-11-12,1193,32.0,Electrónica,App,GBA, Tarjeta de crédito ,190996.7,1,0,7.0,,0,190996.7
PED-13738,2025-03-14,1859,31.0,Deportes,Marketplace,CABA,Transferencia,35657.35,1,10,1.0,5.0,0,32091.62
PED-11803,2024-06-04,2518,48.0,Hogar, App ,Santa Fe,Efectivo,52874.85,1,15,9.0,5.0,1,44943.62
PED-13096,2024-12-01,1393,63.0,Electrónica,App,GBA,Tarjeta de débito,178857.83,2,0,3.0,5.0,0,357715.66
PED-14936,2025-05-17,2081,32.0,Indumentaria,web, GBA ,TARJETA DE CRÉDITO,24350.74,1,0,6.0,3.0,0,24350.74
PED-12691,2025-04-10,1838,46.0,Deportes,Web,Córdoba,MercadoPago,55205.23,1,10,4.0,4.0,0,49684.71
PED-10471,2025-04-20,2495,20.0,Belleza,Marketplace,Otras,TARJETA DE DÉBITO,12991.38,1,10,3.0,1.0,0,11692.24
PED-12436,2024-03-21,2345,,Belleza,App,Mendoza,MercadoPago,11692.33,1,0,6.0,4.0,0,11692.33
PED-14122,2024-09-14,1831,47.0,hogar,,santa fe,MercadoPago,26875.52,1,0,9.0,5.0,0,26875.52
PED-14585,2024-04-22,1477,40.0,Belleza,Web,Mendoza,MERCADOPAGO,5544.93,1,0,3.0,,0,5544.93
PED-11762,2024-10-15,2295,47.0,Electrónica,Marketplace,CABA,MercadoPago,154040.49,1,10,4.0,3.0,0,138636.44
PED-14850,2024-03-18,1229,20.0,HOGAR,App,caba,Tarjeta de crédito,62425.63,1,25,8.0,5.0,0,46819.22
PED-11966,2025-04-05,2230,70.0,electrónica,Web,CABA,Efectivo,85230.95,1,10,6.0,,0,76707.86
PED-14163,2025-03-11,2487,,belleza,web,caba,Tarjeta de débito,12098.65,1,0,4.0,,0,12098.65
PED-10072,2025-05-07,2232,54.0,Electrónica,APP,otras,tarjeta de crédito,200360.69,1,10,7.0,5.0,0,180324.62
PED-10002,2024-09-27,1788,43.0,Deportes,,GBA,Tarjeta de crédito,50089.17,3,5,4.0,5.0,0,142754.13
PED-11009,2024-03-09,1670,42.0,Indumentaria,Web,Córdoba,Tarjeta de crédito,20853.52,1,0,4.0,4.0,0,20853.52
PED-11037,2025-04-22,2161,67.0,Deportes,Web,GBA,Tarjeta de crédito,31696.62,1,0,2.0,4.0,0,31696.62
PED-11532,2024-01-01,2752,47.0,Hogar,App,CÓRDOBA,Transferencia,27094.28,2,0,2.0,4.0,0,54188.56
PED-11267,2024-03-19,1840,0.0,Electrónica,Web,santa fe,Tarjeta de débito,237209.69,2,15,6.0,,0,403256.47
PED-13755,2024-08-07,2602,31.0,electrónica,,santa fe,Tarjeta de débito,277444.58,2,10,6.0,2.0,0,499400.24
PED-12101,2024-07-23,2691,36.0,Deportes,Marketplace,GBA,Transferencia,44525.04,1,10,1.0,1.0,0,40072.54
PED-12179,2025-05-18,1676,46.0,DEPORTES,Marketplace,gba,Tarjeta de débito,39004.12,1,0,7.0,5.0,1,39004.12
PED-12816,2024-07-13,2354,47.0,Belleza,Web,Otras,Tarjeta de crédito,8773.39,5,0,5.0,5.0,1,43866.95
PED-13619,2024-07-02,2113,27.0,Deportes,Marketplace,CABA,Transferencia,40093.11,1,0,5.0,4.0,0,40093.11
PED-12740,2024-07-28,1715,18.0,Indumentaria,Web,GBA,Tarjeta de crédito,38414.22,3,15,8.0,,0,97956.26
PED-11713,2024-11-16,1735,42.0,Hogar,App,santa fe,Tarjeta de crédito,54656.68,1,0,7.0,3.0,0,54656.68
PED-11246,2024-07-14,1825,38.0, Indumentaria ,Marketplace,mendoza,Tarjeta de crédito,27270.44,2,0,2.0,1.0,0,54540.88
PED-10697,2025-03-12,1759,35.0,Belleza,Web,Santa Fe,MercadoPago,5165.14,1,10,7.0,5.0,0,4648.63
PED-11959,2025-04-07,2080,47.0,Electrónica,App,CABA,Tarjeta de débito,136686.0,1,0,5.0,1.0,0,136686.0
PED-10362,2025-01-14,2073,26.0,Juguetes,Web,CABA,Efectivo,10339.0,2,0,4.0,5.0,0,20678.0
PED-13693,2024-04-05,1495,43.0,Hogar,Marketplace,CABA,efectivo,50085.65,1,0,3.0,3.0,1,50085.65
PED-13333,2024-09-17,1116,49.0,Electrónica,,GBA, Tarjeta de débito ,176777.62,1,0,5.0,5.0,0,176777.62
PED-12903,2024-12-19,1194,43.0,Indumentaria,Marketplace, CABA ,MercadoPago,10981.81,1,0,6.0,5.0,0,10981.81
PED-12937,2025-03-13,1331,31.0,Hogar,Web,CABA,Tarjeta de crédito,45964.01,2,0,4.0,4.0,0,91928.02
PED-13304,2024-08-29,1000,18.0,Indumentaria,App,CABA,Tarjeta de crédito,37222.67,1,0,5.0,5.0,0,37222.67
PED-12030,2025-05-30,1144,24.0,Juguetes,Web,Mendoza,MercadoPago,16051.56,1,0,5.0,5.0,0,16051.56
PED-11667,2024-10-14,1746,22.0,HOGAR,App,Santa Fe,transferencia,52346.9,3,15,7.0,5.0,0,133484.6
PED-10354,2024-11-20,2296,52.0,Deportes,Web,GBA,Tarjeta de crédito,44477.56,1,5,4.0,5.0,0,42253.68
PED-14882,2024-01-03,1004,46.0,HOGAR,Web,CABA,Tarjeta de débito,36149.94,1,5,7.0,5.0,0,34342.44
PED-12361,2024-03-27,1493,,Electrónica,Marketplace,OTRAS, Efectivo ,194997.3,1,15,5.0,5.0,0,165747.7
PED-14545,2024-09-21,2537,41.0, Hogar , Web , Otras ,Tarjeta de crédito,48819.72,2,0,6.0,3.0,0,97639.44
PED-12834,2024-08-20,2712,53.0,Electrónica,Web,,Tarjeta de débito,306500.14,1,0,6.0,5.0,0,306500.14
PED-11125,2025-03-07,1752,41.0,Deportes,Marketplace,Mendoza,MercadoPago,36328.66,1,0,4.0,5.0,0,36328.66
PED-14266,2025-02-27,1090,24.0,Indumentaria,Web,GBA,Tarjeta de crédito,26361.01,2,15,3.0,5.0,0,44813.72
PED-13285,2024-04-01,2718,32.0,Deportes,App,GBA,Tarjeta de débito,36410.68,1,0,5.0,5.0,0,36410.68
PED-14021,2024-11-22,1658,37.0,Belleza,WEB,GBA,Transferencia,17873.81,1,0,5.0,5.0,0,17873.81
PED-14883,2025-01-06,2554,18.0,HOGAR,Marketplace,Córdoba,Tarjeta de crédito,62673.01,2,0,2.0,1.0,0,125346.02
PED-11724,2024-04-23,1235,55.0,hogar, Web ,CABA,TRANSFERENCIA,12051.63,1,0,7.0,5.0,0,12051.63
PED-14984,2024-07-07,1014,18.0,Electrónica,Web, CABA ,Tarjeta de crédito,71196.93,1,0,7.0,5.0,0,71196.93
PED-11657,2024-11-15,2474,18.0,Hogar,MARKETPLACE,CABA,Transferencia,32347.82,1,5,10.0,3.0,0,30730.43
PED-14517,2024-06-20,2414,45.0,Juguetes,web,mendoza,Tarjeta de crédito,17120.91,2,20,6.0,3.0,0,27393.46
PED-10571,2024-09-24,1066,32.0,Electrónica,WEB,CABA,Transferencia,90945.08,2,20,5.0,5.0,1,145512.13
PED-12442,2024-07-31,1427,33.0,DEPORTES,Web,GBA,Tarjeta de débito,61255.46,2,10,6.0,3.0,0,110259.83
PED-14015,2024-05-01,1910,, Indumentaria ,Marketplace,CABA,MercadoPago,41537.84,1,0,5.0,,0,41537.84
PED-13847,14/08/2024,2294,21.0,Belleza,App,Córdoba,Tarjeta de crédito,16083.4,1,0,5.0,4.0,0,16083.4
PED-14225,2024-11-01,1815,36.0,hogar,Web,caba,TARJETA DE CRÉDITO,42781.4,2,0,5.0,5.0,0,85562.8
PED-14758,2025-01-22,1056,53.0,HOGAR,App,OTRAS,Tarjeta de crédito,46897.69,1,10,5.0,,0,42207.92
PED-14289,2024-05-29,2482,43.0,Electrónica,Marketplace,CABA,Efectivo,165074.51,1,0,4.0,3.0,0,165074.51
PED-11345,2024-03-26,1784,0.0,Deportes,Marketplace,OTRAS,Tarjeta de crédito,37682.88,1,5,1.0,5.0,0,35798.74
PED-13591,2025-04-15,2245,27.0,Hogar,Web,Córdoba,Tarjeta de débito,43272.82,2,0,2.0,5.0,0,86545.64
PED-13370,2024-06-23,2675,41.0,Electrónica,Web,CABA,tarjeta de crédito,213676.51,1,0,5.0,4.0,1,213676.51
PED-14571,2025-03-26,2780,47.0,Juguetes,Marketplace,GBA,Tarjeta de crédito,5427.16,1,10,9.0,,0,4884.44
PED-10896,2024-06-23,1987,35.0,Deportes,Web, Otras ,Tarjeta de débito,24479.29,1,0,1.0,5.0,0,24479.29
PED-10188,2024-09-19,1104,58.0,Indumentaria,Web,Otras,Transferencia,22411.68,1,0,4.0,4.0,1,22411.68
PED-14400,2024-09-25,2600,31.0,Hogar,Web,CABA,Tarjeta de crédito,65101.96,1,0,1.0,4.0,0,65101.96
PED-10752,2024-05-16,2232,35.0,Hogar,App,gba,Transferencia,36527.38,5,0,7.0,4.0,0,182636.9
PED-10129,2025-01-19,2356,54.0,Indumentaria,App,GBA,MercadoPago,31110.9,1,0,5.0,,0,31110.9
PED-14459,2024-03-11,2156,28.0,Belleza,Marketplace,GBA,MercadoPago,12513.33,1,0,2.0,4.0,0,12513.33
PED-10595,2024-03-21,1132,,Electrónica,App,CABA,Tarjeta de crédito,1612562.8371803437,1,0,1.0,5.0,0,112106.34
PED-11546,2024-04-11,1997,36.0,Belleza,App,Mendoza,Transferencia,10620.08,1,10,4.0,,0,9558.07
PED-13709,2025-05-04,1145,44.0,Belleza,Marketplace, GBA ,Transferencia,20124.0,4,5,5.0,5.0,0,76471.2
PED-12578,2025-02-02,2661,51.0,Deportes,Marketplace,Otras,Tarjeta de débito,72686.97,5,0,5.0,5.0,0,363434.85
PED-14223,2024-11-22,1001,46.0,JUGUETES,Marketplace,Córdoba,Tarjeta de débito,12988.51,1,0,4.0,4.0,0,12988.51
PED-11517,2025-05-31,2486,43.0,Indumentaria,App,GBA,tarjeta de crédito,18609.02,3,15,1.0,5.0,0,47453.0
PED-12833,2024-10-04,2063,20.0,Juguetes,Web,CABA, MercadoPago ,15085.26,1,0,3.0,3.0,1,15085.26
PED-13132,2024-02-02,1864,37.0,Hogar,Web,Mendoza,Efectivo,28925.52,3,0,5.0,,0,86776.56
PED-10211,2024-04-21,1687,18.0,juguetes,Marketplace,CABA,,10574.75,2,0,7.0,5.0,0,21149.5
PED-12168,2025-03-22,2405,28.0,Belleza,,GBA, MercadoPago ,13829.41,1,15,9.0,1.0,0,11755.0
PED-10005,2024-01-21,2120,29.0,Deportes,WEB,Otras,Tarjeta de crédito,48783.62,1,0,,4.0,1,48783.62
PED-10520,2024-05-24,2285,59.0,Hogar,Marketplace,Córdoba,TARJETA DE CRÉDITO,25073.18,1,5,9.0,4.0,0,23819.52
PED-10577,2024-07-25,2639,33.0, Electrónica ,Marketplace,Otras,Efectivo,278024.53,1,0,3.0,4.0,0,278024.53
PED-11014,2024-08-31,2284,36.0,INDUMENTARIA,App,,TARJETA DE DÉBITO,44613.01,1,0,,5.0,0,44613.01
PED-12886,2024-02-19,1782,63.0,Electrónica,App,caba,tarjeta de crédito,42264.46,1,10,3.0,,1,38038.01
PED-10425,2024-07-04,2100,30.0,Belleza,Web,,Tarjeta de crédito,14523.08,1,25,10.0,5.0,0,10892.31
PED-13617,2024-06-14,1941,42.0,Juguetes,App,Santa Fe,Tarjeta de crédito,14633.01,1,5,2.0,5.0,0,13901.36
PED-10607,2024-02-12,2565,45.0,Deportes,Web,Santa Fe,Transferencia,23346.9,3,0,5.0,5.0,0,70040.7
PED-12181,2024-01-08,2091,47.0,Belleza, Web ,CABA,Tarjeta de crédito,8775.54,2,0,5.0,4.0,0,17551.08
PED-14421,2025-06-24,2281,19.0,indumentaria,web,Mendoza,tarjeta de débito,35764.07,1,0,6.0,5.0,0,35764.07
PED-14239,2024-01-12,1083,51.0,Electrónica,App,OTRAS,Tarjeta de débito,186050.72,1,5,6.0,5.0,0,176748.18
PED-14210,2024-05-09,1070,22.0,JUGUETES,Web,GBA,,15866.3,2,0,5.0,4.0,0,31732.6
PED-13024,2024-07-03,2565,43.0,Juguetes,web,Otras,,20053.75,2,0,6.0,,0,40107.5
PED-14996,2024-03-08,2119,45.0,Hogar,Web,CABA,tarjeta de débito,34567.16,1,10,3.0,5.0,0,31110.44
PED-11424,2024-09-24,1983,24.0,Hogar,Marketplace,GBA,Tarjeta de débito,63799.56,1,0,7.0,5.0,0,63799.56
PED-12256,2024-06-04,2657,37.0,Indumentaria,Web,Córdoba,Transferencia,18338.98,1,0,6.0,1.0,0,18338.98
PED-10654,2024-12-30,2391,30.0,Hogar,Marketplace,GBA,MercadoPago,27974.46,2,0,1.0,5.0,0,55948.92
PED-14771,2024-03-07,2694,50.0,Belleza,web,CABA, Tarjeta de crédito ,5229.04,1,0,5.0,4.0,0,5229.04
PED-14388,2024-08-19,1380,29.0,Belleza,App,Córdoba,Transferencia,21158.68,1,0,6.0,5.0,1,21158.68
PED-13444,2024-02-28,1084,19.0,Electrónica,Web,SANTA FE,Tarjeta de crédito,123097.05,1,0,,1.0,0,123097.05
PED-14285,2024-10-06,2617,48.0,Electrónica,Web,GBA,MercadoPago,151727.65,1,0,11.0,5.0,0,151727.65
PED-14613,2024-06-03,1730,41.0,Electrónica,Web,otras,MercadoPago,175799.89,1,25,,3.0,0,131849.92
PED-10503,07/01/2025,2136,19.0,Indumentaria,Marketplace,CABA,MercadoPago,22282.9,1,15,5.0,2.0,0,18940.46
PED-12919,2024-03-26,2639,46.0,deportes,Web,GBA,Transferencia,46887.86,1,0,5.0,5.0,1,46887.86
PED-13450,2024-08-22,1225,36.0,Electrónica,Web,CABA, Tarjeta de débito ,121891.81,1,0,9.0,4.0,0,121891.81
PED-13699,2025-02-27,1895,47.0,Deportes,Web,CÓRDOBA,Transferencia,33858.11,1,10,7.0,4.0,0,30472.3
PED-10087,2025-01-13,1228,38.0,Juguetes,App,GBA,Tarjeta de crédito,21525.3,1,0,4.0,4.0,0,21525.3
PED-10893,19/01/2024,1125,27.0,Belleza,App,Otras, MercadoPago ,11223.87,1,0,5.0,4.0,0,11223.87
PED-12326,2024-10-30,1630,39.0,DEPORTES,App,CABA,Tarjeta de crédito,38916.65,1,0,8.0,3.0,0,38916.65
PED-14096,09/03/2024,1385,18.0,Deportes,web,Santa Fe,Tarjeta de débito,31046.86,1,0,8.0,,0,31046.86
PED-14597,2025-01-02,1839,34.0,Juguetes, Web ,GBA,mercadopago,12859.44,1,5,7.0,4.0,1,12216.47
PED-11134,2024-10-28,1173,24.0,Indumentaria,App,CABA,Transferencia,34914.76,2,0,6.0,1.0,0,69829.52
PED-14338,2024-02-23,1945,33.0,Indumentaria,Web,GBA,Efectivo,28056.77,1,5,8.0,5.0,1,26653.93
PED-11720,2025-04-04,2178,41.0,indumentaria, App ,Otras,Tarjeta de débito,24467.4,2,0,5.0,1.0,0,48934.8
PED-12440,2024-11-06,1458,46.0,Electrónica,Web,GBA,Tarjeta de débito,298713.8,1,5,5.0,,0,283778.11
PED-10004,2024-03-12,2363,18.0, Hogar ,Web,SANTA FE,Tarjeta de crédito,31577.82,1,0,,4.0,0,31577.82
PED-14108,2024-11-09,1459,46.0,Juguetes,App,GBA,Tarjeta de crédito,4880.48,2,0,2.0,4.0,0,9760.96
PED-10720,2024-01-26,2725,51.0,BELLEZA,Web,CABA,Transferencia,10793.41,1,0,5.0,5.0,0,10793.41
PED-14774,2024-12-31,1857,36.0,Electrónica,WEB,CABA,Tarjeta de débito,222426.48,3,0,4.0,2.0,0,667279.44
PED-10333,2024-03-26,2383,58.0,Belleza,app,CÓRDOBA,Tarjeta de débito,13316.16,2,10,8.0,,0,23969.09
PED-11151,2024-02-23,2794,26.0,Juguetes,App,Otras,Tarjeta de crédito,12203.02,1,25,7.0,5.0,0,9152.26
PED-10367,2024-06-16,1114,46.0,JUGUETES,App,Otras,Tarjeta de débito,15663.91,3,0,1.0,2.0,1,46991.73
PED-10118,2024-08-30,1057,40.0, Indumentaria ,Web,Otras,Transferencia,32237.26,1,0,5.0,5.0,0,32237.26
PED-11642,2024-05-25,2203,25.0,Indumentaria,Marketplace,GBA,MercadoPago,11947.44,2,20,,,0,19115.9
PED-11455,2024-10-29,2551,40.0,Indumentaria,Marketplace,CABA, Transferencia ,25366.67,2,0,6.0,5.0,0,50733.34
PED-13922,2025-01-12,2189,31.0,electrónica,Web,Mendoza,Tarjeta de crédito,50340.61,5,20,7.0,2.0,0,201362.44
PED-10301,2024-02-23,1068,48.0,Indumentaria,web,CABA,Transferencia,26844.63,1,0,5.0,5.0,0,26844.63
PED-11558,2024-03-16,1764,42.0,electrónica,Web, Otras ,Transferencia,194887.11,1,0,10.0,5.0,1,194887.11
PED-14852,2024-07-02,2072,55.0,Indumentaria,app,GBA, Tarjeta de débito ,26406.53,2,0,7.0,3.0,0,52813.06
PED-14146,2024-03-03,1706,51.0,Deportes,Marketplace,,Tarjeta de crédito,29037.7,1,5,5.0,4.0,0,27585.82
PED-10326,2024-09-28,1535,33.0,Indumentaria,Web,Santa Fe, Transferencia ,22810.43,1,10,1.0,5.0,0,20529.39
PED-12649,2025-03-25,1701,35.0,Belleza,App,Mendoza,MercadoPago,5154.37,1,5,3.0,4.0,0,4896.65
PED-12925,2024-06-04,2036,36.0,Belleza,Marketplace,CABA,Transferencia,11492.77,2,0,1.0,4.0,0,22985.54
PED-14153,16/03/2024,2396,38.0,Indumentaria,app,,Tarjeta de crédito,21742.05,1,15,3.0,4.0,0,18480.74
PED-11899,15/12/2024,2684,56.0,Electrónica,app,Otras,MERCADOPAGO,287163.78,1,5,6.0,5.0,0,272805.59
PED-12674,2025-03-21,2697,43.0,Deportes,App,Mendoza,MercadoPago,5446.3,1,10,1.0,5.0,0,4901.67
PED-12982,2025-05-19,1475,38.0,Indumentaria,, Mendoza ,Tarjeta de crédito,37966.77,1,0,1.0,5.0,1,37966.77
PED-11840,2024-06-21,2674,18.0,Belleza,Marketplace,Otras,Tarjeta de débito,12899.7,1,0,5.0,5.0,0,12899.7
PED-12844,2025-05-21,1329,34.0,Indumentaria,marketplace,CABA, Tarjeta de débito ,30147.34,1,10,6.0,4.0,0,27132.61
PED-12295,2024-11-22,1544,45.0,Juguetes,App,CABA,Tarjeta de débito,18978.63,1,25,5.0,,0,14233.97
PED-11936,2025-03-10,1881,38.0,HOGAR,Web,CABA,TARJETA DE CRÉDITO,35649.23,3,0,6.0,5.0,0,106947.69
PED-14810,2024-05-23,2667,22.0,Deportes,Marketplace,GBA,tarjeta de crédito,54439.33,1,0,1.0,1.0,0,54439.33
PED-10045,2024-04-01,1508,36.0,Deportes,App,GBA,Tarjeta de crédito,39986.44,1,0,7.0,4.0,0,39986.44
PED-10173,2024-07-05,1939,28.0,Belleza,Web,GBA,mercadopago,8436.65,1,0,2.0,5.0,0,8436.65
PED-13076,2024-07-01,2591,30.0,Hogar,Marketplace,CABA,TARJETA DE DÉBITO,53478.25,2,0,7.0,5.0,0,106956.5
PED-13851,2024-04-24,2443,35.0,Indumentaria, Web ,CÓRDOBA,MercadoPago,23519.88,1,0,8.0,1.0,0,23519.88
PED-14875,2025-04-28,2260,35.0,Electrónica,app,CABA,Efectivo,310304.73,3,5,7.0,5.0,0,884368.48
PED-14491,2024-03-30,1106,41.0,Indumentaria,Web,Córdoba,Tarjeta de crédito,29178.03,1,0,5.0,5.0,0,29178.03
PED-13877,2024-09-08,1677,,BELLEZA,Web,Córdoba,Tarjeta de débito,18437.48,2,0,8.0,4.0,0,36874.96
PED-12698,2024-06-02,1189,28.0,HOGAR,MARKETPLACE,CABA,Transferencia,52805.54,3,0,,,0,158416.62
PED-14061,2024-01-06,2570,50.0,Hogar,App,caba,Transferencia,31982.57,1,0,2.0,4.0,0,31982.57
PED-14047,2024-05-04,1113,43.0,Hogar,WEB,GBA,Tarjeta de crédito,39738.96,3,0,11.0,3.0,0,119216.88
PED-11814,2025-02-23,2688,40.0,Belleza,App,Otras,Tarjeta de crédito,8803.79,3,0,4.0,5.0,0,26411.37
PED-12257,2024-02-16,2577,43.0,deportes,web,GBA,Tarjeta de crédito,23169.48,2,25,1.0,3.0,0,34754.22
PED-13234,2025-01-13,2757,30.0,Hogar,Marketplace,GBA,mercadopago,61421.71,2,0,2.0,5.0,0,122843.42
PED-13401,2025-06-20,2062,40.0,Deportes,App,CABA,MercadoPago,13990.98,1,0,4.0,,0,13990.98
PED-13925,2025-04-13,1060,45.0,Indumentaria,WEB,CABA,Tarjeta de crédito,18130.51,2,0,8.0,1.0,1,36261.02
PED-13763,2024-03-12,1120,45.0,Deportes,Marketplace,Santa Fe,Efectivo,15194.76,1,25,4.0,4.0,1,11396.07
PED-11531,2024-12-10,1935,48.0,Belleza,Web,Otras,Tarjeta de crédito,12593.3,1,0,6.0,3.0,0,12593.3
PED-13765,2024-01-06,2287,28.0,Electrónica, App ,Otras,Tarjeta de crédito,230077.64,2,0,6.0,,0,460155.28
PED-14345,2024-05-08,1506,26.0,HOGAR,,CABA,EFECTIVO,43608.09,3,0,8.0,,0,130824.27
PED-14869,2025-04-08,2538,45.0,Hogar,web,Otras,Tarjeta de crédito,56994.47,1,0,4.0,5.0,0,56994.47
PED-13638,2024-03-28,2606,18.0,HOGAR,App,GBA,Tarjeta de crédito,55870.69,1,0,3.0,,0,55870.69
PED-11334,11/01/2024,2037,40.0,Hogar,Web,Mendoza,Tarjeta de crédito,25988.62,1,0,5.0,4.0,0,25988.62
PED-10015,2024-11-04,2357,24.0,Electrónica,App,GBA,Transferencia,248902.95,1,0,11.0,3.0,0,248902.95
PED-10916,2024-11-23,2240,38.0,electrónica,Marketplace,Santa Fe,Tarjeta de crédito,212475.2,1,0,8.0,4.0,0,212475.2
PED-12838,2024-07-17,1194,54.0, Hogar ,Web,Otras,MercadoPago,44272.95,2,0,2.0,4.0,0,88545.9
PED-14733,2025-05-13,2719,43.0,Electrónica,web,GBA,Transferencia,61875.83,1,10,3.0,5.0,0,55688.25
PED-10540,2024-08-04,2374,30.0,HOGAR,App,GBA,Efectivo,72580.39,1,0,10.0,5.0,0,72580.39
PED-10932,2024-06-30,1669,42.0,Hogar,Web,GBA,Transferencia,44639.92,2,0,1.0,5.0,0,89279.84
PED-11494,2024-09-07,1323,61.0,Belleza,App,Córdoba,Tarjeta de crédito,8625.96,5,0,4.0,5.0,0,43129.8
PED-14093,2024-03-23,1708,22.0,Hogar,web,Mendoza,Tarjeta de crédito,42809.39,1,0,2.0,5.0,0,42809.39
PED-12402,2024-08-27,1925,32.0,electrónica,App,Otras,transferencia,132003.23,1,0,4.0,5.0,0,132003.23
PED-12124,05/01/2025,1072,54.0,Hogar,App,Córdoba,Transferencia,48916.37,5,0,6.0,5.0,0,244581.85
PED-13453,2024-12-13,1748,44.0,Indumentaria,Web,Córdoba,Tarjeta de crédito,19937.94,1,20,3.0,3.0,0,15950.35
PED-12451,2025-03-13,1174,42.0,Deportes,App,CABA, Transferencia ,48586.59,2,0,2.0,2.0,0,97173.18
PED-13692,2024-10-28,2476,46.0,Hogar,Marketplace,Santa Fe,tarjeta de débito,37935.32,1,0,6.0,,1,37935.32
PED-13344,2025-05-09,1432,51.0,Indumentaria,MARKETPLACE,Otras,Tarjeta de débito,21506.01,1,15,9.0,,0,18280.11
PED-11766,2024-12-01,2689,44.0, Electrónica ,app,MENDOZA,Transferencia,166382.44,1,0,10.0,2.0,0,166382.44
PED-13662,2024-02-19,1792,28.0, Electrónica ,App,caba,MercadoPago,189001.7,2,5,3.0,5.0,0,359103.23
PED-14834,2025-06-01,1015,37.0,Deportes,Marketplace,otras,Efectivo,35079.03,1,0,8.0,5.0,0,35079.03
PED-14316,2025-05-09,1946,21.0,Belleza,App,GBA,,9469.54,2,0,4.0,,0,18939.08
PED-10741,2024-06-16,2603,49.0,Deportes,Web,CABA,Tarjeta de crédito,24900.22,2,0,9.0,2.0,0,49800.44
PED-12804,2025-04-28,1718,,Juguetes,Web,otras,MercadoPago,14606.78,2,0,6.0,,0,29213.56
PED-12907,2024-09-03,1496,50.0,ELECTRÓNICA,App,CABA,MercadoPago,86487.71,1,0,5.0,4.0,0,86487.71
PED-13482,2025-04-14,1676,30.0,Belleza,App,CABA,Tarjeta de débito,6827.97,1,0,4.0,5.0,0,6827.97
PED-13292,2024-08-01,1476,53.0,Belleza,app,OTRAS,Tarjeta de débito,8077.44,2,0,6.0,5.0,0,16154.88
PED-13022,2025-02-14,2675,70.0,Hogar,web,Mendoza,mercadopago,25376.46,1,15,6.0,4.0,0,21569.99
PED-13216,2024-06-12,2324,75.0,Deportes,Web,CABA,tarjeta de débito,28182.53,1,15,4.0,4.0,0,23955.15
PED-12716,15/04/2025,2212,18.0,Electrónica,App, Santa Fe ,Tarjeta de crédito,213500.48,2,20,5.0,,0,341600.77
PED-11456,2024-10-13,1117,32.0,electrónica,Web,CABA,TARJETA DE CRÉDITO,207115.73,1,0,1.0,4.0,0,207115.73
PED-11297,2024-06-11,2077,44.0,Electrónica,Web,otras,Tarjeta de crédito,189217.28,1,0,4.0,4.0,0,189217.28
PED-11987,2025-03-24,2738,47.0,Deportes,APP,Otras,TARJETA DE DÉBITO,23770.21,1,0,6.0,3.0,0,23770.21
PED-13929,2024-05-22,1287,18.0,Belleza,marketplace,CABA, Tarjeta de débito ,8979.38,1,0,2.0,3.0,0,8979.38
PED-13347,2024-09-03,2739,27.0,belleza,Marketplace, Córdoba ,Tarjeta de crédito,15956.08,1,0,6.0,2.0,0,15956.08
PED-12680,2024-01-14,1442,54.0,Electrónica,Web,Córdoba,MercadoPago,179761.65,1,0,5.0,3.0,0,179761.65
PED-11370,2024-11-13,2429,55.0,Hogar,web,Santa Fe,Tarjeta de crédito,77854.58,1,5,5.0,4.0,0,73961.85
PED-12891,2024-03-30,1952,36.0,Belleza,WEB,CABA,MercadoPago,3643.07,1,5,1.0,5.0,0,3460.92
PED-11986,2025-05-29,2464,40.0,Deportes,App, GBA ,Transferencia,42363.24,3,0,3.0,5.0,1,127089.72
PED-11760,2025-06-20,2137,44.0,Deportes,Marketplace,CABA,Tarjeta de débito,42336.08,3,0,4.0,5.0,0,127008.24
PED-13821,13/02/2024,2535,18.0,belleza,Web,Córdoba,Tarjeta de crédito,16205.59,1,0,1.0,5.0,0,16205.59
PED-14678,2024-06-06,2189,21.0,Juguetes,Marketplace, GBA ,Tarjeta de crédito,20299.39,1,0,,3.0,0,20299.39
PED-11602,15/04/2024,2012,24.0,Deportes,Web,Córdoba,Efectivo,22816.06,1,0,7.0,1.0,0,22816.06
PED-14606,2024-11-10,2729,18.0,HOGAR,App,CABA,Efectivo,57909.48,5,0,7.0,3.0,0,289547.4
PED-13673,2024-02-29,2532,61.0,HOGAR,App,CABA,Efectivo,43305.1,2,10,3.0,,0,77949.18
PED-14490,2025-06-13,2300,18.0,Belleza,Web,Santa Fe,Tarjeta de crédito,9069.42,1,0,2.0,5.0,0,9069.42
PED-13217,2024-03-23,2135,38.0,BELLEZA,Web,gba,Tarjeta de crédito,15754.91,2,0,3.0,4.0,0,31509.82
PED-13121,2024-01-12,2551,32.0,Belleza,Web,Santa Fe,Tarjeta de crédito,9680.45,1,20,2.0,,0,7744.36
PED-10943,2025-06-06,1278,36.0,Indumentaria,Web,Córdoba,MercadoPago,26625.02,1,10,3.0,5.0,1,23962.52
PED-10638,2024-12-15,1201,27.0,Indumentaria,Marketplace,CABA,Efectivo,32569.38,2,0,4.0,4.0,0,65138.76
PED-10437,2025-06-02,1755,21.0, Belleza ,Web,GBA,Transferencia,2131.58,1,0,4.0,2.0,0,2131.58
PED-13183,2024-04-17,1479,42.0,Indumentaria,App,Mendoza,Tarjeta de crédito,15367.24,1,0,3.0,4.0,1,15367.24
PED-14017,2024-02-13,1555,0.0,Indumentaria,Web,Santa Fe,Tarjeta de crédito,19207.95,2,0,5.0,4.0,0,38415.9
PED-14723,2025-03-04,1709,36.0,Indumentaria,marketplace,CABA,tarjeta de débito,37360.48,1,0,4.0,5.0,0,37360.48
PED-14178,2024-02-03,2625,36.0,Deportes,Web,GBA,MercadoPago,47887.23,1,0,6.0,2.0,0,47887.23
PED-12911,2024-01-08,1434,38.0,juguetes,Web,caba,MERCADOPAGO,13440.93,1,0,1.0,5.0,0,13440.93
PED-12365,2024-10-09,1847,18.0,Indumentaria,App,Otras,Tarjeta de crédito,17010.33,2,0,4.0,4.0,0,34020.66
PED-12854,18/02/2024,2653,36.0,Belleza,App,CABA,Efectivo,15437.65,3,25,3.0,5.0,0,34734.71
PED-10027,2025-04-19,1342,0.0, Electrónica ,App,GBA,Transferencia,166607.55,1,0,7.0,5.0,0,166607.55
PED-10296,2024-05-04,2067,36.0,Hogar,App,Santa Fe,Tarjeta de crédito,2399.56,1,0,1.0,5.0,0,2399.56
PED-14911,2024-08-23,2088,29.0,Belleza,App, CABA ,Tarjeta de crédito,18978.88,1,0,5.0,4.0,0,18978.88
PED-12946,2024-04-25,2721,28.0,Belleza,App,,Efectivo,12780.41,4,5,7.0,,0,48565.56
PED-12024,2024-02-07,1223,,Deportes,Web,GBA,Tarjeta de crédito,45390.42,1,0,1.0,2.0,0,45390.42
PED-11000,2024-01-11,1122,65.0,Juguetes,Web,GBA,mercadopago,11963.47,1,0,6.0,1.0,0,11963.47
PED-12303,2025-04-09,1727,25.0,hogar,web,GBA,MercadoPago,30823.62,1,25,3.0,5.0,0,0.0
PED-14780,2024-10-24,1977,18.0,Juguetes,App,GBA,Tarjeta de débito,1546.46,1,0,3.0,3.0,0,1546.46
PED-11191,2024-08-11,1546,45.0,Deportes,Web,otras,Tarjeta de débito,26412.41,1,15,8.0,,0,22450.55
PED-12607,2024-06-11,1003,49.0,Deportes,Web,CABA,MercadoPago,39848.22,1,0,2.0,,0,39848.22
PED-10440,2024-06-18,1292,50.0,Electrónica,Web,Córdoba,,253357.94,4,0,5.0,5.0,0,1013431.76
PED-12235,2024-08-13,2309,26.0,hogar,app,GBA,Tarjeta de crédito,41613.07,2,0,1.0,,0,83226.14
PED-13838,2025-05-20,1687,27.0,INDUMENTARIA,Marketplace, CABA ,Tarjeta de débito,23730.73,1,0,5.0,,0,23730.73
PED-11209,2024-12-21,2031,66.0,Deportes,Web,Santa Fe,Tarjeta de crédito,43900.1,3,0,1.0,5.0,0,131700.3
PED-10053,2025-01-22,2380,37.0,Juguetes,Marketplace,caba,Tarjeta de débito,9170.26,1,0,4.0,5.0,0,9170.26
PED-13647,20/09/2024,2228,46.0,Deportes,App,GBA,Tarjeta de crédito,17703.75,2,0,7.0,5.0,0,35407.5
PED-10403,2024-06-25,2126,28.0, Hogar ,Web,gba,Efectivo,58417.42,1,10,7.0,4.0,0,52575.68
PED-13733,2025-03-19,1155,18.0,Indumentaria,App,GBA, Tarjeta de crédito ,41672.6,1,0,7.0,5.0,0,41672.6
PED-11368,13/11/2024,1985,45.0,Electrónica,MARKETPLACE,GBA,Tarjeta de débito,208644.38,1,0,3.0,4.0,0,208644.38
PED-10668,2024-09-29,2331,45.0,Indumentaria,Web,Córdoba,MercadoPago,27205.03,1,15,7.0,5.0,0,23124.28
PED-11085,2024-12-29,2071,20.0,Indumentaria,App,GBA,tarjeta de crédito,19853.66,1,0,3.0,4.0,0,19853.66
PED-13118,2025-04-08,2006,18.0,Indumentaria,Web,Otras,Tarjeta de crédito,30682.62,1,15,3.0,5.0,0,26080.23
PED-11074,2025-03-18,1356,46.0, Indumentaria ,marketplace,Otras,Tarjeta de débito,22815.91,2,0,4.0,5.0,1,45631.82
PED-13090,2024-11-10,2166,34.0,DEPORTES,WEB,mendoza,Tarjeta de débito,40613.54,1,0,5.0,3.0,0,40613.54
PED-10345,2024-10-15,1869,35.0,Indumentaria,Web,Otras,MercadoPago,10541.39,1,25,6.0,4.0,0,7906.04
PED-12144,2024-04-21,1141,18.0,belleza, Marketplace ,CABA,Tarjeta de débito,4718.26,2,0,6.0,,0,9436.52
PED-12033,2025-05-29,1732,43.0,Belleza,Web,Santa Fe,TARJETA DE CRÉDITO,11823.63,1,0,1.0,5.0,0,11823.63
PED-10182,2025-05-03,2388,52.0,Hogar,Web,CABA,Transferencia,31301.0,2,5,6.0,5.0,0,59471.9
PED-14355,2024-07-30,1954,56.0,Indumentaria,App,OTRAS,Efectivo,31298.93,1,0,7.0,5.0,0,31298.93
PED-13654,2024-03-04,2307,49.0,Electrónica,App, CABA ,Efectivo,64241.72,1,5,3.0,4.0,0,61029.63
PED-10851,2024-04-26,1325,38.0,HOGAR,App,CABA,Transferencia,44088.61,1,0,5.0,3.0,0,44088.61
PED-13491,2024-08-24,1277,50.0,deportes,web,CABA,Tarjeta de crédito,47819.88,1,0,5.0,1.0,0,47819.88
PED-11047,2024-08-03,1338,18.0,Belleza,Web,córdoba,Tarjeta de crédito,8857.26,1,0,3.0,5.0,0,8857.26
PED-14570,23/06/2024,2409,38.0,Hogar,WEB,CABA,Tarjeta de crédito,37275.4,1,0,4.0,4.0,0,37275.4
PED-10174,2024-11-21,1825,34.0, Belleza ,App,GBA,Tarjeta de crédito,13241.76,2,0,5.0,5.0,0,26483.52
PED-13531,2025-05-18,1701,18.0,HOGAR,web,CABA,Tarjeta de crédito,49566.17,2,15,9.0,4.0,0,84262.49
PED-11912,2024-06-17,1387,58.0,deportes,App,Córdoba,Tarjeta de crédito,34580.86,1,0,3.0,2.0,1,34580.86
PED-14480,2024-10-30,2319,34.0,Belleza,Web,CABA,tarjeta de crédito,13361.01,2,0,1.0,4.0,0,26722.02
PED-14172,2024-06-12,2392,,INDUMENTARIA,Marketplace,Santa Fe,Tarjeta de débito,22881.04,1,0,5.0,5.0,0,22881.04
PED-13126,2025-02-04,2498,51.0,Electrónica,Web,Santa Fe,TRANSFERENCIA,250320.58,1,5,6.0,4.0,0,237804.55
PED-13484,2024-09-25,2315,62.0,INDUMENTARIA, App ,mendoza,EFECTIVO,21642.27,1,0,7.0,5.0,0,21642.27
PED-14395,2024-12-24,1315,,ELECTRÓNICA,Marketplace,caba,Tarjeta de débito,74157.65,1,5,1.0,5.0,0,70449.77
PED-14264,2024-11-17,1699,48.0,Belleza,App,CABA, Tarjeta de débito ,12961.78,4,0,5.0,5.0,0,51847.12
PED-13233,2024-09-27,2200,54.0, Juguetes ,App,GBA, MercadoPago ,17218.98,1,0,,4.0,0,17218.98
PED-11299,2024-09-27,1797,34.0,Electrónica,App,Santa Fe,MercadoPago,172242.75,1,0,5.0,,0,172242.75
PED-14322,2024-10-13,2292,35.0, Belleza ,App,Otras,Tarjeta de débito,10512.94,2,0,7.0,2.0,0,21025.88
PED-13841,2025-01-24,1377,33.0,Hogar,App,Otras,MercadoPago,44367.96,1,0,2.0,5.0,0,44367.96
PED-14526,2025-06-06,1362,32.0,Deportes,APP,GBA,MERCADOPAGO,22038.47,1,0,7.0,,0,22038.47
PED-11629,2024-01-26,1633,47.0,Electrónica,Web,Santa Fe,Efectivo,119299.56,1,0,6.0,,0,119299.56
PED-13127,2024-04-06,1730,33.0,BELLEZA,App,GBA,Tarjeta de débito,15117.01,1,0,,4.0,0,15117.01
PED-12764,2024-08-22,1637,,electrónica,APP,,Tarjeta de débito,126415.8,2,15,4.0,4.0,0,214906.86
PED-11051,2025-01-08,2623,19.0,Hogar,APP,GBA,Tarjeta de crédito,26328.05,2,25,4.0,5.0,0,39492.07
PED-12861,05/01/2024,1590,25.0,Hogar,Web,GBA,Tarjeta de crédito,43198.94,1,0,5.0,4.0,0,43198.94
PED-12812,2025-03-31,1242,33.0,Hogar,App,Santa Fe,Efectivo,26069.37,3,0,4.0,3.0,0,78208.11
PED-10319,2025-01-27,2479,57.0,Deportes, Web ,Santa Fe,Tarjeta de débito,51707.78,2,5,7.0,3.0,0,98244.78
PED-11453,2025-04-04,2611,63.0,Hogar,Marketplace,córdoba,Tarjeta de débito,78332.23,1,10,5.0,4.0,0,70499.01
PED-14419,2025-06-21,2408,33.0, Hogar ,web,Córdoba,Tarjeta de crédito,50249.99,1,0,6.0,3.0,0,50249.99
PED-10904,2025-04-02,1746,45.0,Electrónica,Web,CABA,Tarjeta de débito,285582.88,2,15,4.0,1.0,1,485490.9
PED-12449,20/10/2024,1690,21.0,Hogar,web,CABA,Transferencia,58623.47,1,0,4.0,2.0,0,58623.47
PED-10421,2024-05-23,1784,22.0,Deportes,Web,Córdoba,MercadoPago,34433.75,1,0,7.0,4.0,0,34433.75
PED-14476,2024-01-31,1011,44.0,Hogar,Web,córdoba,Transferencia,37734.38,1,0,5.0,5.0,0,37734.38
PED-13148,2024-05-07,1859,44.0,Electrónica,APP,Córdoba,Tarjeta de débito,133885.44,1,5,3.0,4.0,0,127191.17
PED-12163,2024-07-31,1257,, Indumentaria ,app,Córdoba,Tarjeta de débito,23419.84,4,0,5.0,5.0,1,93679.36
PED-10051,2024-07-24,2158,30.0,Hogar,Web,CABA,Tarjeta de crédito,40404.8,2,0,3.0,5.0,0,80809.6
PED-13615,2025-06-15,1965,33.0,Indumentaria,Web,GBA,Tarjeta de débito,28899.53,1,0,10.0,5.0,0,28899.53
PED-10071,2025-01-14,1664,50.0,Deportes,Web,Mendoza,Transferencia,62596.52,2,5,2.0,2.0,0,118933.39
PED-13050,2025-05-03,2619,28.0,Juguetes,web,Otras,Tarjeta de crédito,17885.25,1,0,2.0,5.0,0,17885.25
PED-12606,2024-10-29,2558,31.0,Belleza,web,SANTA FE,Tarjeta de débito,10025.3,1,0,2.0,5.0,0,10025.3
PED-12964,2024-10-08,1043,67.0,DEPORTES,WEB,GBA,transferencia,23532.27,1,5,7.0,5.0,0,22355.66
PED-14740,2024-01-21,2363,31.0,BELLEZA,Web,Otras,Tarjeta de crédito,10683.55,2,15,4.0,5.0,0,18162.04
PED-12406,2025-03-28,2579,43.0,Hogar,App,Córdoba,tarjeta de débito,27214.06,2,25,7.0,4.0,0,40821.09
PED-13063,2025-02-21,1338,20.0,Deportes,Web,GBA,Tarjeta de crédito,16653.94,1,0,7.0,4.0,0,16653.94
PED-10060,20/07/2024,1998,33.0,Deportes,WEB,córdoba,Efectivo,41019.56,2,10,9.0,5.0,0,73835.21
PED-11045,12/01/2024,2235,39.0,Electrónica,,GBA,Tarjeta de débito,166717.41,1,0,4.0,5.0,0,166717.41
PED-10195,2024-02-06,2134,18.0,Belleza,WEB, Mendoza ,Efectivo,10845.93,2,0,5.0,4.0,1,21691.86
PED-14799,2025-05-07,2630,,Electrónica,Web,CABA,Tarjeta de débito,221429.47,2,10,8.0,5.0,1,398573.05
PED-12751,2024-09-19,2170,37.0,Electrónica,Marketplace,GBA,TARJETA DE DÉBITO,204469.13,2,0,8.0,,0,408938.26
PED-12187,2024-03-12,2319,55.0,INDUMENTARIA,Marketplace,GBA,tarjeta de crédito,10996.09,1,0,4.0,,0,10996.09
PED-11772,2024-04-26,2495,,JUGUETES,Marketplace, Córdoba ,Tarjeta de crédito,19368.01,1,0,1.0,4.0,0,19368.01
PED-10567,2024-09-06,1164,42.0,Juguetes,Web, GBA ,Tarjeta de débito,12867.92,1,0,8.0,,0,12867.92
PED-11779,2024-05-07,2221,37.0,Electrónica,Marketplace,Otras,tarjeta de crédito,177374.94,2,10,5.0,4.0,0,319274.89
PED-10308,2024-12-15,2397,58.0,belleza,Web,GBA,MercadoPago,12334.5,1,10,1.0,5.0,0,11101.05
PED-10686,2025-04-14,2663,34.0,deportes,App,Otras,Transferencia,28613.45,1,0,1.0,5.0,0,28613.45
PED-11563,2025-05-11,1120,56.0,Indumentaria,Web,,TARJETA DE CRÉDITO,31457.13,1,0,6.0,,0,31457.13
PED-14371,2024-10-25,1736,42.0,Electrónica,Web,gba,TARJETA DE DÉBITO,170509.47,1,0,8.0,5.0,0,170509.47
PED-12055,2024-07-01,1900,44.0,electrónica,App,CABA,Tarjeta de débito,3477533.7285277606,1,0,8.0,4.0,0,241760.24
PED-10645,2024-09-09,2664,40.0, Deportes ,Marketplace,,Transferencia,16375.64,1,0,9.0,4.0,0,16375.64
PED-14513,2024-06-09,1952,22.0,Hogar,Web,CABA,Tarjeta de crédito,59538.38,1,0,7.0,,0,59538.38
PED-12681,2024-06-26,1145,50.0,Juguetes,App,GBA,Tarjeta de débito,7186.53,2,15,8.0,5.0,0,12217.1
PED-10295,2024-07-08,1007,28.0, Indumentaria ,MARKETPLACE,GBA,Tarjeta de crédito,18907.29,1,0,4.0,3.0,0,18907.29
PED-12778,2024-04-20,1935,28.0,Juguetes,Web,CABA,TARJETA DE CRÉDITO,25347.54,1,0,4.0,4.0,1,25347.54
PED-11446,2024-01-28,2313,26.0,Electrónica,App,córdoba, Tarjeta de débito ,128590.55,1,0,3.0,4.0,0,128590.55
PED-11307,2024-01-27,2042,33.0,Indumentaria,APP,Mendoza,Tarjeta de crédito,20577.57,1,0,7.0,,0,20577.57
PED-10258,11/05/2025,1986,41.0,Deportes,WEB,CABA,tarjeta de débito,34293.17,1,15,7.0,5.0,0,29149.19
PED-13594,08/12/2024,1891,59.0,Deportes,App,gba,MercadoPago,22316.3,5,0,6.0,5.0,0,111581.5
PED-14019,2025-01-15,1355,49.0,Electrónica, Web ,Otras,mercadopago,201188.72,1,0,4.0,5.0,0,201188.72
PED-11412,2025-06-15,2021,45.0,Indumentaria,app,CÓRDOBA,Tarjeta de crédito,27205.0,2,0,2.0,,0,54410.0
PED-12446,2024-10-05,1097,39.0,Deportes,App,Mendoza,Tarjeta de débito,30203.07,2,0,5.0,4.0,0,60406.14
PED-13703,2024-04-21,1386,35.0,Indumentaria,app, CABA ,Transferencia,14490.36,2,5,3.0,5.0,0,27531.68
PED-12369,24/03/2025,1768,23.0,hogar,App,Córdoba,Tarjeta de débito,31635.72,2,0,7.0,,0,63271.44
PED-11034,2024-04-17,1569,31.0,Hogar,Web, Otras ,Efectivo,51994.83,2,0,5.0,4.0,0,103989.66
PED-12700,2024-10-20,1392,42.0,Hogar,WEB,GBA,Efectivo,61939.28,2,0,1.0,5.0,0,123878.56
PED-14408,2024-01-07,2224,43.0,indumentaria,WEB,GBA,Tarjeta de crédito,33369.7,1,0,3.0,5.0,1,33369.7
PED-14677,2024-12-17,1212,46.0,Deportes,,CABA,Transferencia,66805.5,1,0,1.0,4.0,0,66805.5
PED-10554,2024-03-25,2196,,Electrónica,Web,GBA,tarjeta de débito,181201.21,2,15,3.0,5.0,0,308042.06
PED-14700,2024-12-08,2287,35.0,Deportes,App,GBA,MercadoPago,31876.1,4,25,2.0,,0,95628.3
PED-11881,2025-03-10,2351,44.0,Deportes,WEB,CABA,MercadoPago,21180.19,1,10,7.0,3.0,0,19062.17
PED-13948,2024-01-05,1755,25.0,Belleza,App,CÓRDOBA,TARJETA DE DÉBITO,14101.25,1,10,4.0,5.0,0,12691.12
PED-12944,2024-01-17,1066,24.0,Indumentaria,Marketplace,Mendoza,Efectivo,27809.06,1,0,1.0,5.0,0,27809.06
PED-13380,2024-05-20,1761,49.0,Deportes,App,CABA,TARJETA DE CRÉDITO,36166.23,3,0,5.0,5.0,0,108498.69
PED-14719,2024-12-09,1645,18.0,Indumentaria,App,córdoba,Tarjeta de crédito,31553.42,1,0,8.0,3.0,0,31553.42
PED-13519,2024-07-22,1608,28.0,Hogar,Web,Otras,transferencia,40074.91,2,0,4.0,5.0,0,80149.82
PED-14045,2025-01-05,1062,24.0,Belleza,Web,otras,Tarjeta de crédito,19273.36,1,0,6.0,5.0,0,19273.36
PED-10108,2024-08-28,1859,53.0,Indumentaria,Marketplace,GBA,TARJETA DE DÉBITO,17304.37,1,0,1.0,1.0,0,17304.37
PED-10476,2024-12-13,1341,31.0,Hogar,Marketplace,Córdoba,Tarjeta de crédito,36338.68,1,10,3.0,4.0,0,32704.81
PED-12658,2024-08-02,2127,34.0,Juguetes,App,GBA,Tarjeta de crédito,14678.88,1,5,5.0,5.0,0,13944.94
PED-11144,2024-11-25,2572,38.0,INDUMENTARIA,MARKETPLACE,GBA,MercadoPago,15240.43,1,0,2.0,5.0,0,15240.43
PED-10058,2025-02-05,2610,58.0,Deportes,Web,Córdoba,MercadoPago,43614.04,1,0,3.0,5.0,0,43614.04
PED-10590,2024-06-14,1340,45.0,Electrónica,web,Otras,efectivo,203446.51,1,0,3.0,4.0,0,203446.51
PED-12062,2024-06-09,1089,24.0,Belleza,Web,Mendoza,MERCADOPAGO,7911.26,1,5,3.0,1.0,1,7515.7
PED-13852,2025-03-25,2595,46.0,Indumentaria,App,gba,transferencia,33070.48,2,0,1.0,4.0,0,66140.96
PED-11150,2025-05-31,1415,47.0, Electrónica ,Web,GBA,Transferencia,185933.12,3,0,2.0,5.0,1,557799.36
PED-12483,2025-04-19,2764,29.0,Juguetes,Web,GBA,MercadoPago,19039.48,1,5,4.0,,0,18087.51
PED-13921,2024-09-02,1897,37.0,Indumentaria, Web ,GBA,Tarjeta de débito,29137.39,1,0,8.0,5.0,0,29137.39
PED-14572,2024-05-15,1456,44.0,Hogar,WEB,GBA,Efectivo,54563.13,1,0,6.0,,0,54563.13
PED-11465,2024-11-08,2660,,Hogar,App,GBA,Tarjeta de crédito,33429.9,1,10,1.0,4.0,0,30086.91
PED-12848,2025-04-05,1303,52.0,Juguetes,Marketplace,GBA,MercadoPago,7207.29,1,20,7.0,5.0,0,5765.83
PED-11950,2024-08-23,1970,,Hogar,Marketplace,CABA,transferencia,46193.75,1,0,3.0,5.0,0,46193.75
PED-13465,04/03/2025,2721,27.0,Belleza,Marketplace,GBA,TRANSFERENCIA,7223.09,1,0,7.0,5.0,0,7223.09
PED-14085,2024-11-11,1091,62.0,JUGUETES,App,CABA,MercadoPago,7946.57,1,5,2.0,3.0,0,7549.24
PED-13689,2024-01-31,1221,51.0,Indumentaria,App,Otras,Tarjeta de crédito,28318.84,1,0,4.0,5.0,0,28318.84
PED-14214,2024-01-16,2636,59.0,Electrónica,App,CABA,Tarjeta de crédito,186547.62,2,5,5.0,3.0,0,354440.48
PED-12368,2024-12-27,2762,56.0, Deportes ,WEB, GBA ,Tarjeta de débito,26139.17,1,0,6.0,5.0,1,26139.17
PED-13932,2024-01-25,1604,44.0,Belleza, Web ,Santa Fe,Efectivo,13232.26,1,5,3.0,5.0,0,12570.65
PED-10287,2024-11-16,1583,,Electrónica,App,mendoza,Tarjeta de débito,222974.67,3,15,4.0,5.0,0,568585.41
PED-14477,2024-09-16,2288,48.0,Indumentaria,Web,CABA,Tarjeta de débito,16953.49,1,0,4.0,3.0,0,16953.49
PED-10593,2025-06-25,2617,53.0,Hogar,App,CABA,MERCADOPAGO,63979.53,1,0,3.0,5.0,1,63979.53
PED-11038,2024-04-11,2663,48.0,Indumentaria,Web,otras,MercadoPago,20098.06,1,0,2.0,2.0,0,20098.06
PED-12064,2024-07-16,2637,38.0,Electrónica,App,CABA,Tarjeta de crédito,196427.16,1,10,4.0,5.0,0,176784.44
PED-13567,2024-07-26,2411,44.0,Electrónica,APP,Santa Fe,MercadoPago,129402.5,1,0,3.0,4.0,0,129402.5
PED-11121,2025-01-10,1133,44.0,Deportes,,Otras,Tarjeta de crédito,5830.29,1,0,3.0,5.0,0,5830.29
PED-14027,2024-05-20,1173,46.0,INDUMENTARIA,web,GBA,Tarjeta de débito,21970.37,1,0,,4.0,0,21970.37
PED-13405,2025-06-24,1070,47.0,deportes,Web,CABA,Tarjeta de débito,43851.55,1,20,9.0,4.0,0,35081.24
PED-12915,2025-03-02,2736,22.0,Deportes,App,CABA,Tarjeta de crédito,30134.19,2,25,4.0,1.0,0,45201.28
PED-13392,20/11/2024,2118,48.0,indumentaria,App,Otras, Tarjeta de crédito ,18977.71,2,0,6.0,4.0,0,37955.42
PED-14389,2024-11-23,2220,64.0,Juguetes,Web,gba,Tarjeta de crédito,7869.68,3,0,5.0,5.0,0,23609.04
PED-14935,2025-03-17,1837,25.0,Indumentaria,Web,Otras,MercadoPago,37410.06,3,20,3.0,4.0,1,89784.14
PED-10435,2024-09-09,1449,47.0,indumentaria,Web,GBA,Tarjeta de crédito,23349.12,1,0,4.0,4.0,0,23349.12
PED-12717,2024-08-05,1078,60.0,JUGUETES,Web,Santa Fe,Transferencia,8686.87,1,0,7.0,5.0,0,8686.87
PED-14726,2025-05-05,2742,49.0,Electrónica,Web,GBA,Transferencia,165605.45,1,10,7.0,5.0,0,149044.91
PED-12888,2025-05-06,2232,53.0,HOGAR,Web,Córdoba,Tarjeta de débito,42752.86,1,0,6.0,2.0,0,42752.86
PED-11275,31/01/2025,2381,46.0,Hogar,App,CABA,Tarjeta de crédito,4562.88,2,0,5.0,4.0,0,9125.76
PED-11158,2024-03-02,1411,36.0,Belleza,App,CABA,Tarjeta de débito,14670.83,1,0,,5.0,1,14670.83
PED-14029,2025-02-01,1138,41.0,indumentaria,Web,,MERCADOPAGO,26086.14,1,25,3.0,5.0,0,19564.6
PED-12019,2024-08-14,1303,51.0,Indumentaria,App,GBA,MercadoPago,31502.89,1,0,5.0,4.0,0,31502.89
PED-11156,2025-05-04,2321,43.0,Hogar,Marketplace,Mendoza,Tarjeta de débito,43946.21,1,0,7.0,5.0,0,43946.21
PED-11809,2024-09-16,1268,40.0,Indumentaria, App ,otras,TARJETA DE CRÉDITO,25646.67,1,0,5.0,2.0,0,25646.67
PED-11095,01/03/2025,1062,45.0,Belleza,App,Otras,Tarjeta de crédito,14839.64,2,10,4.0,5.0,0,26711.35
PED-11855,2024-01-17,1693,23.0,Electrónica,Web,CABA,EFECTIVO,137745.58,2,0,9.0,5.0,0,275491.16
PED-14212,2024-11-11,1566,25.0,electrónica,Web,GBA,Transferencia,217958.48,1,0,,,0,217958.48
PED-13454,2024-05-03,1956,45.0,Juguetes, Web ,CABA,tarjeta de crédito,19255.24,1,0,6.0,5.0,0,19255.24
PED-10088,2025-05-04,1790,30.0,deportes,Web,Córdoba, Efectivo ,46933.59,1,0,5.0,4.0,0,46933.59
PED-11493,2024-08-03,1466,61.0,Deportes,Web,CABA,,23992.35,1,0,6.0,5.0,0,23992.35
PED-13055,2025-02-26,1119,41.0,Hogar,App,Córdoba,,67740.18,1,10,3.0,5.0,0,60966.16
PED-13449,17/02/2025,1623,46.0,BELLEZA,WEB, GBA ,tarjeta de débito,14502.4,1,20,4.0,5.0,0,11601.92
PED-14663,05/11/2024,2632,35.0,Deportes,App,Otras,Tarjeta de crédito,61654.82,2,15,5.0,3.0,0,104813.19
PED-14646,2025-03-15,1175,23.0,JUGUETES,Marketplace,CABA,Transferencia,18560.55,4,5,9.0,3.0,0,70530.09
PED-12755,2024-11-21,1685,49.0,Electrónica,App,CABA,MercadoPago,135959.56,2,20,6.0,2.0,0,217535.3
PED-12959,2025-02-04,1484,35.0,Indumentaria,marketplace,CABA,TRANSFERENCIA,22997.35,2,15,1.0,5.0,1,39095.49
PED-10795,2024-09-10,2654,38.0,Belleza,App,GBA,Tarjeta de crédito,14998.43,2,0,3.0,,0,29996.86
PED-13134,19/02/2024,2411,28.0, Electrónica ,web,Mendoza,Tarjeta de crédito,206704.58,1,0,2.0,3.0,0,206704.58
PED-10817,2024-05-13,1668,51.0,Deportes,,Otras,Tarjeta de débito,22473.67,1,5,12.0,3.0,0,21349.99
PED-11376,2024-03-24,2060,58.0, Electrónica ,App,Otras,Tarjeta de débito,253156.32,1,15,5.0,3.0,0,215182.87
PED-14159,2024-10-19,1999,32.0,DEPORTES,marketplace,Otras,Efectivo,14463.03,1,0,3.0,5.0,0,14463.03
PED-11474,2025-01-01,2191,34.0,electrónica, Web ,GBA,TARJETA DE DÉBITO,226359.42,1,0,3.0,4.0,0,226359.42
PED-11590,2025-02-02,2736,33.0,Hogar,Marketplace,CABA,MercadoPago,60015.34,3,0,6.0,5.0,0,180046.02
PED-12240,2024-08-05,1106,33.0,Belleza,App, Otras ,Efectivo,11299.61,3,0,2.0,5.0,0,33898.83
PED-13389,17/01/2024,2767,,JUGUETES,Web, Santa Fe , MercadoPago ,11826.39,1,0,3.0,3.0,0,11826.39
PED-11460,2024-12-26,1096,37.0,electrónica,Marketplace,Santa Fe,TARJETA DE CRÉDITO,1662910.2144245023,1,0,6.0,5.0,0,115606.52
PED-11054,2025-04-10,1392,41.0,hogar,web,Córdoba,mercadopago,21945.09,1,0,5.0,5.0,0,21945.09
PED-11789,2025-04-11,2446,52.0,deportes,Web,CABA,Tarjeta de crédito,54696.37,2,10,4.0,5.0,0,98453.47
PED-13017,08/12/2024,1759,18.0,Indumentaria,App,MENDOZA,Transferencia,32455.47,72,15,6.0,3.0,0,27587.15
PED-12274,25/07/2024,2794,53.0,Juguetes,Marketplace,Otras,,14287.71,1,5,5.0,,0,13573.32
PED-13205,2024-03-19,2500,38.0,Juguetes,Web,CABA,Tarjeta de crédito,13455.0,2,25,2.0,2.0,0,20182.5
PED-14731,2025-06-11,1722,37.0,Hogar,app,Córdoba,MERCADOPAGO,51665.23,1,0,4.0,5.0,0,51665.23
PED-14432,2024-12-23,1347,28.0,Deportes,Web,CABA,Tarjeta de crédito,22987.15,1,0,7.0,1.0,0,22987.15
PED-11644,2024-08-29,1123,41.0,Deportes,Web,Otras,tarjeta de crédito,51824.57,1,0,8.0,1.0,0,51824.57
PED-10879,2024-12-25,1744,27.0,Belleza,web,gba,MERCADOPAGO,8620.93,1,5,5.0,5.0,0,8189.88
PED-12482,2025-04-23,1538,18.0,Hogar,Web,mendoza,Tarjeta de débito,19597.81,1,0,3.0,1.0,0,19597.81
PED-12664,2025-06-16,1627,55.0,Juguetes,marketplace,CABA,Tarjeta de crédito,15898.52,1,0,5.0,5.0,0,15898.52
PED-14472,2025-02-16,1853,22.0,Hogar, Web ,GBA,TARJETA DE DÉBITO,26481.32,1,0,4.0,3.0,0,26481.32
PED-13865,2024-06-25,1155,20.0,Hogar,App,Mendoza,Transferencia,51890.79,1,5,1.0,5.0,0,49296.25
PED-14058,2025-05-08,1910,25.0,Deportes,Web,caba,tarjeta de crédito,45383.11,1,10,6.0,,0,40844.8
PED-12297,2024-03-13,2093,26.0,Hogar,,GBA,Tarjeta de crédito,48007.79,1,0,8.0,2.0,0,48007.79
PED-11314,2024-06-01,2590,42.0,hogar,App,CABA,Tarjeta de débito,40077.81,1,15,5.0,3.0,0,34066.14
PED-13985,09/06/2025,1128,19.0,JUGUETES,App,Córdoba,Tarjeta de débito,23555.49,1,0,2.0,3.0,0,23555.49
PED-11422,2024-07-04,1283,59.0,Electrónica,Web,Santa Fe,Efectivo,182417.27,3,0,1.0,4.0,0,547251.81
PED-14679,2025-05-05,2214,60.0,Belleza,Marketplace,CABA,MercadoPago,5901.75,2,0,3.0,4.0,0,11803.5
PED-11545,2025-01-15,1335,39.0,Electrónica,app,gba, Tarjeta de crédito ,212297.82,1,15,3.0,4.0,0,180453.15
PED-10309,2024-02-16,1329,47.0,Indumentaria,Marketplace,GBA, Transferencia ,28619.14,1,0,6.0,2.0,0,28619.14
PED-11618,2024-02-05,2663,66.0,INDUMENTARIA,marketplace,otras,Tarjeta de crédito,31699.72,1,0,1.0,5.0,0,31699.72
PED-14660,2024-06-16,1045,22.0,Electrónica, App ,GBA,Efectivo,191428.88,1,0,7.0,5.0,0,191428.88
PED-13645,2025-04-09,1691,44.0,Juguetes,App,Santa Fe,MercadoPago,12007.8,1,15,1.0,4.0,0,10206.63
PED-13814,2025-04-23,1717,21.0,DEPORTES,WEB,Santa Fe,MERCADOPAGO,27292.96,1,0,1.0,4.0,0,27292.96
PED-10164,2024-05-02,1991,52.0,BELLEZA,Web,CABA,Transferencia,12815.03,1,0,9.0,4.0,0,12815.03
PED-14973,2024-11-13,1754,40.0,Indumentaria,Web,CABA,Tarjeta de débito,30779.16,2,0,8.0,5.0,0,61558.32
PED-12225,2024-09-21,1679,33.0,Electrónica,Marketplace,Otras,Tarjeta de débito,140483.0,1,5,,2.0,0,133458.85
PED-14966,27/06/2025,1871,33.0,HOGAR,app,GBA,Efectivo,33099.09,1,5,6.0,4.0,0,31444.14
PED-12147,2024-04-07,1851,39.0,Belleza, Marketplace ,CABA,Tarjeta de crédito,6607.91,1,0,1.0,2.0,0,6607.91
PED-10361,2025-04-19,2138,29.0,Belleza,Web,Córdoba,Tarjeta de crédito,12179.14,1,0,2.0,4.0,0,12179.14
PED-12552,2024-06-13,1771,45.0,INDUMENTARIA,Web,GBA,Tarjeta de débito,32604.66,1,0,5.0,4.0,0,32604.66
PED-10140,2025-04-16,2475,20.0,Deportes,Web,CABA,Tarjeta de débito,30182.85,1,15,5.0,,0,25655.42
PED-14835,2024-08-02,1792,40.0,Juguetes,app,CABA,Tarjeta de débito,13346.37,1,10,2.0,4.0,0,12011.73
PED-12969,2024-11-22,1563,35.0,Deportes,APP,GBA,Transferencia,18730.5,1,15,3.0,4.0,0,15920.92
PED-10284,2025-05-20,1341,39.0,Indumentaria,Marketplace,Otras,Transferencia,23773.36,1,10,9.0,3.0,0,21396.02
PED-13271,2025-05-04,1182,60.0,hogar,Web,CABA,Tarjeta de débito,59657.24,2,0,,5.0,0,119314.48
PED-13238,2025-01-11,1105,37.0,Hogar,Web, GBA ,Tarjeta de crédito,59850.58,4,25,4.0,4.0,0,179551.74
PED-11897,2025-03-17,1071,38.0,Belleza,App,Córdoba,Transferencia,16068.22,1,0,6.0,5.0,0,16068.22
PED-11458,2024-01-10,1967,30.0,HOGAR,App,Otras,Transferencia,32693.96,1,0,7.0,4.0,0,32693.96
PED-14656,2024-02-06,2492,47.0,Hogar,Marketplace,Córdoba,Tarjeta de débito,30835.7,1,15,7.0,5.0,0,26210.34
PED-10573,2024-08-23,1784,44.0,Deportes,Web,Santa Fe,Tarjeta de crédito,35271.6,1,0,1.0,3.0,0,35271.6
PED-11638,2025-06-14,1839,32.0,Hogar,App,caba,Tarjeta de crédito,59619.9,2,0,2.0,1.0,0,119239.8
PED-12013,10/04/2024,2517,,Juguetes,App,CABA,Tarjeta de crédito,5653.93,1,20,2.0,5.0,0,4523.14
PED-11509,2024-11-03,1216,31.0,Deportes,WEB,gba,MercadoPago,27390.04,1,0,5.0,4.0,0,27390.04
PED-11294,2024-09-13,2272,32.0,Electrónica,App,Otras,Tarjeta de crédito,186310.54,1,0,,4.0,0,186310.54
PED-14558,2024-12-13,1612,49.0,Deportes,web,gba,MercadoPago,43023.54,1,0,5.0,1.0,0,43023.54
PED-13426,2025-01-18,2181,35.0,Electrónica,Web,Córdoba,Tarjeta de crédito,217311.41,1,0,4.0,5.0,1,217311.41
PED-14931,2025-04-29,2748,29.0,Hogar,APP,OTRAS,Tarjeta de crédito,15649.99,2,10,3.0,5.0,0,28169.98
PED-13496,2024-12-01,2002,29.0,Belleza,Web,caba,Transferencia,16001.04,1,0,7.0,,0,16001.04
PED-12277,07/09/2024,1918,39.0,INDUMENTARIA,App,GBA,Tarjeta de crédito,19912.63,1,0,6.0,5.0,0,19912.63
PED-12763,2024-09-08,1523,44.0,BELLEZA,Web,Santa Fe,MERCADOPAGO,18103.36,4,0,7.0,5.0,1,72413.44
PED-12104,2025-03-16,2114,30.0,Deportes,App,CABA,Tarjeta de débito,47725.97,1,0,2.0,3.0,0,47725.97
PED-12604,2024-10-12,1091,42.0,JUGUETES,Web,Santa Fe,TARJETA DE CRÉDITO,13729.34,1,0,5.0,2.0,0,13729.34
PED-12140,2024-07-16,1728,47.0,Hogar,App,CABA,Efectivo,32599.25,1,5,7.0,4.0,0,30969.29
PED-12261,2024-01-01,1891,27.0,Indumentaria,Web,Otras,Tarjeta de débito,24523.23,1,10,4.0,5.0,0,22070.91
PED-12034,2024-12-01,1568,51.0, Electrónica ,Marketplace,CABA, Tarjeta de crédito ,304833.16,1,0,1.0,4.0,0,304833.16
PED-11049,2024-03-21,1181,54.0,DEPORTES,Web, Córdoba ,Tarjeta de débito,30193.46,2,0,3.0,1.0,0,60386.92
PED-10394,2025-01-03,2541,43.0,Indumentaria,Web,CABA,Tarjeta de débito,13511.53,1,0,6.0,5.0,1,13511.53
PED-10969,2024-08-22,2775,72.0,Hogar,Web,Santa Fe,Tarjeta de débito,38350.34,1,0,5.0,5.0,0,38350.34
PED-10085,2025-02-22,1449,55.0,Hogar,Web,MENDOZA,Tarjeta de débito,71010.33,1,25,4.0,5.0,0,53257.75
PED-14038,13/10/2024,2492,40.0,DEPORTES,Marketplace,CÓRDOBA,Tarjeta de débito,27754.48,2,0,1.0,4.0,0,55508.96
PED-11028,2024-02-11,1954,54.0, Indumentaria ,Web,,Transferencia,42950.71,1,10,10.0,,0,38655.64
PED-10737,10/01/2024,2418,45.0,Electrónica,App,GBA,MercadoPago,175002.29,5,0,2.0,3.0,0,875011.45
PED-12035,2024-02-24,1247,32.0,Hogar,App,Mendoza,Transferencia,20218.4,2,5,,4.0,0,38414.96
PED-13224,2024-06-14,1674,20.0,deportes,Web,GBA,Tarjeta de crédito,55257.2,1,25,,5.0,0,41442.9
PED-11617,2024-10-24,1567,27.0,Deportes,marketplace,caba, Tarjeta de débito ,49602.52,2,0,1.0,4.0,0,99205.04
PED-12186,2025-04-29,2003,35.0,Electrónica,Web,GBA,Tarjeta de débito,197304.72,1,0,2.0,1.0,0,197304.72
PED-13512,2025-01-12,1808,54.0,hogar,Web,CABA,TARJETA DE CRÉDITO,44584.5,1,20,7.0,2.0,0,35667.6
PED-14370,26/01/2024,2457,32.0,JUGUETES,Marketplace,GBA,MercadoPago,9620.88,1,15,8.0,3.0,0,8177.75
PED-10434,2025-05-06,2634,53.0, Hogar ,App,GBA,,43906.59,1,0,2.0,4.0,0,43906.59
PED-13313,2024-11-07,2330,31.0,ELECTRÓNICA,App,CABA,MercadoPago,219256.57,2,0,6.0,3.0,0,438513.14
PED-11607,2024-12-15,1425,30.0,belleza,APP,CABA,Transferencia,17842.57,1,0,4.0,5.0,0,17842.57
PED-11996,2024-08-18,1738,34.0,Deportes,Marketplace,Córdoba,Efectivo,8142.97,1,10,5.0,1.0,0,7328.67
PED-13848,2025-01-05,2052,23.0,Deportes, App ,Otras,MercadoPago,41779.2,1,0,6.0,5.0,0,41779.2
PED-12022,2025-02-08,1716,29.0,Indumentaria,Web,CABA,TARJETA DE CRÉDITO,13285.51,2,5,,4.0,0,25242.47
PED-11333,2025-06-27,2039,44.0,Electrónica,marketplace,GBA,MercadoPago,88367.74,1,0,5.0,4.0,0,88367.74
PED-12477,2024-05-27,2104,32.0,Belleza,App,GBA,MercadoPago,6863.94,1,15,5.0,4.0,0,5834.35
PED-12438,22/02/2025,2777,18.0,Hogar,Marketplace,Córdoba,Tarjeta de crédito,23940.17,1,20,,5.0,0,19152.14
PED-10104,2025-01-27,2030,48.0,Belleza,Marketplace,Mendoza,Tarjeta de crédito,12861.06,1,0,1.0,5.0,0,12861.06
PED-11925,2024-08-13,2143,32.0,Electrónica,App,GBA,Efectivo,146766.33,1,15,7.0,5.0,0,124751.38
PED-11128,2024-05-19,2077,39.0,Belleza,App,Santa Fe,Tarjeta de crédito,18514.18,1,15,3.0,4.0,0,15737.05
PED-12079,28/10/2024,1732,25.0,Indumentaria,app,CABA,Efectivo,17960.25,1,0,1.0,5.0,0,17960.25
PED-10891,2024-05-23,1637,40.0,Belleza,Marketplace,GBA,Tarjeta de débito,13360.68,1,20,7.0,1.0,0,10688.54
PED-12515,2025-01-03,1989,24.0,Indumentaria,WEB,GBA,Transferencia,46555.73,4,5,4.0,1.0,0,176911.77
PED-10148,21/01/2025,1447,18.0,Indumentaria, Web ,CABA,Tarjeta de crédito,17210.27,2,5,10.0,,0,32699.51
PED-12851,2024-03-08,2351,44.0,Deportes,Web,CABA,mercadopago,53641.85,1,5,8.0,,0,50959.76
PED-12516,2024-03-17,1117,45.0,Indumentaria,App,Santa Fe,Tarjeta de crédito,23644.72,1,0,3.0,5.0,0,23644.72
PED-13156,2024-07-20,1724,29.0,Belleza,Web,,Tarjeta de crédito,15836.01,1,0,5.0,4.0,0,15836.01
PED-13665,2024-03-24,1659,47.0,Electrónica,Web,Otras,TARJETA DE DÉBITO,200219.87,1,0,1.0,5.0,0,200219.87
PED-11172,2024-06-18,1493,32.0,Electrónica,App,CABA,Efectivo,285131.85,4,10,5.0,3.0,0,1026474.66
PED-12997,2025-04-15,2019,19.0, Electrónica ,Web,Santa Fe,Efectivo,263393.98,2,0,9.0,1.0,0,526787.96
PED-10018,17/02/2025,2757,57.0,Electrónica,Marketplace,Córdoba,Tarjeta de crédito,222306.46,2,10,7.0,5.0,0,400151.63
PED-12335,2024-01-08,1561,18.0,Juguetes, App ,Córdoba,TARJETA DE CRÉDITO,22034.92,5,15,5.0,5.0,0,93648.41
PED-13037,2025-03-18,2541,18.0,Electrónica,App,CABA,Tarjeta de débito,164659.42,2,15,,5.0,0,279921.01
PED-13184,2025-02-06,2108,40.0,Belleza,Marketplace,,Transferencia,14023.78,1,0,6.0,5.0,1,14023.78
PED-10673,2025-06-20,1598,27.0,DEPORTES,Web,CABA,Transferencia,51818.67,1,5,1.0,,0,49227.74
PED-12529,2024-12-08,2167,47.0,Belleza,Marketplace,GBA,Tarjeta de crédito,9471.92,2,0,5.0,3.0,0,18943.84
PED-12661,2024-11-16,1560,56.0,Deportes,marketplace,CABA,Tarjeta de crédito,13753.09,1,0,4.0,4.0,1,13753.09
PED-10998,2024-05-28,2375,52.0,Deportes,App,GBA,Tarjeta de débito,29436.5,2,0,5.0,5.0,0,58873.0
PED-11622,20/06/2024,2061,25.0,Deportes,Web,Otras,Transferencia,27697.8,1,25,4.0,5.0,0,20773.35
PED-12899,2024-06-02,1792,39.0,JUGUETES,Web,Mendoza,Tarjeta de crédito,17258.85,2,0,2.0,3.0,0,34517.7
PED-13321,2025-06-27,2550,35.0,Indumentaria,Marketplace,,Transferencia,7972.3,1,0,8.0,3.0,0,7972.3
PED-13529,2024-02-25,1246,32.0,ELECTRÓNICA,Web,otras,TARJETA DE CRÉDITO,102589.14,1,10,6.0,4.0,0,92330.23
PED-10987,13/10/2024,2028,25.0,Electrónica,App,CABA,EFECTIVO,250058.01,2,5,2.0,4.0,0,475110.22
PED-14228,2024-11-16,1634,37.0,HOGAR,WEB,Mendoza,MercadoPago,15554.89,1,0,1.0,4.0,0,15554.89
PED-10578,2024-08-16,1067,34.0,Deportes,App,Otras,Tarjeta de débito,39433.21,2,10,3.0,,1,70979.78
PED-12444,2024-05-06,1514,19.0,Deportes,App,gba,Transferencia,46205.14,1,0,4.0,5.0,0,46205.14
PED-12567,2024-07-02,1545,18.0,Electrónica,Web,CABA,MercadoPago,218426.31,4,0,3.0,4.0,0,873705.24
PED-10742,2024-11-16,2739,37.0,Belleza,WEB,Santa Fe,Tarjeta de débito,1384.71,2,0,8.0,5.0,1,2769.42
PED-14664,2025-06-11,2115,52.0,juguetes,Web,Santa Fe,Tarjeta de débito,11284.28,1,20,6.0,4.0,0,9027.42
PED-13501,2024-11-13,2718,22.0,Deportes,web,CABA,Transferencia,40884.33,3,0,6.0,4.0,0,122652.99
PED-11124,2024-10-19,2520,43.0,Indumentaria,App,CABA,MercadoPago,32578.55,1,0,6.0,2.0,0,32578.55
PED-11388,2025-06-20,2265,46.0,Juguetes,App,GBA,Tarjeta de crédito,14620.05,1,20,8.0,1.0,0,11696.04
PED-11441,2025-05-18,2781,36.0,Electrónica,MARKETPLACE,GBA,Transferencia,99991.02,1,0,2.0,5.0,0,99991.02
PED-14009,2025-02-02,1829,56.0,ELECTRÓNICA,Marketplace,,Tarjeta de crédito,204452.97,1,0,11.0,4.0,0,204452.97
PED-12470,2025-01-14,2262,65.0, Electrónica ,App,GBA,tarjeta de débito,243159.33,4,0,3.0,5.0,0,972637.32
PED-13907,2024-06-11,1841,28.0,Indumentaria,APP,GBA,Tarjeta de débito,23504.37,2,0,3.0,4.0,0,47008.74
PED-12265,2024-05-22,2669,55.0,Juguetes,Web,Santa Fe,Tarjeta de crédito,17605.66,1,0,2.0,2.0,0,17605.66
PED-11414,23/02/2025,1182,34.0,Indumentaria,WEB,GBA,Transferencia,36632.2,1,0,4.0,5.0,0,36632.2
PED-14622,2025-06-01,2135,44.0,belleza,App,Córdoba,Transferencia,7687.02,3,0,1.0,4.0,0,23061.06
PED-11873,2024-03-27,1610,30.0,Indumentaria,App,CABA,Tarjeta de débito,10550.76,2,0,7.0,5.0,0,21101.52
PED-11813,2024-08-08,2566,0.0,Deportes,Web,CABA,Tarjeta de crédito,39842.27,1,0,,4.0,0,39842.27
PED-10977,2024-05-07,1785,35.0,JUGUETES,Marketplace,Otras,Tarjeta de crédito,16957.3,2,5,3.0,3.0,0,32218.87
PED-11997,2024-03-06,1380,18.0,Belleza,Web,Otras,TARJETA DE CRÉDITO,14385.82,1,10,2.0,4.0,0,12947.24
PED-12374,2024-10-17,2426,45.0,hogar,App,GBA,MercadoPago,51906.18,1,0,1.0,,0,51906.18
PED-11015,2025-05-05,1955,45.0, Indumentaria ,MARKETPLACE,Santa Fe,MercadoPago,32432.79,1,15,3.0,5.0,0,27567.87
PED-13590,2024-06-03,1554,48.0,Indumentaria,Web,CABA,Tarjeta de débito,15044.45,1,0,5.0,,0,15044.45
PED-13331,2024-02-08,2636,45.0,Deportes,App,Córdoba,MERCADOPAGO,23347.26,1,0,5.0,4.0,0,23347.26
PED-14433,2025-05-21,1641,33.0,Electrónica,Web,CABA,Tarjeta de crédito,274730.18,1,0,4.0,5.0,0,274730.18
PED-11348,2024-01-02,1331,54.0,belleza,Marketplace,CABA,Tarjeta de débito,16537.23,1,0,4.0,5.0,0,16537.23
PED-12450,2024-10-03,2387,31.0,Deportes,Marketplace,Santa Fe,TARJETA DE CRÉDITO,40181.25,1,0,6.0,4.0,0,40181.25
PED-12146,2024-03-06,1027,45.0,Electrónica,Web,CABA,TARJETA DE DÉBITO,122043.25,2,10,2.0,5.0,0,219677.85
PED-14393,2024-09-19,1716,52.0,Hogar,APP,CABA,MercadoPago,31854.22,2,0,3.0,5.0,0,63708.44
PED-12273,2025-01-27,1268,39.0,belleza,Web,Santa Fe,Efectivo,10783.51,1,0,5.0,5.0,0,10783.51
PED-13088,2024-03-18,1152,21.0,Electrónica,App,Mendoza,Transferencia,172096.12,1,0,4.0,3.0,0,172096.12
PED-10074,05/06/2024,2322,59.0,Electrónica,App,CABA,Tarjeta de crédito,180244.48,3,0,2.0,5.0,0,540733.44
PED-10106,2024-01-15,1505,30.0,Deportes,WEB,Santa Fe,MercadoPago,40983.93,1,0,8.0,,0,40983.93
PED-12828,2025-01-27,2522,26.0,Indumentaria,App,Córdoba,MercadoPago,20857.94,2,0,4.0,4.0,0,41715.88
PED-14633,2024-06-23,2678,66.0,Deportes,WEB,CABA,TARJETA DE CRÉDITO,65261.27,1,0,7.0,4.0,0,65261.27
PED-13530,2024-12-31,1098,26.0,Belleza, Web ,CABA,Transferencia,11096.98,1,0,5.0,,0,11096.98
PED-13474,2024-04-01,1001,38.0,Indumentaria,Marketplace,Otras,MercadoPago,24170.28,1,0,7.0,5.0,0,24170.28
PED-13246,2024-04-20,1679,20.0,ELECTRÓNICA,Web,Mendoza,MercadoPago,110515.44,1,15,5.0,5.0,0,93938.12
PED-13280,02/05/2024,1771,48.0,Indumentaria,Web,gba,Tarjeta de crédito,20576.9,1,0,6.0,,0,20576.9
PED-11174,2025-04-07,2335,,INDUMENTARIA,App,CABA,Tarjeta de crédito,21147.97,1,0,2.0,5.0,1,21147.97
PED-13049,2024-03-21,2693,36.0,Belleza,App,santa fe,Tarjeta de crédito,8230.51,1,20,11.0,5.0,0,6584.41
PED-13451,2024-03-02,2208,37.0, Electrónica ,Web, Otras ,MercadoPago,158999.9,1,15,3.0,4.0,0,135149.91
PED-14533,2024-05-13,1256,33.0,Indumentaria,App,Otras,MercadoPago,35781.88,1,0,8.0,5.0,0,35781.88
PED-13420,2025-03-04,2669,54.0,Indumentaria,web,CABA, MercadoPago ,28674.47,5,0,3.0,5.0,0,143372.35
PED-10344,06/12/2024,2049,33.0,Juguetes,App,CABA,TARJETA DE CRÉDITO,24204.27,1,10,4.0,4.0,1,21783.84
PED-12992,2025-06-19,1481,27.0,Juguetes,Web,CABA,Efectivo,14817.49,2,0,1.0,2.0,0,29634.98
PED-11891,2025-02-02,1755,29.0,Indumentaria,Web,GBA,Tarjeta de crédito,26510.34,1,0,5.0,5.0,0,26510.34
PED-12233,2024-12-29,2278,27.0,Deportes,Web,MENDOZA,efectivo,59877.59,2,0,3.0,5.0,0,119755.18
PED-10824,2024-05-20,1739,58.0,Indumentaria,Web,caba,Tarjeta de débito,28539.16,1,0,4.0,5.0,0,28539.16
PED-10364,2025-03-02,2300,43.0,Indumentaria,App,Córdoba,tarjeta de débito,28812.49,3,10,4.0,5.0,0,77793.72
PED-13198,2025-05-22,1299,49.0,Electrónica,Marketplace,Santa Fe,Tarjeta de crédito,228566.43,2,0,1.0,3.0,0,457132.86
PED-13194,2024-11-21,1457,40.0,Belleza,Marketplace,Córdoba,Tarjeta de débito,7821.94,1,10,4.0,4.0,0,7039.75
PED-10209,2024-09-10,2672,42.0,Indumentaria,App,Córdoba,efectivo,31837.78,1,0,6.0,4.0,0,31837.78
PED-14797,2024-07-01,1239,36.0,Hogar,Web,CABA,MercadoPago,53531.59,1,10,6.0,3.0,0,48178.43
PED-10677,2024-01-25,1642,29.0,Hogar,App,Córdoba,Efectivo,53542.52,3,20,4.0,,0,128502.05
PED-11933,2025-02-17,1724,40.0,Indumentaria,Web,Córdoba,Tarjeta de débito,31196.38,4,5,3.0,5.0,0,118546.24
PED-10739,2024-06-20,1457,20.0,Deportes,web,Córdoba,MercadoPago,29655.51,1,0,8.0,1.0,0,29655.51
PED-11250,10/07/2024,1660,27.0,Belleza,Web,GBA,Efectivo,13286.11,1,0,3.0,5.0,0,13286.11
PED-14538,2024-03-25,1771,27.0,Hogar,App,,MercadoPago,43616.97,1,25,5.0,5.0,0,32712.73
PED-10800,2024-06-07,1664,36.0,Indumentaria,Web, Otras ,Tarjeta de crédito,18700.95,4,10,7.0,4.0,0,67323.42
PED-12875,10/08/2024,1751,37.0,Juguetes,WEB,Santa Fe,efectivo,18449.95,1,20,3.0,5.0,0,14759.96
PED-14440,2024-03-27,1823,32.0,Belleza,app, CABA ,Tarjeta de débito,6682.25,1,10,7.0,1.0,0,6014.02
PED-14904,02/05/2025,1505,28.0,indumentaria,Marketplace,otras,,22510.92,3,0,4.0,5.0,0,67532.76
PED-12882,2024-08-22,2776,39.0,Belleza,App,GBA,MercadoPago,14577.45,2,25,8.0,4.0,0,21866.18
PED-11243,2024-08-09,2485,18.0,Deportes,Web,OTRAS,EFECTIVO,25147.04,1,0,4.0,4.0,1,25147.04
PED-13698,2024-09-22,1219,50.0,Hogar,Marketplace,Mendoza,MercadoPago,71877.76,1,15,7.0,1.0,0,61096.1
PED-12897,2024-01-19,2090,31.0, Belleza ,Web,CABA,TARJETA DE CRÉDITO,16519.66,1,25,4.0,2.0,0,12389.74
PED-14824,2024-10-31,2724,58.0,Electrónica,marketplace,Otras,Tarjeta de crédito,174887.04,4,0,2.0,3.0,0,699548.16
PED-14687,2024-05-14,2464,76.0,Indumentaria,app,SANTA FE,Tarjeta de débito,50641.23,2,0,4.0,5.0,0,0.0
PED-10486,21/06/2024,1505,60.0,Hogar,App,Santa Fe,Tarjeta de crédito,27843.37,1,20,8.0,3.0,0,22274.7
PED-12372,2025-02-27,1607,38.0,Electrónica,Web,CABA,Tarjeta de crédito,176093.18,1,10,,5.0,0,158483.86
PED-10903,2024-02-24,1425,40.0,Indumentaria,App,CABA,TARJETA DE DÉBITO,31958.3,1,0,9.0,5.0,1,31958.3
PED-14768,2024-07-07,1882,,Belleza,Web,GBA,,2625.08,3,0,3.0,5.0,0,7875.24
PED-13931,2024-10-28,1288,58.0,Juguetes,App,gba,tarjeta de débito,14722.66,1,10,3.0,5.0,1,13250.39
PED-12466,2024-01-23,2617,51.0,Deportes,App,Santa Fe,Tarjeta de crédito,46077.39,1,0,3.0,3.0,0,46077.39
PED-14841,2024-11-26,1741,22.0,Deportes,Marketplace,CABA,mercadopago,43171.28,1,25,4.0,3.0,0,32378.46
PED-10286,2024-01-20,2460,46.0,Belleza,Web,CABA,Tarjeta de crédito,11244.18,1,0,2.0,4.0,0,11244.18
PED-14434,2024-06-29,2623,44.0,Deportes,Web, GBA ,,63704.21,1,0,4.0,5.0,0,63704.21
PED-12981,2025-05-08,2204,28.0,Electrónica,Web,GBA, Tarjeta de crédito ,163699.58,1,0,2.0,,0,163699.58
PED-10988,2024-06-16,2017,18.0,Deportes,Marketplace,GBA,Efectivo,40522.31,1,0,5.0,3.0,0,40522.31
PED-13870,2024-10-14,1836,18.0,Deportes, App ,GBA,transferencia,31750.98,1,0,5.0,5.0,0,31750.98
PED-11453,2025-04-04,2611,63.0,Hogar,Marketplace,córdoba,Tarjeta de débito,78332.23,1,10,5.0,4.0,0,70499.01
PED-14595,2025-04-09,1765,48.0,hogar,Marketplace,caba,TRANSFERENCIA,57792.17,1,0,7.0,3.0,1,57792.17
PED-13459,2025-02-12,2778,28.0,Juguetes,Web,Córdoba,Transferencia,22042.31,1,0,4.0,3.0,0,22042.31
PED-10178,2024-12-11,2111,52.0,Belleza,App,Córdoba,Efectivo,10860.26,1,0,1.0,4.0,0,10860.26
PED-13561,2024-12-21,2650,54.0,DEPORTES,app,GBA,tarjeta de crédito,38912.67,1,20,2.0,4.0,0,31130.14
PED-10725,2025-02-13,2391,21.0,Juguetes,WEB,santa fe,MercadoPago,10300.11,2,15,6.0,5.0,0,17510.19
PED-12585,25/05/2025,1323,46.0,Juguetes,Marketplace,GBA,Tarjeta de crédito,15493.23,1,5,3.0,4.0,0,14718.57
PED-12334,2024-03-05,2375,18.0,Indumentaria,App,Córdoba,Tarjeta de débito,25903.47,1,10,6.0,,0,23313.12
PED-13597,2024-06-30,2562,18.0,HOGAR,App,CABA,Tarjeta de crédito,25700.33,1,15,5.0,4.0,0,21845.28
PED-11504,26/06/2024,2383,45.0, Juguetes ,app,Santa Fe,MercadoPago,12504.02,1,5,7.0,5.0,0,11878.82
PED-14455,2025-03-02,2538,18.0,Electrónica,Web,GBA,Transferencia,200262.09,1,0,2.0,5.0,0,200262.09
PED-11704,2025-05-29,1451,48.0,Belleza,Web,Córdoba,Transferencia,14294.83,1,10,3.0,5.0,0,12865.35
PED-10158,2024-02-22,1729,52.0,Juguetes,Web,GBA,Efectivo,13649.17,1,0,9.0,2.0,0,13649.17
PED-11664,2025-06-14,2657,29.0,Belleza,App,GBA,transferencia,5741.65,1,0,3.0,5.0,0,5741.65
PED-14761,22/05/2024,2438,28.0,Hogar,Web,GBA,Transferencia,34674.87,1,15,,5.0,0,29473.64
PED-11001,2025-05-26,1236,18.0,Hogar,web,Otras,MercadoPago,31447.01,1,0,3.0,3.0,0,31447.01
PED-13666,2024-10-22,1513,18.0,belleza,APP,Córdoba,Tarjeta de crédito,9778.97,1,0,6.0,1.0,1,9778.97
PED-11501,02/07/2024,2165,28.0,Hogar,Web,GBA,Tarjeta de débito,43294.72,2,10,7.0,3.0,0,77930.5
PED-14765,2024-03-19,2245,43.0,Deportes,App,Santa Fe,Tarjeta de débito,40154.5,1,0,,1.0,0,40154.5
PED-13515,2025-01-22,1465,25.0,Juguetes,Web,Córdoba,Transferencia,21252.07,1,0,4.0,4.0,0,21252.07
PED-11503,2025-03-02,1454,37.0,Indumentaria,App,gba, Tarjeta de crédito ,25706.32,2,15,6.0,4.0,0,43700.74
PED-13222,2024-09-18,1696,53.0,belleza,App,mendoza, Tarjeta de crédito ,15332.86,1,15,6.0,,0,13032.93
PED-10283,2025-06-08,2481,49.0,Indumentaria,marketplace,,tarjeta de crédito,32110.34,1,0,1.0,2.0,0,32110.34
PED-10964,2024-08-24,1239,42.0,Hogar,App,Otras, Tarjeta de débito ,60034.63,3,0,5.0,5.0,0,180103.89
PED-13143,2025-01-25,1376,60.0,DEPORTES,App,CABA,Transferencia,50495.67,2,0,5.0,3.0,0,100991.34
PED-12642,2024-03-06,2045,43.0,juguetes, Web ,CABA,Efectivo,500.0,1,0,8.0,4.0,0,500.0
PED-12510,2024-06-18,1416,30.0,Hogar,Web,,TARJETA DE DÉBITO,47738.96,1,0,4.0,4.0,0,47738.96
PED-10036,2024-01-21,1858,18.0,Juguetes,Web,CABA,Tarjeta de crédito,23183.64,1,5,2.0,4.0,0,22024.46
PED-10143,2025-05-11,1323,23.0,Belleza,Marketplace, Otras ,tarjeta de débito,12797.96,1,0,3.0,2.0,0,12797.96
PED-11327,2024-09-30,2078,32.0,Belleza,App,,Tarjeta de crédito,11531.45,3,0,4.0,5.0,0,34594.35
PED-13858,2024-07-02,2450,21.0,Indumentaria,web,Mendoza, MercadoPago ,21989.61,1,15,2.0,,0,18691.17
PED-10119,2024-03-26,2170,39.0,Indumentaria,Marketplace,GBA,Tarjeta de crédito,17133.64,1,0,2.0,3.0,0,17133.64
PED-14573,2024-01-16,2135,29.0,Electrónica,App,GBA,transferencia,267834.04,1,0,3.0,3.0,0,267834.04
PED-12220,2024-07-14,1349,61.0,Electrónica,App,Mendoza,Transferencia,163782.5,5,5,1.0,4.0,0,777966.88
PED-13551,2025-04-03,1827,40.0,ELECTRÓNICA,Web,GBA,Tarjeta de débito,2622269.4202927486,2,0,5.0,4.0,0,364603.5
PED-12538,2024-05-18,1478,50.0,Deportes,App,GBA,Tarjeta de débito,39991.45,1,5,5.0,4.0,1,37991.88
PED-10618,2024-03-01,1142,38.0,HOGAR,Marketplace,Mendoza,TARJETA DE CRÉDITO,46800.36,1,0,,5.0,0,46800.36
PED-14467,2024-10-09,1134,49.0,Hogar, Web ,Córdoba,Tarjeta de crédito,56994.34,5,0,4.0,4.0,0,284971.7
PED-11889,2024-08-15,2034,42.0,Belleza,App,Córdoba,MercadoPago,16898.57,1,0,1.0,4.0,0,16898.57
PED-13835,2024-09-29,1016,41.0,Electrónica,App,CABA,Efectivo,174241.63,1,5,6.0,3.0,0,165529.55
PED-11655,16/03/2025,2685,24.0,Belleza,MARKETPLACE,CABA,Transferencia,8433.94,2,0,3.0,,0,16867.88
PED-11486,2024-02-28,2549,50.0,Hogar,App,Santa Fe,Tarjeta de crédito,59864.36,1,15,4.0,4.0,0,50884.71
PED-11677,2025-06-22,1545,18.0,Indumentaria,Marketplace,caba,MercadoPago,44909.83,1,0,4.0,4.0,0,44909.83
PED-13903,2024-10-09,2736,44.0,JUGUETES,MARKETPLACE,GBA,,17267.8,1,0,1.0,5.0,0,17267.8
PED-10317,2024-04-26,1085,54.0,belleza,App,Córdoba,Transferencia,12425.5,1,0,1.0,,0,12425.5
PED-12006,2024-01-14,2319,40.0,Deportes,Web,Mendoza,Efectivo,48354.13,1,5,7.0,4.0,0,45936.42
PED-14836,2024-05-13,2242,38.0,JUGUETES,Web,Santa Fe,MercadoPago,10281.66,1,0,6.0,4.0,0,10281.66
PED-10953,2025-05-14,1377,36.0,HOGAR,Marketplace,GBA,Tarjeta de débito,45619.85,1,0,1.0,5.0,0,45619.85
PED-13387,2024-10-21,1915,33.0,Electrónica,App,Córdoba,Tarjeta de crédito,167815.55,1,0,5.0,4.0,0,167815.55
PED-14602,2024-01-25,1385,44.0,Indumentaria,Web,CABA,transferencia,22392.63,2,0,8.0,5.0,0,44785.26
PED-11371,2024-04-20,1921,27.0,Deportes,Marketplace,MENDOZA,Tarjeta de crédito,50109.13,1,0,3.0,5.0,0,50109.13
PED-12726,2025-03-06,1929,27.0,Indumentaria,Marketplace,GBA,Tarjeta de crédito,28536.85,1,0,,5.0,0,28536.85
PED-12459,2024-12-29,2764,56.0, Electrónica ,Web,CABA,,169111.84,1,0,6.0,3.0,0,169111.84
PED-10248,2024-08-07,1306,25.0,Electrónica,Marketplace,Córdoba,TARJETA DE DÉBITO,-321016.25,1,0,6.0,2.0,0,321016.25
PED-14414,04/03/2025,2479,32.0,Belleza,APP,CABA,MercadoPago,11069.37,2,0,4.0,3.0,0,22138.74
PED-10700,2025-05-30,2630,63.0,Hogar,web,GBA,TARJETA DE CRÉDITO,6411.94,5,0,6.0,5.0,0,32059.7
PED-12375,2025-03-07,2771,48.0,Hogar,Web,CABA,TARJETA DE CRÉDITO,45042.13,1,20,4.0,5.0,0,36033.7
PED-14837,2024-10-11,1937,64.0,Deportes,Marketplace,Córdoba,tarjeta de crédito,29764.57,1,0,2.0,5.0,0,29764.57
PED-13008,12/11/2024,2093,23.0,Hogar,App,Santa Fe,Tarjeta de crédito,53937.9,2,0,4.0,4.0,0,107875.8
PED-10790,2024-06-05,2302,34.0,Deportes,Web,GBA, MercadoPago ,33556.57,1,0,5.0,1.0,0,33556.57
PED-14442,2025-05-04,1548,41.0,Electrónica,Web,GBA,Tarjeta de débito,268717.07,2,20,5.0,1.0,0,429947.31
PED-13117,2025-05-14,2060,28.0,DEPORTES,Marketplace,OTRAS,Tarjeta de débito,37562.32,2,0,4.0,5.0,0,75124.64
PED-10379,2024-07-14,2412,31.0,Deportes,App,caba,Tarjeta de crédito,37247.06,2,0,7.0,4.0,0,74494.12
PED-13151,2024-01-29,1465,35.0,INDUMENTARIA,Web,CABA,tarjeta de débito,10641.55,2,15,5.0,,0,18090.63
PED-14757,2024-06-02,1831,21.0,Deportes,marketplace,GBA,Tarjeta de débito,21455.69,1,20,4.0,4.0,0,17164.55
PED-12486,2024-11-20,2232,36.0,Indumentaria,web,GBA,tarjeta de débito,25847.48,1,0,4.0,5.0,0,25847.48
PED-13066,2024-05-20,1408,,DEPORTES,Web,CABA,Tarjeta de crédito,43693.92,1,0,5.0,3.0,0,43693.92
PED-11313,2025-06-10,2352,27.0,ELECTRÓNICA,Marketplace,CABA,Transferencia,143449.69,1,10,5.0,5.0,1,129104.72
PED-12342,2024-06-22,1875,, Indumentaria ,Marketplace,Santa Fe,Tarjeta de débito,42649.66,2,15,5.0,3.0,0,72504.42
PED-11515,2024-12-17,2655,,Belleza,Marketplace,GBA,Transferencia,10608.02,1,15,,4.0,0,9016.82
PED-13904,2025-04-08,2439,74.0,Hogar,Web,Otras,Efectivo,50569.05,2,0,7.0,5.0,0,101138.1
PED-13175,2024-06-02,1905,40.0,Deportes,Web,Mendoza,MercadoPago,54939.72,1,0,5.0,,0,54939.72
PED-11952,2024-09-12,1221,37.0,Indumentaria,App,Otras,transferencia,25169.45,1,0,4.0,5.0,0,25169.45
PED-11116,2024-12-05,2279,52.0,ELECTRÓNICA,Web, Otras , Tarjeta de débito ,92935.43,1,10,1.0,,0,83641.89
PED-12957,2024-04-14,1181,41.0,Indumentaria,Web,MENDOZA,Tarjeta de crédito,33010.52,1,0,1.0,5.0,0,33010.52
PED-10370,2025-01-31,1105,,deportes,Web,CABA,Tarjeta de débito,72776.83,1,5,3.0,5.0,0,69137.99
PED-10715,27/04/2024,2532,46.0,Hogar,App,GBA,MercadoPago,80289.7,1,0,1.0,4.0,0,80289.7
PED-10515,2024-11-11,1243,26.0,Indumentaria,MARKETPLACE,Santa Fe,MercadoPago,22283.71,1,0,4.0,5.0,1,0.0
PED-12443,2024-02-18,2704,48.0,Hogar,Web,Mendoza,Efectivo,50763.19,1,0,9.0,4.0,0,50763.19
PED-13766,2024-07-24,1855,41.0, Hogar ,Marketplace,CABA,tarjeta de crédito,38602.43,1,5,3.0,5.0,0,36672.31
PED-12825,2024-08-05,1718,33.0,Deportes, App ,CABA,Tarjeta de crédito,5875.83,1,5,2.0,4.0,0,5582.04
PED-11894,2025-05-13,2372,44.0,Belleza,App,GBA,Tarjeta de crédito,10772.04,1,0,8.0,4.0,1,10772.04
PED-14878,2024-07-27,2636,31.0,Belleza,Web,CABA,Tarjeta de crédito,4695.89,1,0,3.0,5.0,0,4695.89
PED-13795,2024-08-16,1248,39.0,Electrónica,Web,GBA,Tarjeta de débito,167324.57,1,10,4.0,4.0,0,150592.11
PED-10194,2025-03-28,2708,56.0, Indumentaria ,Web,Otras,efectivo,38678.01,1,10,3.0,4.0,0,34810.21
PED-11030,08/02/2024,2321,40.0,indumentaria,app,Otras,Tarjeta de débito,24850.72,2,10,8.0,4.0,0,44731.3
PED-14828,2025-05-14,2306,31.0,Belleza,App,GBA,transferencia,15505.65,2,10,4.0,,0,27910.17
PED-10680,2024-08-20,2367,28.0,Electrónica,Web,Otras, Transferencia ,86010.14,1,0,4.0,3.0,0,86010.14
PED-14787,2024-11-03,2659,34.0,Juguetes,App,GBA,Efectivo,3682.3,4,0,7.0,1.0,0,14729.2
PED-10226,2024-02-02,1544,54.0,Electrónica,Web,Otras,TARJETA DE CRÉDITO,88845.22,1,0,5.0,5.0,0,88845.22
PED-13398,2024-07-11,2273,30.0, Hogar ,App,otras, Tarjeta de crédito ,43292.69,1,15,4.0,3.0,1,36798.79
PED-10775,2024-05-24,1332,56.0,Deportes, App ,Otras,Tarjeta de crédito,11184.79,1,0,6.0,,0,11184.79
PED-11992,2025-04-17,1758,56.0,Belleza,App,CABA,Tarjeta de crédito,7462.94,1,0,8.0,4.0,0,7462.94
PED-14087,2024-09-26,1219,50.0,BELLEZA,App,otras,Tarjeta de débito,7120.1,2,0,8.0,3.0,0,14240.2
PED-10169,2025-05-25,2729,43.0,Belleza,Marketplace,CABA,Tarjeta de crédito,5798.85,1,0,4.0,5.0,0,5798.85
PED-14874,2024-10-24,2336,65.0,Hogar,App,Otras,Tarjeta de débito,38093.37,2,10,7.0,5.0,0,68568.07
PED-12143,2024-01-22,1252,34.0,Electrónica,Web,Otras, Tarjeta de débito ,201867.61,1,0,2.0,4.0,0,201867.61
PED-11747,2024-08-03,1358,,Indumentaria,App,Santa Fe,Tarjeta de débito,26499.05,1,0,5.0,5.0,0,26499.05
PED-10845,2025-03-06,1663,,JUGUETES,Web,GBA,mercadopago,17579.19,3,0,6.0,,0,52737.57
PED-11066,2024-11-30,2375,34.0,Electrónica,Web, Santa Fe ,Transferencia,141591.93,1,0,3.0,5.0,1,141591.93
PED-13002,29/06/2024,1451,29.0,Belleza, App ,CABA,Transferencia,12053.08,1,10,3.0,,0,10847.77
PED-11487,2024-06-09,1025,45.0, Electrónica ,Web, CABA ,Tarjeta de débito,52979.92,1,10,4.0,2.0,0,47681.93
PED-14224,2025-02-13,2456,32.0,Belleza,Web,CABA,Transferencia,6290.01,1,0,5.0,,0,6290.01
PED-14148,2025-04-09,1164,40.0,Deportes,Web,CABA,Tarjeta de débito,41792.19,1,25,5.0,1.0,0,31344.14
PED-13607,09/03/2025,2121,62.0,Electrónica,APP,GBA,MERCADOPAGO,121377.74,5,0,5.0,4.0,0,606888.7
PED-14300,2025-06-13,1055,60.0,Indumentaria,Marketplace,Córdoba,Tarjeta de crédito,20099.27,1,0,1.0,5.0,0,20099.27
PED-10699,2025-05-17,2752,31.0,belleza,App,Santa Fe,Tarjeta de débito,19660.54,1,25,2.0,5.0,0,14745.4
PED-12282,2024-05-21,2278,52.0,DEPORTES,Web,GBA,Tarjeta de débito,52812.15,3,5,5.0,1.0,1,150514.63
PED-14750,2025-04-23,2718,41.0,Indumentaria,Web,Otras,Tarjeta de débito,20293.5,1,0,1.0,5.0,0,20293.5
PED-11482,2024-04-28,2581,53.0,Deportes,Web,otras,Tarjeta de crédito,38330.69,1,0,7.0,5.0,0,38330.69
PED-11143,2024-12-31,1446,39.0, Belleza ,App,GBA,MercadoPago,7792.88,1,25,4.0,3.0,0,5844.66
PED-11196,2024-02-09,1168,36.0,Belleza, App ,Otras,TARJETA DE CRÉDITO,6770.42,1,0,4.0,4.0,0,6770.42
PED-11135,09/12/2024,1032,42.0,Belleza,APP,Otras,Transferencia,8903.12,1,0,6.0,,0,8903.12
PED-11207,2024-12-10,1701,29.0,Electrónica,App,CÓRDOBA,Tarjeta de débito,293465.85,1,0,4.0,4.0,0,293465.85
PED-14789,2024-05-09,1161,39.0,Deportes,Web,OTRAS,MERCADOPAGO,31412.78,1,0,3.0,5.0,0,31412.78
PED-12995,16/10/2024,1170,18.0,Indumentaria,web,Otras,Tarjeta de crédito,13915.37,1,0,5.0,3.0,0,13915.37
PED-13502,2025-01-03,1445,38.0,Hogar,App,Santa Fe,TRANSFERENCIA,38734.41,1,0,8.0,2.0,0,38734.41
PED-10225,2025-02-04,2495,39.0,Electrónica,web,Santa Fe,Tarjeta de débito,146755.83,1,0,7.0,4.0,0,146755.83
PED-11120,21/05/2024,1010,46.0,Hogar, App ,CÓRDOBA,MercadoPago,55779.66,1,10,6.0,3.0,1,50201.69
PED-10598,2024-07-02,1006,37.0,Electrónica,WEB,SANTA FE,MercadoPago,230891.81,4,0,6.0,5.0,0,923567.24
PED-13890,09/01/2025,1536,37.0,HOGAR,Web,Córdoba,Tarjeta de crédito,597034.0950894451,1,0,6.0,5.0,0,41506.17
PED-12053,2024-07-01,2052,45.0,Deportes,App,OTRAS,tarjeta de débito,29853.32,2,0,5.0,,0,59706.64
PED-13097,2025-01-24,1275,18.0,Hogar,App,otras,Tarjeta de crédito,54014.87,1,0,2.0,5.0,1,54014.87
PED-10874,2024-12-26,2024,68.0,Hogar,Web,GBA,Tarjeta de crédito,44515.83,1,15,2.0,5.0,0,37838.46
PED-13610,2024-02-28,2638,36.0, Indumentaria ,App,GBA,Tarjeta de crédito,27591.06,2,0,9.0,5.0,0,55182.12
PED-11042,2024-01-17,1455,55.0,ELECTRÓNICA,APP,GBA,Tarjeta de crédito,198265.44,5,20,6.0,5.0,0,793061.76
PED-14182,2025-01-01,1528,34.0,electrónica,Web,Córdoba,Tarjeta de débito,255470.84,4,5,7.0,,0,970789.19
PED-11554,2024-11-26,2524,39.0,Hogar,Web,GBA,Tarjeta de débito,648600.8231009892,1,0,5.0,4.0,0,45091.12
PED-14968,2024-10-10,2130,,Electrónica,Web,GBA,Efectivo,157144.51,1,0,5.0,5.0,1,157144.51
PED-11876,2024-07-18,1986,47.0,Indumentaria,Marketplace,CABA,Tarjeta de crédito,22623.9,1,15,4.0,4.0,1,19230.32
PED-13914,2024-05-19,1035,68.0,Electrónica, Web ,Santa Fe,Transferencia,196432.61,1,0,3.0,4.0,0,196432.61
PED-14717,2024-05-25,1807,37.0,Indumentaria,Marketplace,Mendoza,Tarjeta de débito,19089.81,1,0,6.0,5.0,1,19089.81
PED-12677,2025-04-28,2101,42.0,Belleza,Web,otras,MercadoPago,15347.23,1,0,,4.0,0,15347.23
PED-14198,2025-04-22,1569,42.0,electrónica, Web ,MENDOZA, Transferencia ,135331.37,1,0,2.0,4.0,0,135331.37
PED-13575,2024-01-19,1735,41.0,Indumentaria,Marketplace,GBA,Transferencia,26542.5,1,0,4.0,4.0,0,26542.5
PED-11059,2024-02-16,2203,48.0,Belleza,Marketplace,CABA,Tarjeta de crédito,9619.98,1,0,4.0,,0,9619.98
PED-11229,2024-08-20,1863,47.0,INDUMENTARIA,APP,gba,Tarjeta de débito,42619.86,1,0,2.0,3.0,0,42619.86
PED-13486,2024-02-23,1651,36.0,Electrónica,Web,Santa Fe,Tarjeta de crédito,186556.78,1,0,4.0,4.0,0,186556.78
PED-14195,2024-05-14,2157,24.0,belleza,Web,CABA,Tarjeta de débito,12260.3,1,0,11.0,3.0,0,12260.3
PED-10321,2025-05-27,2602,40.0,DEPORTES,App,CABA,Efectivo,29046.64,2,0,5.0,5.0,0,58093.28
PED-11115,2024-12-24,2729,29.0,Hogar,web,Mendoza,Tarjeta de crédito,39095.02,2,0,4.0,3.0,0,78190.04
PED-11022,2025-05-15,1764,36.0,Indumentaria,Web,Mendoza,Tarjeta de débito,18580.3,1,0,5.0,,0,18580.3
PED-11620,2025-03-27,1716,20.0,Electrónica,App, GBA ,Tarjeta de débito,165311.5,1,0,4.0,5.0,0,165311.5
PED-11471,2024-10-31,1996,21.0,Electrónica,Web,CABA,Tarjeta de crédito,269852.76,1,0,6.0,,1,269852.76
PED-10634,2024-04-30,1924,32.0,Hogar,Web,Córdoba,EFECTIVO,16637.8,1,5,7.0,4.0,0,15805.91
PED-12174,2025-03-11,1268,49.0,Hogar,App,Córdoba, Transferencia ,55241.69,72,15,3.0,5.0,0,93910.87
PED-11155,2024-01-20,2098,26.0,Indumentaria,App,Otras,tarjeta de crédito,25991.35,1,5,5.0,5.0,0,24691.78
PED-14010,2024-01-19,1755,32.0,Indumentaria,Web,Santa Fe,Tarjeta de débito,33387.16,1,0,3.0,4.0,0,33387.16
PED-10631,2024-03-13,2173,49.0,Juguetes,App,Santa Fe,Tarjeta de débito,18659.52,1,15,8.0,2.0,0,15860.59
PED-10237,2024-08-13,2510,34.0,Electrónica,app,CABA,Tarjeta de crédito,84960.97,1,10,6.0,5.0,0,76464.87
PED-11600,17/10/2024,1617,25.0,ELECTRÓNICA, App ,CABA,Tarjeta de crédito,169002.51,1,0,5.0,5.0,0,169002.51
PED-13244,2025-01-03,2324,45.0,Juguetes,Web,gba,transferencia,14375.57,1,0,3.0,5.0,0,14375.57
PED-14135,2024-10-30,2463,43.0, Deportes ,Marketplace,CABA,Tarjeta de crédito,53233.7,1,5,6.0,5.0,0,50572.01
PED-14286,2024-05-07,2561,19.0,ELECTRÓNICA,Web,Córdoba,TARJETA DE DÉBITO,272917.19,1,5,4.0,5.0,0,259271.33
PED-14614,2024-04-20,1095,48.0,Hogar,Marketplace,Otras,tarjeta de crédito,52065.3,1,0,5.0,5.0,0,52065.3
PED-10846,2024-11-04,1829,24.0,Indumentaria,Marketplace, Otras ,MercadoPago,40179.17,1,20,7.0,4.0,0,0.0
PED-12660,2024-08-18,1660,60.0,indumentaria,WEB,Otras,MercadoPago,30389.76,1,10,,5.0,0,27350.78
PED-10656,2024-11-07,2018,41.0,Deportes,Web,CABA,TARJETA DE CRÉDITO,35855.56,1,0,5.0,5.0,0,35855.56
PED-12345,2025-02-09,2126,39.0,Belleza,Web, Córdoba ,Transferencia,7817.8,2,0,3.0,5.0,0,15635.6
PED-14023,2024-02-19,2069,40.0,Electrónica,Marketplace,GBA, Efectivo ,173082.03,2,15,1.0,5.0,0,294239.45
PED-10430,2024-08-02,1557,31.0,Deportes,Marketplace,GBA,Transferencia,29291.56,4,0,1.0,4.0,0,117166.24
PED-11801,2024-05-28,1392,33.0,Indumentaria,App,CABA,Tarjeta de crédito,27660.31,1,20,6.0,5.0,0,22128.25
PED-11867,2024-07-18,1565,53.0,JUGUETES,WEB,CABA, Transferencia ,9907.9,2,0,7.0,5.0,0,19815.8
PED-10068,2024-02-22,2272,30.0,INDUMENTARIA,Web,Otras,MercadoPago,26983.49,2,0,4.0,4.0,0,53966.98
PED-10139,2025-01-08,2161,37.0,Indumentaria,MARKETPLACE,GBA,Tarjeta de débito,33099.31,1,0,1.0,5.0,0,33099.31
PED-10150,2024-03-21,1267,43.0,Deportes,Web,gba,Tarjeta de débito,65485.8,1,0,4.0,5.0,0,65485.8
PED-10871,2025-04-13,2537,50.0,Electrónica,Web,GBA,Tarjeta de crédito,174791.36,1,0,8.0,5.0,0,174791.36
PED-12605,2024-02-26,1935,34.0,Juguetes,Web,Otras,tarjeta de crédito,16623.95,1,0,7.0,1.0,0,16623.95
PED-14918,2024-01-14,1188,59.0,indumentaria,Web, Mendoza ,Transferencia,21816.77,1,10,3.0,5.0,1,19635.09
PED-10242,2025-05-30,1302,64.0,Belleza,App,Otras,MERCADOPAGO,17049.86,1,0,6.0,,0,17049.86
PED-10884,2024-11-13,2303,50.0,Indumentaria,MARKETPLACE,santa fe,TARJETA DE CRÉDITO,20343.87,1,15,4.0,3.0,0,17292.29
PED-10976,2024-05-25,1030,0.0,Belleza,Web,Santa Fe, MercadoPago ,13761.82,2,0,6.0,,0,27523.64
PED-11865,2024-08-19,1394,35.0,juguetes,web,GBA,Transferencia,16608.34,1,0,4.0,5.0,0,16608.34
PED-11679,2024-05-28,1758,59.0,Indumentaria,Web,gba,Tarjeta de crédito,6838.54,1,5,7.0,3.0,0,6496.61
PED-13041,2025-04-24,1418,32.0,Belleza,App,CABA,Efectivo,9775.49,1,5,8.0,5.0,0,9286.72
PED-11863,2024-01-10,1933,46.0,Belleza,,CABA,Efectivo,17600.85,2,10,9.0,5.0,0,31681.53
PED-14773,2024-07-09,1879,39.0,Indumentaria,Web,CABA,TARJETA DE DÉBITO,26657.83,1,0,4.0,5.0,0,26657.83
PED-10792,06/04/2024,1799,46.0,Electrónica,WEB,GBA, Tarjeta de crédito ,160841.33,1,5,5.0,2.0,0,152799.26
PED-10372,2024-10-28,1247,57.0,Belleza,Marketplace,SANTA FE,Tarjeta de crédito,15349.36,1,15,3.0,2.0,0,13046.96
PED-14170,2024-10-11,2273,36.0, Deportes ,WEB,Otras,Efectivo,48585.3,1,0,3.0,4.0,0,48585.3
PED-10199,08/04/2024,1441,30.0,Belleza,App,GBA,Tarjeta de débito,16745.17,1,0,4.0,5.0,0,16745.17
PED-13485,2024-09-23,2302,23.0, Belleza ,Web,GBA,Tarjeta de crédito,12359.29,3,0,3.0,5.0,0,37077.87
PED-14826,2024-04-20,1514,55.0,electrónica,APP,GBA,Tarjeta de débito,252997.31,1,0,7.0,4.0,0,252997.31
PED-13552,2025-05-13,1795,23.0,Belleza,Marketplace,Otras,Tarjeta de débito,10304.17,2,0,2.0,5.0,1,20608.34
PED-11953,2024-08-22,1860,59.0,Deportes,marketplace,GBA,Tarjeta de crédito,46176.69,2,0,8.0,3.0,0,92353.38
PED-11295,2025-06-10,1041,43.0,DEPORTES,MARKETPLACE,Santa Fe,Tarjeta de débito,45735.57,1,15,3.0,5.0,0,38875.23
PED-11467,2024-04-30,1748,, Hogar ,web, CABA ,Tarjeta de débito,48899.21,3,0,4.0,5.0,0,146697.63
PED-11163,2024-04-29,1107,58.0, Electrónica ,Web,Otras,Efectivo,303377.3,4,0,6.0,5.0,0,1213509.2
PED-14049,2025-04-02,2590,48.0,Juguetes, Web ,Santa Fe,Tarjeta de crédito,13875.75,1,5,1.0,4.0,0,13181.96
PED-13010,29/05/2025,1206,51.0,juguetes,Marketplace,Otras,Efectivo,13412.58,5,15,3.0,,0,57003.46
PED-10823,2024-08-05,1510,40.0,indumentaria,MARKETPLACE,Córdoba,Tarjeta de crédito,35022.84,1,0,1.0,5.0,0,35022.84
PED-12696,2025-03-16,1847,33.0,Belleza,App, CABA ,Tarjeta de débito,13141.93,1,0,2.0,4.0,0,13141.93
PED-10294,2024-02-20,2759,36.0,Electrónica,app,Mendoza,MercadoPago,180268.49,1,25,6.0,5.0,0,135201.37
PED-11320,2025-05-15,1555,43.0,Deportes,app,CABA,MercadoPago,29907.79,1,0,2.0,5.0,1,29907.79
PED-10761,2024-01-05,1937,24.0,Indumentaria,App,Córdoba,Tarjeta de crédito,43976.66,1,5,7.0,4.0,0,41777.83
PED-12298,2025-01-09,1814,18.0,indumentaria,APP,CABA,Tarjeta de crédito,25206.48,1,0,3.0,5.0,0,25206.48
PED-13034,2024-09-28,1266,18.0,Belleza,Web,Mendoza,Tarjeta de crédito,500.0,1,0,4.0,4.0,0,500.0
PED-10499,2025-06-09,2782,48.0,Hogar,Web,CABA,Tarjeta de débito,39821.47,1,0,4.0,5.0,0,39821.47
PED-11355,2024-05-01,1379,43.0,belleza,Web,CABA,Efectivo,15846.47,5,25,6.0,4.0,0,59424.26
PED-10605,2024-07-23,2514,18.0,Indumentaria, App ,Mendoza,Tarjeta de crédito,26289.07,5,0,3.0,2.0,0,131445.35
PED-14183,2024-04-25,1330,22.0,indumentaria,App,GBA,Tarjeta de crédito,15244.09,1,0,9.0,4.0,0,15244.09
PED-12614,2025-06-25,1608,43.0,deportes,App,CABA,Tarjeta de débito,56398.14,1,5,7.0,4.0,0,53578.23
PED-10351,28/06/2024,1759,65.0,Belleza,MARKETPLACE,GBA,MercadoPago,17463.39,2,15,3.0,4.0,0,29687.76
PED-13074,2024-06-23,1574,32.0,Deportes,Web,CABA,TARJETA DE CRÉDITO,31617.19,1,10,2.0,4.0,0,28455.47
PED-10305,2024-01-05,2592,18.0,Belleza,Web,CABA,transferencia,11061.42,1,0,7.0,4.0,1,11061.42
PED-12994,2024-01-04,2776,47.0,Electrónica,Marketplace,Otras,MERCADOPAGO,221027.78,1,10,,5.0,0,198925.0
PED-10025,2024-01-22,1800,35.0,electrónica, App ,GBA,Tarjeta de crédito,159821.24,1,0,3.0,4.0,0,159821.24
PED-10580,2025-03-10,1453,52.0,Electrónica,Web,CABA,Tarjeta de crédito,169797.9,3,0,8.0,5.0,0,509393.7
PED-11136,2024-01-11,2219,,hogar,Web,Otras,Tarjeta de débito,65781.62,1,5,6.0,1.0,0,62492.54
PED-10447,2024-12-04,1192,55.0,indumentaria,Web,GBA, Efectivo ,41034.91,1,10,4.0,,0,36931.42
PED-14964,2024-10-09,1830,50.0,Belleza,Marketplace,Otras,Tarjeta de débito,12724.02,1,0,2.0,2.0,0,12724.02
PED-13287,2024-03-03,2383,27.0,Deportes,Web,Córdoba,EFECTIVO,32820.74,1,0,6.0,5.0,0,32820.74
PED-13299,2024-04-30,1415,37.0,Indumentaria, Web ,GBA,MercadoPago,41142.74,1,20,8.0,5.0,0,32914.19
PED-14106,04/05/2025,2552,39.0,Deportes, Marketplace ,Córdoba,MercadoPago,41107.98,1,0,2.0,4.0,0,41107.98
PED-13614,2024-04-27,1794,45.0,Belleza, App ,GBA,MercadoPago,13404.98,1,0,8.0,3.0,0,13404.98
PED-13587,2024-01-14,1465,35.0,Belleza,Web,GBA,TARJETA DE CRÉDITO,10423.25,1,0,7.0,4.0,0,10423.25
PED-10822,2025-01-30,1224,49.0, Hogar ,Marketplace,GBA,Efectivo,61905.52,1,0,6.0,4.0,0,61905.52
PED-11212,2024-01-07,2787,18.0,Belleza, Marketplace ,GBA,efectivo,13512.83,1,10,5.0,4.0,0,12161.55
PED-14222,2024-01-04,2355,19.0,Hogar,Marketplace,Otras,Transferencia,44133.36,1,0,2.0,,0,44133.36
PED-13084,2025-01-03,1696,40.0,Juguetes,MARKETPLACE,gba,Transferencia,10564.65,2,0,8.0,,0,21129.3
PED-10989,2024-09-24,2799,46.0,Indumentaria,Web,CABA,Tarjeta de crédito,27970.88,1,10,2.0,4.0,0,25173.79
PED-11459,2024-09-26,2474,28.0,Deportes, App ,Santa Fe,MercadoPago,41156.59,1,5,5.0,5.0,0,39098.76
PED-10819,2024-12-11,2535,68.0,Deportes,web,GBA,Tarjeta de crédito,34654.0,2,15,5.0,4.0,0,58911.8
PED-12291,2025-03-01,2465,66.0,Deportes,Web,CABA,MERCADOPAGO,69624.73,1,5,7.0,4.0,0,66143.49
PED-13373,19/01/2024,1270,59.0,Hogar,web,Mendoza,Transferencia,86270.44,1,0,7.0,5.0,0,86270.44
PED-14397,2024-11-19,1287,25.0,Hogar,APP,CABA,Transferencia,86869.0,1,5,3.0,3.0,1,82525.55
PED-14745,2024-01-10,1714,35.0,Electrónica,web,Otras,Efectivo,133498.16,1,25,8.0,5.0,0,100123.62
PED-11768,2025-01-15,1520,28.0,Indumentaria,App,santa fe, Tarjeta de crédito ,10250.68,2,0,4.0,4.0,0,20501.36
PED-14576,2025-05-10,1455,43.0,Hogar,App,Santa Fe,Tarjeta de crédito,71480.36,1,0,3.0,4.0,0,71480.36
PED-10786,2024-10-15,1261,63.0,Indumentaria,web,Mendoza,MERCADOPAGO,36629.38,1,0,13.0,4.0,0,36629.38
PED-14628,2024-05-27,1922,18.0,JUGUETES,App,CABA,tarjeta de crédito,9924.9,1,15,6.0,2.0,1,8436.16
PED-12555,2025-05-31,1418,40.0,JUGUETES,APP,Córdoba,Tarjeta de débito,13392.53,1,25,6.0,4.0,0,10044.4
PED-11761,2024-09-09,2282,61.0,Hogar,WEB,Córdoba,Tarjeta de débito,59298.63,1,0,10.0,4.0,0,59298.63
PED-12123,2024-10-31,1765,56.0,Hogar,Web,Córdoba,mercadopago,30149.32,1,0,10.0,5.0,0,30149.32
PED-14404,2024-09-16,1267,32.0,Deportes,Web,Otras,Tarjeta de débito,10977.75,2,25,4.0,4.0,0,16466.62
PED-11557,2024-03-05,2205,36.0,Hogar,Marketplace,CABA,Tarjeta de crédito,47800.27,2,0,3.0,5.0,0,95600.54
PED-13704,2025-03-21,2625,36.0,Hogar, Web ,Córdoba,Tarjeta de crédito,40059.2,3,0,5.0,5.0,0,120177.6
PED-13467,2024-11-09,1075,22.0,Electrónica,Web,GBA,Tarjeta de débito,79866.06,1,0,5.0,5.0,0,79866.06
PED-10009,2024-11-26,1446,31.0,Juguetes,Web,otras,Tarjeta de crédito,28149.24,1,0,6.0,5.0,0,28149.24
PED-11302,22/06/2025,1770,49.0,indumentaria,Web,CABA,Tarjeta de crédito,37220.23,1,0,6.0,5.0,0,37220.23
PED-12894,2024-05-18,2229,49.0,DEPORTES,Web,GBA,MercadoPago,38974.14,5,5,2.0,,0,185127.16
PED-13691,2024-01-11,1318,19.0,Hogar,Web,gba,,69153.74,1,0,4.0,5.0,0,69153.74
PED-14520,2024-05-14,2574,43.0,Hogar,WEB,Otras,Tarjeta de débito,27017.84,2,0,6.0,5.0,0,54035.68
PED-11615,28/08/2024,2620,32.0,Indumentaria,Web,Mendoza,Tarjeta de débito,23155.71,1,0,1.0,3.0,0,23155.71
PED-11793,2024-12-10,1337,35.0,HOGAR,App,OTRAS,Transferencia,69864.88,1,5,5.0,1.0,0,66371.64
PED-13623,2025-03-13,2044,43.0,Indumentaria,Web,GBA,Transferencia,19762.59,1,0,5.0,5.0,1,19762.59
PED-10323,2024-04-27,1269,,Indumentaria,app,santa fe,Tarjeta de crédito,27516.18,3,10,4.0,3.0,0,74293.69
PED-13992,2024-09-01,2565,71.0,Hogar,MARKETPLACE,,tarjeta de crédito,62670.89,2,15,1.0,4.0,0,106540.51
PED-14982,2024-06-19,1014,42.0,Juguetes,Web,Santa Fe,Tarjeta de crédito,10249.71,1,20,5.0,5.0,0,8199.77
PED-12266,2024-07-09,2010,18.0,Belleza,Marketplace,OTRAS,,12703.74,1,0,8.0,4.0,0,12703.74
PED-12210,2025-06-16,2634,37.0,Belleza,Marketplace,CABA,Tarjeta de crédito,4942.27,2,0,2.0,2.0,0,9884.54
PED-14083,2025-05-29,1241,33.0,Indumentaria,App,Santa Fe,MercadoPago,33647.68,2,10,6.0,4.0,0,60565.82
PED-13839,2025-02-27,1063,51.0,Indumentaria,,otras, Tarjeta de débito ,23102.6,2,5,4.0,5.0,0,43894.94
PED-13626,08/01/2024,2747,53.0,Hogar,App,Mendoza,tarjeta de débito,27468.58,1,0,3.0,2.0,0,27468.58
PED-11927,2025-06-05,2019,27.0,Juguetes,Marketplace,CABA,tarjeta de débito,28061.58,2,0,1.0,2.0,0,56123.16
PED-11995,2024-10-28,1571,37.0,Indumentaria,marketplace,santa fe,Transferencia,31327.65,1,0,2.0,4.0,0,31327.65
PED-14970,2024-04-14,2237,36.0,Belleza,Web,Córdoba,Tarjeta de crédito,15615.02,1,10,1.0,5.0,0,14053.52
PED-12327,2024-10-02,2546,39.0,Deportes,Web, CABA ,Tarjeta de débito,32662.1,4,25,5.0,5.0,0,97986.3
PED-11546,2024-04-11,1997,36.0,Belleza,App,Mendoza,Transferencia,10620.08,1,10,4.0,,0,9558.07
PED-13707,2024-03-05,1735,59.0,Indumentaria,Marketplace,,MercadoPago,33747.37,2,0,6.0,4.0,0,67494.74
PED-13548,2024-12-16,2256,50.0,Electrónica,Web,GBA,Tarjeta de crédito,144588.03,3,15,1.0,5.0,0,368699.48
PED-11675,2025-05-31,2544,18.0,Indumentaria,WEB, CABA ,tarjeta de crédito,20460.18,1,0,2.0,5.0,0,20460.18
PED-10098,2024-04-08,1012,65.0,Electrónica,App,GBA,Efectivo,51920.95,1,0,2.0,4.0,0,51920.95
PED-11132,2025-03-15,1456,,DEPORTES,App, Otras ,MercadoPago,21508.45,1,0,3.0,4.0,0,21508.45
PED-13499,2025-01-30,2296,50.0,belleza,App,CABA,Tarjeta de crédito,4594.39,2,0,4.0,1.0,0,0.0
PED-14986,2024-03-19,1452,26.0,Indumentaria,App,Mendoza,TARJETA DE CRÉDITO,21841.79,1,15,5.0,,0,18565.52
PED-14763,2024-09-03,1924,33.0,Hogar,APP,gba,Tarjeta de crédito,45343.23,1,5,4.0,3.0,1,43076.07
PED-14139,2025-04-18,1875,51.0,HOGAR,Marketplace, Córdoba ,TARJETA DE DÉBITO,57763.42,1,0,7.0,5.0,0,57763.42
PED-14375,2025-03-15,1631,54.0,Hogar,App,SANTA FE, Tarjeta de crédito ,29782.22,3,10,3.0,3.0,0,80411.99
PED-12448,2025-05-19,2606,44.0,Indumentaria,Web,GBA,Tarjeta de crédito,17962.62,1,0,1.0,5.0,0,17962.62
PED-13003,2025-05-23,2253,32.0,Hogar,Web,gba,Efectivo,37575.25,1,25,5.0,4.0,0,28181.44
PED-10553,2024-05-24,1848,46.0,INDUMENTARIA,Web,GBA,Transferencia,9596.99,3,15,5.0,5.0,0,24472.32
PED-14647,2025-05-16,1430,48.0,Deportes,App,otras,Tarjeta de crédito,42428.41,2,0,6.0,5.0,0,84856.82
PED-10941,2024-03-22,2485,27.0,electrónica,App,CABA,Efectivo,253471.18,2,0,7.0,3.0,0,506942.36
PED-13355,2025-05-13,2273,46.0,Electrónica,App,CABA,Tarjeta de débito,332375.12,1,0,8.0,4.0,0,332375.12
PED-10919,2024-08-16,1744,45.0,Hogar,App,CÓRDOBA,Tarjeta de débito,44324.0,1,5,4.0,1.0,1,42107.8
PED-10731,2024-01-01,2061,29.0,Belleza,app,GBA,Efectivo,12765.73,2,5,6.0,4.0,0,24254.89
PED-14829,2024-09-29,1668,51.0,Deportes,Marketplace,CABA, MercadoPago ,33496.12,2,0,5.0,5.0,1,66992.24
PED-12821,2024-07-23,1743,28.0,Electrónica,Web,Otras,MercadoPago,133983.66,1,10,3.0,3.0,0,120585.29
PED-10807,2024-02-16,1269,39.0,deportes,Web,Mendoza,transferencia,42239.13,4,10,3.0,,0,152060.87
PED-14103,2025-01-02,1318,41.0,BELLEZA,Web,CABA, Tarjeta de crédito ,13221.57,1,0,5.0,5.0,0,13221.57
PED-13059,2025-01-12,1170,37.0,BELLEZA,WEB,Mendoza,Tarjeta de crédito,11165.54,5,10,3.0,4.0,0,50244.93
PED-12745,2024-11-24,1323,44.0,Deportes,WEB,GBA,Transferencia,42454.44,1,10,5.0,3.0,0,38209.0
PED-10942,2025-05-28,2774,51.0,BELLEZA,App,GBA,Tarjeta de crédito,12916.93,1,10,7.0,5.0,0,11625.24
PED-12983,2025-04-19,2631,26.0,Deportes,Marketplace,GBA,Tarjeta de crédito,43414.58,2,0,2.0,4.0,0,86829.16
PED-14301,2024-10-20,1327,33.0, Hogar ,App,CABA,transferencia,63032.81,4,0,,1.0,0,252131.24
PED-13460,2024-05-15,2112,18.0,Electrónica,web,SANTA FE,Efectivo,120740.62,3,0,4.0,5.0,0,362221.86
PED-13413,2024-12-01,2259,33.0,Belleza,Web,OTRAS,Tarjeta de débito,12699.43,4,10,8.0,2.0,0,45717.95
PED-11901,2025-06-03,1278,38.0,deportes,web,Otras,Transferencia,18822.16,1,0,4.0,4.0,0,18822.16
PED-13475,2024-09-21,1783,18.0,Electrónica,app,GBA, Efectivo ,259158.72,1,10,4.0,1.0,0,233242.85
PED-13191,2024-03-13,1690,29.0,Electrónica,Marketplace,mendoza,Transferencia,365183.96,1,0,7.0,5.0,0,365183.96
PED-14321,01/09/2024,2526,18.0,Belleza,Web,CABA,Tarjeta de crédito,11096.9,3,0,1.0,5.0,0,33290.7
PED-14262,2024-06-08,1770,43.0,Deportes,App, GBA ,MercadoPago,58969.41,2,0,1.0,3.0,1,117938.82
PED-12566,2025-05-31,2563,30.0,Deportes,web,GBA,Tarjeta de débito,25074.18,1,5,2.0,5.0,0,23820.47
PED-10849,2025-03-11,2675,47.0,Hogar,Web,OTRAS,Tarjeta de crédito,39691.83,2,0,7.0,5.0,0,79383.66
PED-11006,2024-04-07,1899,22.0,BELLEZA,App,,Tarjeta de crédito,13520.01,1,0,7.0,,0,13520.01
PED-10679,2024-03-07,1905,52.0,Belleza,MARKETPLACE,,Tarjeta de débito,10196.08,1,0,1.0,,0,10196.08
PED-10630,2024-03-18,2269,24.0, Juguetes ,Marketplace,CABA,Tarjeta de crédito,26529.47,2,15,5.0,4.0,0,45100.1
PED-14898,2024-03-19,2752,45.0,Juguetes,Web, GBA ,tarjeta de crédito,19403.41,1,0,6.0,5.0,0,19403.41
PED-10163,2024-07-02,1104,35.0,Deportes,App,GBA, Tarjeta de crédito ,43601.6,1,25,3.0,5.0,0,32701.2
PED-10951,2024-08-13,1035,37.0,electrónica,Web,Otras,Transferencia,183022.91,1,0,2.0,5.0,1,183022.91
PED-13291,2024-07-23,2709,35.0,Belleza,app,GBA,,17439.36,2,10,4.0,3.0,0,31390.85
PED-10910,2024-06-26,1913,48.0,Deportes,Web,Otras,tarjeta de débito,33703.8,1,0,3.0,3.0,0,33703.8
PED-12810,2024-08-12,1276,28.0,Electrónica,Marketplace,CABA,tarjeta de crédito,108995.96,1,0,5.0,5.0,0,108995.96
PED-10709,2024-08-10,1131,32.0,Juguetes,Marketplace,Otras,Tarjeta de débito,20045.11,1,0,1.0,4.0,0,20045.11
PED-10450,2024-12-07,2317,42.0, Indumentaria ,Web,Mendoza,Tarjeta de débito,19178.49,2,0,3.0,3.0,0,38356.98
PED-13710,2025-03-14,1242,39.0,Hogar,Marketplace,Córdoba,TARJETA DE CRÉDITO,42108.19,1,5,5.0,5.0,0,40002.78
PED-11765,2024-04-19,1977,27.0,Juguetes,App,Mendoza,Tarjeta de crédito,22878.47,1,5,1.0,3.0,0,21734.55
PED-13935,2024-12-29,2751,18.0,Electrónica,web,GBA,Transferencia,-214714.11,4,10,4.0,5.0,0,772970.8
PED-13140,2024-10-15,2119,47.0,Indumentaria,App,Mendoza,MercadoPago,27162.1,1,0,2.0,5.0,0,27162.1
PED-12775,2025-02-01,1231,53.0,Hogar,Web,CABA,Tarjeta de débito,61182.2,2,0,,,0,122364.4
PED-11707,2024-10-05,2112,31.0,Juguetes,App,Otras,MercadoPago,13895.17,1,0,8.0,2.0,0,13895.17
PED-13919,2025-01-02,1016,18.0,Belleza,Web,,Tarjeta de débito,9131.53,1,0,6.0,3.0,0,9131.53
PED-11780,2024-04-01,2601,34.0,Deportes,App, GBA ,Efectivo,22960.19,1,0,2.0,3.0,0,22960.19
PED-10457,2024-03-10,2289,45.0,Electrónica,Web, CABA ,Transferencia,207125.75,1,0,5.0,4.0,0,207125.75
PED-11902,2024-11-15,2798,18.0,Electrónica, Web ,GBA,Efectivo,231565.96,2,0,1.0,4.0,1,463131.92
PED-13367,2024-12-28,1161,28.0,Indumentaria,App,Córdoba,Tarjeta de débito,20077.99,2,25,6.0,,0,30116.98
PED-13899,2024-07-29,1552,33.0,Hogar,Marketplace,Córdoba,Transferencia,36091.39,1,20,1.0,,0,28873.11
PED-11073,2025-02-05,2395,30.0,Electrónica,App,GBA,Tarjeta de débito,140331.68,2,0,4.0,5.0,1,280663.36
PED-14350,2024-05-10,1492,31.0,ELECTRÓNICA, App ,CABA,Transferencia,349336.07,1,0,3.0,5.0,0,349336.07
PED-14211,2024-07-12,2177,35.0,Hogar,Web,GBA,Tarjeta de crédito,76201.01,1,0,2.0,,0,76201.01
PED-14441,2024-08-04,1050,46.0,Belleza,App,Córdoba,Transferencia,10050.18,1,0,2.0,4.0,0,10050.18
PED-10927,2024-04-29,1825,44.0,JUGUETES,marketplace,Córdoba,Tarjeta de crédito,19992.16,2,0,2.0,1.0,0,39984.32
PED-14519,2024-09-15,2300,63.0,Electrónica,App,CABA,tarjeta de débito,194266.0,2,0,2.0,4.0,0,388532.0
PED-11086,2024-02-08,2461,52.0,Indumentaria,Web,caba,Tarjeta de crédito,17528.12,1,5,4.0,4.0,0,16651.71
PED-11672,2024-12-18,1999,35.0,Juguetes,,OTRAS,Tarjeta de débito,13689.22,1,5,3.0,4.0,0,13004.76
PED-13843,2025-05-07,1402,46.0,Deportes, App ,GBA,Transferencia,25868.76,1,0,4.0,5.0,0,25868.76
PED-11236,2025-04-11,1339,37.0,Deportes,App,Córdoba,Tarjeta de débito,47885.25,2,0,4.0,4.0,0,95770.5
PED-12107,2025-06-02,2221,29.0,Juguetes,Web,Córdoba,Tarjeta de crédito,7797.31,1,0,2.0,5.0,0,7797.31
PED-12485,2025-01-29,1145,33.0, Indumentaria ,Web,córdoba,Tarjeta de débito,2939.28,1,0,2.0,5.0,0,2939.28
PED-14174,25/05/2024,2615,18.0,Belleza,App,córdoba,Efectivo,12101.84,1,0,1.0,,0,12101.84
PED-14544,2025-03-08,1068,,Juguetes,Web,Córdoba,Tarjeta de débito,16831.88,1,0,1.0,4.0,0,16831.88
PED-14079,17/10/2024,1146,39.0, Electrónica ,Web,Otras,Transferencia,167890.96,1,0,9.0,5.0,1,167890.96
PED-10422,2024-02-08,2583,31.0,BELLEZA,web,Córdoba,tarjeta de débito,6371.48,1,0,8.0,5.0,0,6371.48
PED-10529,07/09/2024,2468,61.0,Electrónica,Marketplace,GBA,Tarjeta de crédito,103723.21,1,5,5.0,4.0,0,98537.05
PED-10156,2025-02-06,1307,23.0,Indumentaria,App,Santa Fe,Tarjeta de débito,30925.57,2,0,8.0,5.0,0,61851.14
PED-14808,2025-01-01,2728,18.0,Indumentaria,Web,Mendoza,Transferencia,17947.6,1,0,5.0,4.0,0,17947.6
PED-10047,2025-03-30,2738,31.0,Electrónica,Web,CABA,,233220.79,1,0,4.0,3.0,0,233220.79
PED-12420,2024-02-10,2141,34.0,deportes,Web,CABA,Tarjeta de débito,43291.33,1,15,6.0,5.0,0,36797.63
PED-14254,24/08/2024,1070,21.0,Deportes,App, CABA ,Tarjeta de crédito,31550.47,1,5,1.0,5.0,0,29972.95
PED-11943,2024-08-20,1349,18.0,Indumentaria,App,Santa Fe, Tarjeta de débito ,22996.2,1,0,3.0,4.0,0,22996.2
PED-10357,2024-12-01,1500,47.0,Electrónica,Marketplace,GBA,tarjeta de débito,178811.51,4,10,9.0,4.0,1,643721.44
PED-11548,2024-01-19,2059,46.0,Indumentaria,Web,Santa Fe,Tarjeta de crédito,15574.79,5,0,5.0,5.0,0,77873.95
PED-11107,21/04/2025,1077,24.0,electrónica,APP,GBA, Transferencia ,182784.03,1,0,8.0,5.0,0,182784.03
PED-13550,09/09/2024,2717,51.0,Deportes,App,,Tarjeta de débito,50215.18,1,0,6.0,4.0,0,50215.18
PED-11932,2024-05-03,1850,24.0,Electrónica,App,GBA,Transferencia,168180.62,1,10,6.0,4.0,0,151362.56
PED-12300,2025-02-01,2455,37.0,Indumentaria,Web,Otras,mercadopago,27303.97,1,0,6.0,5.0,0,27303.97
PED-14962,2024-05-04,1377,,Indumentaria,App,Mendoza,Tarjeta de crédito,22926.71,2,5,7.0,5.0,0,43560.75
PED-14671,2024-03-25,1860,48.0,Belleza,Web,CABA,Transferencia,13770.88,1,10,3.0,5.0,0,12393.79
PED-10979,2024-12-21,1793,44.0,INDUMENTARIA,Web,Santa Fe,Transferencia,25189.08,1,20,7.0,4.0,1,20151.26
PED-11973,2025-02-16,1805,34.0,Hogar,App,CABA,Tarjeta de crédito,32949.51,1,0,4.0,4.0,0,32949.51
PED-12393,2024-05-06,1531,46.0,BELLEZA,Web,GBA,tarjeta de crédito,13169.47,1,15,1.0,5.0,0,11194.05
PED-11190,2024-10-27,2401,41.0,Belleza,Web,CABA,TARJETA DE DÉBITO,9788.5,1,0,4.0,5.0,0,9788.5
PED-14226,2024-08-12,2547,18.0, Electrónica ,App,CABA,Tarjeta de crédito,270826.66,1,0,4.0,4.0,1,270826.66
PED-14194,2024-10-26,1615,46.0,BELLEZA,App,Otras,MercadoPago,15838.95,2,0,9.0,4.0,0,31677.9
PED-12761,2024-12-21,2582,33.0,Deportes,web,Mendoza,MercadoPago,28713.12,1,0,7.0,5.0,0,28713.12
PED-10402,2024-01-19,1330,29.0,deportes,Web,CABA,Tarjeta de crédito,53384.24,1,25,8.0,5.0,1,40038.18
PED-10494,2025-03-16,1296,41.0,Indumentaria,Marketplace,Mendoza,Transferencia,8444.67,1,0,1.0,5.0,0,8444.67
PED-12178,2024-11-02,2370,25.0,deportes,Marketplace,CABA,MercadoPago,15390.24,2,15,4.0,5.0,0,26163.41
PED-11575,2024-05-12,2641,31.0,Electrónica,Web,caba,tarjeta de débito,330688.02,1,0,11.0,3.0,0,330688.02
PED-11122,2024-11-19,2663,57.0,ELECTRÓNICA,web,otras,tarjeta de crédito,157860.24,2,5,7.0,,0,299934.46
PED-13721,2025-05-17,2476,43.0,Hogar,marketplace,Santa Fe,Tarjeta de crédito,40452.54,2,5,1.0,4.0,0,76859.83
PED-10692,2024-11-15,2040,45.0,Indumentaria,Marketplace, Otras ,Tarjeta de crédito,21457.6,2,0,4.0,5.0,0,42915.2
PED-14742,2024-02-17,2443,38.0,Electrónica,Marketplace,Otras,transferencia,217093.57,1,0,1.0,5.0,0,217093.57
PED-12238,2024-10-03,1917,34.0,Belleza,App,GBA,Tarjeta de crédito,18587.6,1,0,6.0,3.0,0,18587.6
PED-10246,2024-01-17,1873,26.0,Electrónica,Web,Otras, MercadoPago ,170012.13,1,0,1.0,5.0,0,170012.13
PED-11091,2025-01-31,2242,41.0,Hogar,WEB,Córdoba,Tarjeta de débito,36321.59,1,15,3.0,5.0,0,30873.35
PED-12814,2024-08-01,1125,20.0,Indumentaria,app,GBA,Tarjeta de crédito,26428.97,1,0,6.0,4.0,0,26428.97
PED-13640,2025-05-25,2199,21.0,Hogar,Web,GBA,TARJETA DE DÉBITO,56385.58,2,0,5.0,5.0,0,112771.16
PED-12480,2025-02-22,1367,66.0,juguetes,Web,Mendoza,Tarjeta de crédito,8528.7,1,15,1.0,4.0,0,7249.4
PED-11216,2025-03-01,2662,18.0,ELECTRÓNICA,Web,CABA,Tarjeta de crédito,87813.56,2,0,5.0,5.0,0,175627.12
PED-14888,2025-01-02,1538,18.0,hogar,Web,CABA,Tarjeta de crédito,33500.82,1,10,4.0,,0,0.0
PED-14379,14/03/2025,1032,38.0,HOGAR,web,Mendoza,Tarjeta de crédito,56575.05,2,20,2.0,4.0,0,90520.08
PED-13349,2025-04-29,1460,28.0,Electrónica,Web,CABA,Tarjeta de débito,108200.11,4,0,4.0,5.0,0,432800.44
PED-11555,2024-12-09,2258,33.0,HOGAR,Web,Mendoza, Tarjeta de crédito ,13959.89,1,0,7.0,5.0,0,13959.89
PED-10271,2024-10-14,2437,55.0,Deportes,Marketplace,Santa Fe,MERCADOPAGO,60976.44,1,10,6.0,1.0,0,54878.8
PED-10155,2025-01-19,2308,42.0, Belleza ,Web,GBA,tarjeta de débito,16066.03,1,0,6.0,4.0,0,16066.03
PED-14739,2024-02-14,2636,18.0,Indumentaria,Web,CABA,Tarjeta de crédito,19909.06,1,0,,4.0,0,19909.06
PED-10763,18/03/2024,1114,48.0,Hogar,Web,CABA,MercadoPago,43749.83,1,10,3.0,5.0,0,39374.85
PED-12536,2025-06-16,1213,43.0,Indumentaria,Web,GBA, MercadoPago ,35557.56,2,0,4.0,5.0,0,71115.12
PED-14201,2024-06-11,2107,48.0,Hogar,App,Córdoba,,56123.92,1,15,1.0,,0,47705.33
PED-14559,2024-01-29,2118,18.0,Hogar,Web,,Tarjeta de crédito,35173.66,1,0,1.0,3.0,0,35173.66
PED-12591,2025-03-18,1931,20.0,Indumentaria,App,CABA,MercadoPago,33477.76,3,15,6.0,1.0,0,85368.29
PED-13905,2024-04-22,1380,69.0,Juguetes,Web,Córdoba,Tarjeta de crédito,14430.82,1,0,7.0,,0,14430.82
PED-10109,2024-04-05,2649,38.0,Electrónica,Web,CABA,TARJETA DE CRÉDITO,188467.99,5,10,,4.0,0,848105.96
PED-12953,2025-02-07,2041,33.0,Indumentaria,Web,gba,Tarjeta de débito,31523.24,1,0,8.0,4.0,0,31523.24
PED-11100,2025-02-17,1876,40.0,Belleza,App,CABA,Tarjeta de crédito,8730.42,2,0,6.0,3.0,0,17460.84
PED-10152,2024-01-02,1593,20.0,Deportes,App,CABA,Transferencia,44827.86,1,0,1.0,3.0,0,44827.86
PED-11598,2025-06-22,2453,21.0,hogar,web,Santa Fe,efectivo,85032.8,5,10,7.0,5.0,0,382647.6
PED-10204,2024-02-23,2389,45.0,Hogar,App,Otras,Transferencia,45875.49,1,0,6.0,4.0,1,45875.49
PED-13971,2025-05-04,2061,18.0,Electrónica,Marketplace,GBA,TRANSFERENCIA,183810.29,1,0,9.0,1.0,0,183810.29
PED-10789,2025-02-23,1610,52.0,Belleza,Web,otras,Tarjeta de débito,9553.06,2,0,,,0,19106.12
PED-11854,2024-07-10,1340,62.0,Electrónica,Web,Santa Fe,Tarjeta de débito,143594.28,2,5,3.0,3.0,0,272829.13
PED-10640,2024-02-17,1503,43.0,Belleza,web,GBA,,13921.68,1,0,1.0,3.0,0,13921.68
PED-11266,02/02/2024,1367,54.0,Indumentaria,web,otras,Tarjeta de crédito,28172.99,1,0,3.0,5.0,0,28172.99
PED-13004,21/11/2024,2176,77.0,Electrónica,Web,CABA,tarjeta de débito,195565.05,1,0,1.0,5.0,0,195565.05
PED-13182,2024-05-27,1010,30.0,Belleza,App,CABA,Tarjeta de crédito,11318.25,1,0,4.0,,0,11318.25
PED-14415,2025-05-12,2063,43.0,Juguetes,Web,CABA,Tarjeta de crédito,8559.49,1,0,4.0,5.0,0,8559.49
PED-11083,2024-06-19,2250,36.0,Deportes,App,GBA,Tarjeta de crédito,17946.31,1,0,2.0,5.0,0,17946.31
PED-11104,2025-02-19,2160,39.0,belleza,Marketplace,GBA,MercadoPago,12916.26,1,5,3.0,4.0,0,12270.45
PED-12697,2024-08-28,1652,55.0,Indumentaria,App,Córdoba,MercadoPago,27173.97,1,20,6.0,4.0,0,21739.18
PED-13744,2025-01-24,1371,38.0,ELECTRÓNICA,Marketplace,Otras,Tarjeta de débito,214020.19,1,15,5.0,4.0,0,181917.16
PED-13181,2024-01-20,1334,38.0,Belleza,App,GBA,Tarjeta de crédito,7569.69,2,5,3.0,5.0,0,14382.41
PED-14939,2025-04-26,1590,53.0,Indumentaria,Web,CABA,Tarjeta de crédito,6945.42,1,0,1.0,1.0,0,6945.42
PED-14423,2024-06-12,2229,28.0,Hogar,web,GBA,Tarjeta de crédito,62994.7,3,0,8.0,5.0,0,188984.1
PED-12951,2024-02-27,1250,47.0,deportes,Marketplace,Mendoza,Efectivo,26375.17,1,0,2.0,5.0,1,26375.17
PED-12036,2025-05-14,2406,34.0,Electrónica,Web,CABA,Tarjeta de crédito,73672.29,1,10,4.0,,0,66305.06
PED-13678,2024-01-13,1168,37.0,Belleza,App,CABA,Tarjeta de débito,9450.45,1,0,3.0,,0,9450.45
PED-12070,2024-03-15,1619,45.0,deportes, Marketplace ,CABA,Tarjeta de crédito,15607.04,1,10,6.0,5.0,0,14046.34
PED-13085,2024-02-12,2019,44.0,ELECTRÓNICA,App,OTRAS,Tarjeta de crédito,169975.32,1,0,4.0,4.0,0,169975.32
PED-10665,2025-04-29,2565,43.0,Indumentaria,Web,Córdoba,efectivo,32512.67,1,0,9.0,4.0,0,32512.67
PED-11463,2024-10-02,2617,65.0,Hogar,App,Santa Fe,Tarjeta de crédito,48187.44,1,0,4.0,5.0,1,48187.44
PED-13589,2024-07-07,1569,33.0,deportes,Web,CABA,Tarjeta de débito,46897.94,1,0,6.0,5.0,0,46897.94
PED-13618,2024-06-04,1554,51.0,Electrónica,Marketplace,CABA,MERCADOPAGO,129697.45,1,20,1.0,5.0,0,103757.96
PED-10075,2024-01-15,2667,18.0,Belleza,MARKETPLACE,CABA, MercadoPago ,16522.76,1,0,4.0,3.0,0,16522.76
PED-12341,2025-03-13,2100,21.0,Deportes,App,GBA,Transferencia,22331.9,1,0,3.0,5.0,0,22331.9
PED-10915,2025-03-18,1776,20.0,deportes,marketplace,Otras,Tarjeta de débito,28721.65,3,0,4.0,3.0,0,86164.95
PED-11895,2025-06-23,2326,45.0,Belleza, Web ,GBA,TRANSFERENCIA,12002.24,1,0,6.0,4.0,0,12002.24
PED-12942,07/02/2025,2366,36.0,HOGAR,App,CABA,Tarjeta de débito,37064.69,1,0,6.0,3.0,0,37064.69
PED-12251,2024-10-15,2422,33.0,Indumentaria,Web,GBA,Efectivo,18600.72,2,0,6.0,3.0,0,37201.44
PED-11488,2024-07-24,2355,28.0,Electrónica,Web,Mendoza,Tarjeta de crédito,190088.26,1,0,8.0,4.0,0,190088.26
PED-14523,2024-07-04,2404,36.0,Belleza,Web,CABA,Tarjeta de crédito,17604.49,1,0,8.0,4.0,0,17604.49
PED-10950,2024-09-12,2086,44.0,Indumentaria,web,CABA,MERCADOPAGO,45986.43,5,0,9.0,5.0,0,229932.15
PED-14779,2025-05-23,1331,40.0,Deportes,web,CABA,Tarjeta de crédito,36295.54,1,20,1.0,4.0,0,29036.43
PED-12650,2025-04-18,2560,34.0,Indumentaria,Web,MENDOZA,Efectivo,10117.7,1,0,5.0,4.0,0,10117.7
PED-10506,2024-01-12,1582,48.0,Electrónica,Web,Córdoba,Tarjeta de débito,228048.44,1,15,2.0,4.0,0,193841.17
PED-13946,21/07/2024,2234,52.0,Hogar,App,Otras,Tarjeta de débito,36540.93,1,0,4.0,5.0,0,36540.93
PED-14120,17/05/2025,1285,27.0,Belleza,Web,Santa Fe,Tarjeta de débito,14378.65,2,5,4.0,3.0,0,27319.44
PED-13236,2024-09-04,2290,40.0,Deportes,web,CABA, Tarjeta de crédito ,16691.66,1,10,5.0,5.0,0,15022.49
PED-11743,2024-08-26,2130,60.0,Juguetes,app,Otras,TARJETA DE CRÉDITO,25541.77,1,0,5.0,5.0,0,25541.77
PED-10327,2024-07-07,1331,33.0,Belleza,,GBA,Tarjeta de débito,15772.09,1,0,6.0,4.0,0,15772.09
PED-14203,2024-07-07,1449,43.0,Electrónica,Marketplace, CABA ,Tarjeta de crédito,144196.18,1,0,7.0,5.0,0,144196.18
PED-10442,2024-07-12,2349,36.0,Hogar,App,Otras,Tarjeta de crédito,55401.63,1,0,6.0,5.0,0,55401.63
PED-12427,2025-01-11,2745,28.0,Indumentaria,APP,gba, Tarjeta de crédito ,25009.54,1,0,3.0,5.0,0,25009.54
PED-10691,08/10/2024,1894,23.0, Hogar ,Marketplace,Mendoza,Tarjeta de débito,31324.58,1,0,5.0,5.0,0,31324.58
PED-10861,2024-06-27,2272,20.0,INDUMENTARIA,Marketplace,GBA,tarjeta de débito,29432.18,1,5,5.0,5.0,0,27960.57
PED-12387,2025-06-12,2771,50.0,Deportes,Web,Mendoza,Efectivo,25343.02,3,0,2.0,4.0,0,76029.06
PED-11392,26/05/2024,1550,18.0,JUGUETES,Web,GBA, MercadoPago ,14025.16,3,0,1.0,4.0,0,42075.48
PED-13417,2024-07-17,2392,55.0,Belleza,Marketplace,CABA,Tarjeta de crédito,8025.1,1,15,1.0,,0,6821.34
PED-14539,2024-05-23,2542,33.0,indumentaria,App,GBA,MercadoPago,34974.65,1,0,1.0,3.0,0,34974.65
PED-11185,2025-03-29,1634,32.0,Indumentaria,Web,CABA,Tarjeta de crédito,31709.35,1,0,2.0,1.0,0,31709.35
PED-10975,2024-03-15,1139,,HOGAR,App,CABA, Tarjeta de débito ,46278.23,1,5,7.0,4.0,0,43964.32
PED-13885,2024-05-16,1098,45.0,Indumentaria,App,CABA,Tarjeta de crédito,13203.24,1,15,5.0,3.0,0,11222.75
PED-12927,2024-06-19,1011,20.0,Electrónica,App,Otras,tarjeta de crédito,174895.92,1,25,6.0,,1,131171.94
PED-11145,2024-04-16,2159,41.0,electrónica,Web,Santa Fe,Transferencia,134178.09,1,0,1.0,4.0,0,134178.09
PED-11255,2025-04-18,1893,31.0,Juguetes,web,otras,Tarjeta de débito,14972.92,1,0,1.0,4.0,0,14972.92
PED-10503,2025-01-07,2136,19.0,Indumentaria,Marketplace,CABA,MercadoPago,22282.9,1,15,5.0,2.0,0,18940.46
PED-11372,07/09/2024,2225,31.0,Hogar,web,CABA,Transferencia,38657.98,1,0,3.0,5.0,0,38657.98
PED-13245,2024-05-30,2746,18.0,Hogar,Web,CABA,tarjeta de débito,50664.08,1,0,9.0,5.0,0,50664.08
PED-11296,2024-06-10,1305,55.0,Indumentaria,Web,GBA,Tarjeta de débito,500.0,2,5,10.0,,0,950.0
PED-13730,2025-03-03,2441,63.0,JUGUETES,Marketplace,Córdoba,Tarjeta de débito,16546.54,3,20,2.0,4.0,0,39711.7
PED-10180,2024-05-26,2506,49.0,Hogar,App,CABA, Tarjeta de crédito ,73338.2,3,0,1.0,5.0,0,220014.6
PED-14863,2025-01-13,1132,25.0,Hogar,MARKETPLACE,CABA,Tarjeta de débito,55294.71,1,0,,1.0,0,55294.71
PED-12513,2024-03-27,2035,18.0,Electrónica,Marketplace,Santa Fe,Tarjeta de crédito,206187.43,1,0,5.0,5.0,0,206187.43
PED-11316,2025-03-30,2621,44.0,Indumentaria,WEB,CABA,MercadoPago,12042.99,2,5,7.0,5.0,0,22881.68
PED-11452,2025-02-27,1698,27.0,Indumentaria,App,Otras,Tarjeta de crédito,35129.16,1,0,,3.0,0,35129.16
PED-14961,2024-09-16,2079,38.0,Belleza,Web, Mendoza ,MercadoPago,10364.17,1,10,6.0,4.0,0,9327.75
PED-13743,2024-08-16,2385,24.0,Belleza,Marketplace,Otras,Tarjeta de crédito,10241.35,1,5,6.0,4.0,0,9729.28
PED-14588,2024-09-22,1664,18.0,Belleza,Web, Santa Fe ,Tarjeta de crédito,16128.24,1,0,3.0,,0,16128.24
PED-10358,2024-09-14,1837,40.0,Electrónica,app,mendoza,Tarjeta de crédito,207524.8,1,0,3.0,5.0,0,207524.8
PED-11065,2025-01-25,1922,35.0,indumentaria,Web,Santa Fe,Tarjeta de crédito,6505.09,1,0,8.0,5.0,0,6505.09
PED-11682,2025-01-15,2230,46.0,Deportes,MARKETPLACE, Córdoba ,Efectivo,18510.97,2,10,4.0,5.0,0,33319.75
PED-11511,2025-01-09,1350,18.0,Hogar,Marketplace,Santa Fe,TARJETA DE DÉBITO,38008.16,3,10,2.0,5.0,0,102622.03
PED-11249,2024-11-19,2487,18.0,Electrónica,Web,Mendoza,Tarjeta de débito,182588.09,1,0,3.0,,0,182588.09
PED-13361,2024-09-03,1042,25.0,Belleza,Web,córdoba,Tarjeta de crédito,-10071.5,1,0,1.0,4.0,0,10071.5
PED-14328,2024-09-07,2031,33.0,Electrónica,Web, CABA ,transferencia,191968.17,1,0,9.0,2.0,0,191968.17
PED-12580,2025-04-09,1904,47.0,Belleza,App,Otras,Tarjeta de crédito,8254.19,1,15,4.0,4.0,0,7016.06
PED-13684,2024-12-03,1311,19.0,Indumentaria,Web,CABA,,8792.44,1,0,,5.0,0,8792.44
PED-11401,2025-03-20,1444,23.0,hogar,Web,GBA,Tarjeta de crédito,7822.95,1,0,6.0,4.0,0,7822.95
PED-14402,27/04/2024,2008,58.0,electrónica,marketplace,GBA,,192283.14,2,0,6.0,5.0,1,384566.28
PED-10841,23/02/2025,2165,40.0,Indumentaria,Web,Otras,Tarjeta de crédito,44573.5,1,0,1.0,5.0,0,44573.5
PED-14167,2024-06-13,1967,38.0,Indumentaria,App,santa fe,Transferencia,25298.48,1,15,4.0,4.0,1,21503.71
PED-13397,2024-04-12,1819,50.0,Deportes,App,GBA,TARJETA DE DÉBITO,42271.28,1,0,4.0,5.0,0,42271.28
PED-12542,2024-10-06,1832,31.0,Electrónica,WEB,CABA,Tarjeta de débito,249198.09,1,15,7.0,,0,211818.38
PED-12762,2025-06-16,2762,24.0,Hogar,Web, CABA ,tarjeta de débito,23554.84,2,5,6.0,,0,44754.2
PED-14798,2024-07-27,1681,42.0,deportes,APP,gba, MercadoPago ,52535.38,1,0,6.0,5.0,0,52535.38
PED-12629,2025-01-18,1663,45.0,Electrónica,APP,MENDOZA,MercadoPago,238701.96,5,0,5.0,5.0,0,1193509.8
PED-11654,23/05/2025,2647,18.0,Hogar,App,caba, Tarjeta de crédito ,53355.21,2,0,1.0,5.0,0,106710.42
PED-12961,2024-12-19,2177,20.0,Belleza,App,Otras,TRANSFERENCIA,11334.56,2,25,7.0,5.0,0,17001.84
PED-12157,2025-06-15,2085,36.0,Electrónica,Web,CABA,MercadoPago,204572.5,2,0,2.0,4.0,0,409145.0
PED-14959,2024-08-03,2559,25.0,Hogar,APP,mendoza,efectivo,49680.94,1,0,5.0,3.0,1,49680.94
PED-14294,2024-07-24,1503,48.0,Electrónica,App,GBA,Tarjeta de débito,219466.23,1,0,5.0,,1,219466.23
PED-14035,2024-10-10,2664,51.0,Deportes,Web,Otras,Tarjeta de crédito,43243.7,1,0,6.0,2.0,0,43243.7
PED-14488,2024-09-24,2746,18.0,Electrónica,Web, Otras ,Tarjeta de débito,143807.63,1,25,7.0,5.0,0,107855.72
PED-13149,2025-04-21,1885,42.0,Deportes,app,GBA,Tarjeta de débito,40037.81,1,10,4.0,4.0,0,36034.03
PED-12456,2024-03-13,1068,47.0,deportes,Marketplace,GBA,EFECTIVO,39507.18,1,0,1.0,,0,39507.18
PED-11411,2025-01-16,1588,37.0,Indumentaria,Marketplace,Otras,Efectivo,10352.19,1,0,7.0,5.0,0,10352.19
PED-14306,2025-03-27,2290,19.0,Deportes,Web,Córdoba,Tarjeta de crédito,56785.63,1,0,4.0,5.0,0,56785.63
PED-13974,2024-11-30,1946,19.0,Juguetes,Marketplace,Córdoba,TARJETA DE DÉBITO,13191.52,1,5,,5.0,0,12531.94
PED-11405,2024-11-27,1773,45.0,DEPORTES,App,GBA,Tarjeta de crédito,32622.62,1,0,1.0,3.0,0,32622.62
PED-13629,2024-12-05,2763,49.0,hogar,Marketplace,Mendoza,Tarjeta de débito,48722.24,3,15,5.0,,0,124241.71
PED-10770,2024-10-21,1305,53.0,Electrónica,web,Otras,transferencia,242922.7,1,5,3.0,5.0,0,230776.56
PED-11951,21/07/2024,2510,58.0,Indumentaria,App,Mendoza,Tarjeta de débito,21026.13,1,0,7.0,2.0,0,21026.13
PED-13260,2024-12-03,2527,58.0,Belleza,Marketplace,,MERCADOPAGO,2612.94,2,0,7.0,3.0,1,5225.88
PED-11847,2025-05-24,1936,28.0, Belleza ,App,Otras,Tarjeta de crédito,9895.84,1,0,1.0,2.0,0,9895.84
PED-14445,2024-06-17,2662,45.0,Belleza,Marketplace,Mendoza,Tarjeta de crédito,5915.32,1,0,5.0,4.0,0,5915.32
PED-13332,2025-02-28,1056,32.0,Indumentaria,Marketplace,Otras,Tarjeta de crédito,43932.86,2,0,4.0,5.0,0,87865.72
PED-14901,2024-09-03,2149,43.0,BELLEZA,Marketplace,CABA,MERCADOPAGO,8152.37,1,0,6.0,5.0,0,8152.37
PED-10585,2024-11-30,1372,,Hogar,app,caba,Tarjeta de débito,57276.86,1,0,7.0,,0,57276.86
PED-14567,2025-06-03,2227,61.0,Electrónica,App,caba,Tarjeta de débito,146810.3,1,0,8.0,4.0,0,146810.3
PED-12777,2025-01-21,2125,26.0,Electrónica,web,CABA,Transferencia,114998.04,3,0,7.0,5.0,1,344994.12
PED-14616,2024-08-19,2203,43.0,Deportes,Marketplace,Mendoza,Tarjeta de crédito,21025.8,1,0,5.0,4.0,0,21025.8
PED-11711,2024-09-04,1420,30.0, Belleza , App ,Santa Fe,Tarjeta de débito,7289.31,1,0,5.0,4.0,1,7289.31
PED-11526,2025-02-17,2422,49.0,Indumentaria,MARKETPLACE,GBA,MercadoPago,31396.58,2,0,4.0,4.0,1,62793.16
PED-14971,2025-03-14,2395,46.0,HOGAR,Web,GBA,Tarjeta de débito,58921.63,1,0,3.0,4.0,0,58921.63
PED-10732,2024-03-30,1111,29.0,Indumentaria,Web, GBA ,Tarjeta de crédito,18995.52,3,0,6.0,5.0,0,56986.56
PED-11171,27/11/2024,2357,18.0,Hogar,App,GBA,Efectivo,43800.08,1,0,3.0,,1,43800.08
PED-12754,2024-01-28,1487,43.0,Electrónica,App,Otras,MercadoPago,199489.12,1,0,8.0,4.0,0,199489.12
PED-13340,2025-04-01,2783,36.0,HOGAR,Marketplace,GBA,tarjeta de débito,7282.34,1,10,3.0,4.0,1,6554.11
PED-11010,2024-11-07,1197,26.0,Hogar,App,Córdoba,Tarjeta de crédito,39869.37,1,0,6.0,2.0,0,39869.37
PED-14823,2025-04-11,1415,28.0,indumentaria,Web,Mendoza,MercadoPago,20364.65,1,5,1.0,5.0,1,19346.42
PED-14430,2024-03-19,2704,33.0,HOGAR,Web,Otras,Tarjeta de crédito,69724.54,1,0,3.0,5.0,1,0.0
PED-10475,2025-01-21,2608,30.0,Deportes,App,CABA,Tarjeta de crédito,15310.74,2,0,9.0,4.0,0,30621.48
PED-11304,2025-03-05,2014,42.0,Indumentaria,WEB,Otras,Tarjeta de débito,23689.37,1,15,4.0,,0,20135.96
PED-14213,2024-05-23,1974,43.0,Deportes,Marketplace,,Tarjeta de débito,44067.33,1,10,5.0,1.0,0,39660.6
PED-13294,2024-05-14,1121,20.0,Deportes,WEB,Córdoba,Tarjeta de débito,37939.63,1,0,6.0,4.0,0,37939.63
PED-12850,2024-12-25,1587,51.0, Indumentaria ,App,CABA,Transferencia,16686.77,1,0,4.0,4.0,0,16686.77
PED-13897,2024-12-25,2281,45.0,Electrónica,Web,Otras,transferencia,230519.54,2,0,7.0,1.0,0,461039.08
PED-14000,2025-01-24,2289,42.0,Electrónica,Web,Otras,Tarjeta de crédito,201986.52,1,0,3.0,5.0,0,201986.52
PED-12666,2024-02-22,2105,57.0,Indumentaria,marketplace,Otras,Tarjeta de crédito,30928.37,1,15,2.0,4.0,0,26289.11
PED-12602,2024-07-22,2000,26.0,INDUMENTARIA,web,GBA,Tarjeta de débito,16553.69,1,25,8.0,3.0,0,12415.27
PED-13621,2024-04-03,2601,23.0,HOGAR,WEB,,MERCADOPAGO,58225.82,1,0,8.0,5.0,0,58225.82
PED-12170,2024-09-10,2276,25.0,Hogar,marketplace,gba,Tarjeta de débito,42010.86,1,10,4.0,,0,37809.77
PED-13424,2024-08-19,2095,28.0,deportes, App ,Córdoba,Tarjeta de débito,42577.67,1,15,1.0,5.0,0,36191.02
PED-13206,2024-11-10,1674,30.0,Indumentaria,Web,CABA,Tarjeta de crédito,22753.78,1,0,3.0,5.0,0,22753.78
PED-10502,2025-05-27,1177,59.0,juguetes,Marketplace,Córdoba,TARJETA DE DÉBITO,15608.89,2,0,4.0,4.0,0,31217.78
PED-10485,2024-02-27,1317,52.0,Belleza,Web,Mendoza,Tarjeta de crédito,11727.57,2,5,3.0,3.0,0,22282.38
PED-11697,2024-10-29,2076,48.0,Electrónica,App,Córdoba,Tarjeta de crédito,107870.78,1,15,3.0,5.0,0,91690.16
PED-14650,2025-03-14,1798,45.0,Deportes,Web,Córdoba,,39094.22,1,10,7.0,3.0,0,35184.8
PED-10105,25/07/2024,1403,28.0,Hogar,Marketplace,GBA,Tarjeta de crédito,40897.12,1,0,1.0,4.0,0,40897.12
PED-13018,2024-11-01,2776,,deportes,APP,caba,MERCADOPAGO,18759.28,1,0,4.0,1.0,0,18759.28
PED-10907,2024-03-27,2159,18.0,Indumentaria,Web,OTRAS,Tarjeta de crédito,23256.06,1,10,8.0,5.0,0,20930.45
PED-13773,2024-11-03,2592,34.0,Deportes,Marketplace,Córdoba,Tarjeta de débito,32681.33,4,0,5.0,1.0,0,130725.32
PED-13382,2024-08-26,1646,41.0,Juguetes,Web,Otras,MERCADOPAGO,14669.61,1,0,7.0,5.0,0,14669.61
PED-14993,2025-04-14,1651,39.0,indumentaria, App ,GBA,Tarjeta de débito,22655.93,2,0,7.0,2.0,0,45311.86
PED-13473,2025-06-24,1328,,Indumentaria,App,Mendoza,Transferencia,23488.29,1,0,1.0,4.0,0,23488.29
PED-14892,2024-04-04,1208,33.0,Indumentaria,Web,Otras,EFECTIVO,24438.45,1,20,8.0,3.0,1,19550.76
PED-12991,2024-06-12,2493,24.0,Indumentaria,App,CABA,TARJETA DE CRÉDITO,22318.45,2,10,1.0,5.0,0,40173.21
PED-11888,2024-12-31,1165,35.0,Hogar,Marketplace,GBA, Transferencia ,37021.21,5,5,1.0,5.0,0,175850.75
PED-10220,2024-10-03,1455,43.0,Belleza,Web,Córdoba,mercadopago,17282.0,1,0,4.0,2.0,0,17282.0
PED-12349,2024-06-27,1721,50.0,Deportes,Web,córdoba, Tarjeta de crédito ,28381.14,1,0,3.0,5.0,0,28381.14
PED-10479,2024-07-09,2299,43.0,ELECTRÓNICA,App,GBA,MercadoPago,208596.03,2,0,4.0,4.0,0,417192.06
PED-13653,2024-09-24,1298,38.0,Belleza,Marketplace,CABA,MercadoPago,13936.47,2,20,11.0,4.0,0,22298.35
PED-13850,2024-05-28,2777,41.0,Hogar,Web,OTRAS,Efectivo,44198.91,2,0,5.0,3.0,0,88397.82
PED-12796,2025-01-25,1083,65.0,indumentaria,Web,CABA,Transferencia,29384.72,1,0,6.0,3.0,0,29384.72
PED-11186,2024-02-06,2721,52.0,Hogar,Web,CABA,Tarjeta de débito,66888.57,5,0,4.0,3.0,0,334442.85
PED-14747,2024-09-30,2387,40.0,Electrónica,App,gba,Tarjeta de débito,278170.38,3,15,10.0,,0,709334.47
PED-14220,2024-05-08,2724,47.0,Deportes,App,GBA,Tarjeta de crédito,26234.44,2,10,5.0,4.0,0,47221.99
PED-12460,2025-03-26,2634,61.0,Juguetes,Web,córdoba,Tarjeta de crédito,21751.0,1,0,7.0,2.0,0,21751.0
PED-12376,2024-02-18,1250,43.0,Hogar,App,,Tarjeta de crédito,37885.66,1,0,6.0,3.0,0,0.0
PED-13052,2024-07-12,1114,34.0,Deportes,Web,Mendoza,MercadoPago,53271.35,1,0,1.0,,0,53271.35
PED-14486,2024-03-06,2100,22.0,juguetes,Web,mendoza,Tarjeta de débito,194067.65068225443,1,0,1.0,3.0,0,13491.7
PED-13723,01/02/2024,1480,49.0,Indumentaria,Web,Otras,Tarjeta de crédito,19877.49,2,0,1.0,4.0,0,39754.98
PED-13705,2024-12-08,2772,80.0,ELECTRÓNICA,App,córdoba,Tarjeta de crédito,174942.22,1,15,6.0,5.0,0,148700.89
PED-14313,2025-06-10,1293,27.0,Indumentaria,web,Otras,Efectivo,26407.99,2,0,4.0,,0,52815.98
PED-14923,2024-07-27,2441,40.0,Juguetes,App, Otras ,Tarjeta de crédito,6863.66,1,0,,3.0,0,6863.66
PED-11021,2025-03-25,1995,62.0,Deportes,Marketplace,CABA,Tarjeta de crédito,29815.18,1,20,5.0,3.0,0,23852.14
PED-11612,2024-02-08,2055,33.0,Indumentaria,App,GBA,Transferencia,8663.37,1,15,2.0,,0,7363.86
PED-13719,2024-04-15,2621,30.0,Indumentaria,App,Otras,Tarjeta de débito,32021.11,3,0,4.0,2.0,0,96063.33
PED-14134,2024-08-26,2490,42.0,Juguetes,Web,CÓRDOBA,MercadoPago,11853.26,5,20,9.0,4.0,0,47413.04
PED-14425,2024-12-13,2214,30.0,Deportes,APP,Córdoba,Tarjeta de crédito,27524.0,2,20,5.0,4.0,0,44038.4
PED-12094,2024-12-07,1634,42.0,Hogar,Marketplace,CABA,transferencia,37454.59,2,0,8.0,5.0,0,74909.18
PED-14279,2024-10-11,1198,48.0,Electrónica,App,Mendoza,Efectivo,284738.17,1,0,7.0,5.0,0,284738.17
PED-14822,2025-06-25,1014,49.0,DEPORTES,Marketplace,Mendoza,Tarjeta de débito,56507.24,1,10,6.0,,0,50856.52
PED-12847,2024-09-23,1063,36.0,DEPORTES,APP,Mendoza,Tarjeta de crédito,44015.32,1,20,3.0,4.0,0,35212.26
PED-11663,28/10/2024,2165,45.0,Juguetes, Web ,Otras,transferencia,17036.09,1,5,6.0,5.0,0,16184.29
PED-11634,2024-02-18,1706,53.0,Indumentaria,App,CABA,Tarjeta de crédito,20044.41,1,20,2.0,4.0,0,16035.53
PED-11661,2025-04-03,1332,54.0,Hogar,Marketplace,CABA,Tarjeta de débito,56073.25,2,0,1.0,2.0,0,112146.5
PED-12626,2024-04-13,1257,45.0,Hogar,Web,Santa Fe,Tarjeta de débito,45708.3,1,0,2.0,3.0,0,45708.3
PED-14020,2024-05-24,2133,,Hogar,App,CABA,TRANSFERENCIA,-33972.89,5,10,3.0,5.0,0,152878.0
PED-14288,2024-11-27,1068,27.0,Indumentaria,Web,Mendoza,Transferencia,33996.86,1,10,1.0,5.0,0,30597.17
PED-14054,16/01/2025,1048,45.0,Indumentaria,app,Otras,Tarjeta de crédito,46104.04,2,5,5.0,5.0,0,87597.68
PED-10939,2025-01-15,2022,29.0,Indumentaria,web,Santa Fe,TRANSFERENCIA,18635.2,1,5,6.0,5.0,0,17703.44
PED-10281,2025-06-21,1158,51.0,indumentaria,Web,Otras,TRANSFERENCIA,37225.7,3,10,4.0,5.0,0,100509.39
PED-13404,2024-07-25,2487,18.0,Belleza,Web,Otras,TARJETA DE CRÉDITO,500.0,1,5,5.0,1.0,0,475.0
PED-14643,2025-01-08,1596,47.0,Deportes,Web,OTRAS, Tarjeta de crédito ,11141.41,5,0,3.0,5.0,0,55707.05
PED-14600,2024-05-13,2229,35.0,Juguetes,App,CABA,Tarjeta de crédito,17675.81,5,0,3.0,5.0,0,88379.05
PED-10172,03/05/2024,2677,34.0,Electrónica,App,otras,Transferencia,191747.04,1,0,999.0,5.0,0,191747.04
PED-13411,2024-04-02,1751,19.0,Electrónica,App,Córdoba,tarjeta de débito,143390.11,1,0,10.0,4.0,0,143390.11
PED-13025,2025-01-16,1357,41.0,belleza,Web,GBA,TRANSFERENCIA,14666.95,1,0,,5.0,0,14666.95
PED-10232,17/08/2024,2750,34.0,Hogar,Web,GBA,Tarjeta de crédito,43255.03,1,0,6.0,4.0,0,43255.03
PED-10838,2025-02-10,1803,43.0,Electrónica,App,GBA,MERCADOPAGO,267246.88,1,0,5.0,5.0,0,267246.88
PED-13764,2024-07-03,1756,39.0,DEPORTES,WEB,Santa Fe, Transferencia ,38284.76,1,20,4.0,5.0,0,30627.81
PED-14238,2024-07-13,1645,18.0,Deportes,App,CÓRDOBA,Tarjeta de crédito,30036.81,4,5,1.0,5.0,0,114139.88
PED-11567,2024-01-03,2591,49.0,Indumentaria,Marketplace,Mendoza,MERCADOPAGO,42940.97,1,10,5.0,,0,38646.87
PED-10251,2024-02-15,1901,51.0,Indumentaria,Marketplace,CABA,Tarjeta de débito,13007.61,2,5,1.0,4.0,0,24714.46
PED-10484,2024-05-13,1412,37.0,BELLEZA,WEB,SANTA FE,,18563.99,1,15,1.0,3.0,0,15779.39
PED-14369,2024-07-18,1230,23.0, Deportes ,Web,CABA,TARJETA DE CRÉDITO,30886.89,1,15,2.0,4.0,0,26253.86
PED-10253,2025-06-01,1704,18.0,ELECTRÓNICA,Web,,Efectivo,104610.07,2,0,1.0,5.0,0,209220.14
PED-13740,2024-12-10,1215,,Hogar,App,Córdoba,tarjeta de débito,33129.6,3,0,6.0,5.0,0,99388.8
PED-12618,2024-01-01,1340,54.0,HOGAR,App,CABA,Tarjeta de débito,38930.7,1,0,6.0,4.0,0,38930.7
PED-12692,2024-01-12,2313,34.0,Hogar,App, GBA ,efectivo,55672.34,1,10,5.0,5.0,0,50105.11
PED-14006,2025-04-06,2366,37.0,BELLEZA,App,CABA,Transferencia,5926.78,1,5,7.0,,1,5630.44
PED-13173,2024-06-14,2577,46.0,Hogar,web,Otras,Efectivo,23761.03,1,15,3.0,,1,20196.88
PED-14749,2024-11-24,2629,36.0,Belleza,App, GBA ,Efectivo,4119.7,1,0,4.0,5.0,0,4119.7
PED-10033,2025-05-19,1617,0.0,Electrónica,Web,Mendoza,Tarjeta de crédito,207545.56,1,10,5.0,,0,186791.0
PED-11962,2025-04-07,2733,29.0,Electrónica,Marketplace,Mendoza,Efectivo,118652.07,4,0,4.0,3.0,0,474608.28
PED-13995,2025-02-10,1684,35.0,Belleza,Web,CABA,mercadopago,9075.26,3,0,2.0,,0,27225.78
PED-13099,2024-08-27,1759,,indumentaria,App,mendoza, Tarjeta de crédito ,13354.62,2,15,4.0,5.0,0,22702.85
PED-11204,2024-04-01,2044,18.0,Indumentaria,Web,caba, Tarjeta de débito ,18331.11,1,0,5.0,1.0,0,18331.11
PED-14498,2024-03-30,1088,38.0,Deportes,Web,GBA,Tarjeta de crédito,576960.4773424892,1,10,7.0,5.0,0,36099.58
PED-14980,2024-04-22,2091,,Juguetes,MARKETPLACE,caba,Tarjeta de crédito,13837.78,1,0,6.0,5.0,0,13837.78
PED-10024,2024-11-09,2398,18.0,Indumentaria,Marketplace,GBA,Tarjeta de crédito,28880.83,1,20,1.0,5.0,0,23104.66
PED-11400,2024-02-04,1226,18.0,Electrónica,App,CABA,TRANSFERENCIA,257845.51,2,0,7.0,5.0,1,515691.02
PED-13923,2024-05-28,1501,25.0,Indumentaria,App,CABA,TRANSFERENCIA,20611.03,5,20,5.0,4.0,0,82444.12
PED-12358,2024-06-10,1572,60.0,Indumentaria,App,CABA,Tarjeta de crédito,23672.65,1,0,2.0,3.0,1,23672.65
PED-10663,2024-01-15,1191,28.0,Electrónica,Marketplace,CÓRDOBA,Efectivo,253296.82,1,0,6.0,5.0,0,253296.82
PED-10371,2024-01-12,2178,36.0,indumentaria,APP,GBA,MercadoPago,31362.71,2,0,4.0,4.0,0,62725.42
PED-10062,2024-09-27,1564,51.0,ELECTRÓNICA,App,Otras,efectivo,184963.0,1,0,3.0,5.0,0,184963.0
PED-14327,08/07/2024,1548,42.0,Electrónica,Marketplace,caba,Tarjeta de crédito,142107.41,1,5,2.0,,0,135002.04
PED-11019,2024-07-19,2041,38.0,Hogar, Web ,Córdoba,Transferencia,60013.24,1,0,7.0,,0,60013.24
PED-12139,08/05/2025,2795,22.0,hogar,App,CABA, Transferencia ,39957.92,1,0,1.0,5.0,0,39957.92
PED-12612,2025-05-02,1279,53.0,Deportes,Web,Santa Fe,mercadopago,4813.06,1,0,1.0,4.0,0,4813.06
PED-14424,2024-11-29,2085,,Belleza,MARKETPLACE,GBA,Tarjeta de débito,15569.19,1,0,2.0,4.0,0,15569.19
PED-11185,2025-03-29,1634,32.0,Indumentaria,Web,CABA,Tarjeta de crédito,31709.35,1,0,2.0,1.0,0,31709.35
PED-11183,2024-09-07,2444,39.0,Indumentaria,App,GBA,Efectivo,27477.56,1,0,5.0,5.0,0,27477.56
PED-11592,19/11/2024,1795,53.0,electrónica,Web,Otras,MercadoPago,205648.52,4,25,2.0,5.0,0,616945.56
PED-14025,2024-12-20,2142,31.0,Belleza,Web,,MercadoPago,7015.71,1,5,5.0,5.0,0,6664.92
PED-11406,2024-06-07,1689,26.0,Indumentaria,Web,GBA,Tarjeta de débito,30480.61,1,0,4.0,5.0,0,30480.61
PED-14670,2024-08-01,1303,39.0, Hogar ,Marketplace, CABA , Efectivo ,69412.05,1,0,6.0,,0,0.0
PED-11132,2025-03-15,1456,,DEPORTES,App, Otras ,MercadoPago,21508.45,1,0,3.0,4.0,0,21508.45
PED-13774,2024-12-10,2093,30.0,Electrónica,APP,,MercadoPago,112076.8,1,15,3.0,,1,95265.28
PED-12268,2024-08-14,2598,45.0,Juguetes,Web,Santa Fe,Transferencia,26549.43,1,0,1.0,,0,26549.43
PED-12958,2024-07-11,1158,19.0,DEPORTES,App,otras, Tarjeta de crédito ,42845.31,1,0,3.0,5.0,0,42845.31
PED-12866,2024-01-15,1822,57.0,Belleza,WEB,caba,Tarjeta de crédito,10505.49,1,0,4.0,5.0,0,10505.49
PED-10277,2024-09-02,1318,33.0,Hogar,Marketplace, GBA ,Transferencia,33637.47,1,0,1.0,4.0,0,33637.47
PED-14788,17/07/2024,2044,45.0,Indumentaria,Web,santa fe,Tarjeta de débito,26117.27,1,5,9.0,2.0,0,24811.41
PED-12521,2024-10-04,2458,40.0,Electrónica,Web,GBA,MercadoPago,182842.9,1,25,9.0,,0,137132.17
PED-13920,2024-05-08,1655,47.0,Electrónica,Web,Córdoba,Tarjeta de débito,235235.21,1,25,8.0,4.0,0,176426.41
PED-13915,15/04/2025,2255,57.0,Hogar,Web,santa fe,Tarjeta de débito,17710.08,1,10,3.0,5.0,0,15939.07
PED-10456,2024-05-11,1353,66.0,juguetes,Web,gba,TARJETA DE DÉBITO,12728.65,3,0,6.0,4.0,0,38185.95
PED-13091,2024-06-16,2179,26.0,INDUMENTARIA,App,Santa Fe,Tarjeta de crédito,39448.98,3,0,2.0,3.0,1,118346.94
PED-11254,22/01/2024,2236,20.0,Indumentaria,Web,GBA,MercadoPago,25804.53,1,0,4.0,5.0,0,25804.53
PED-11436,2024-10-19,1933,27.0,Deportes,Web,GBA,Transferencia,48144.2,1,0,7.0,3.0,0,48144.2
PED-11715,2024-05-28,1119,41.0,Deportes,Marketplace,Otras,Tarjeta de débito,29239.25,1,0,5.0,5.0,0,29239.25
PED-12941,2024-11-22,1888,22.0,ELECTRÓNICA,Web,Otras,Transferencia,166377.79,2,0,4.0,4.0,0,332755.58
PED-14076,2025-02-19,2249,47.0,Electrónica,Marketplace,Otras,MercadoPago,199134.96,2,0,5.0,5.0,0,398269.92
PED-14952,2024-06-05,1951,,Juguetes,Web,Córdoba,Tarjeta de débito,12216.88,1,5,6.0,4.0,1,11606.04
PED-12508,2024-05-01,2711,47.0, Electrónica ,,GBA,TARJETA DE DÉBITO,199205.25,2,0,3.0,5.0,0,398410.5
PED-14965,2024-02-28,2318,49.0,Indumentaria,APP,GBA,Tarjeta de débito,21483.32,2,15,6.0,5.0,0,36521.64
PED-13324,2024-12-27,1069,31.0,hogar, Web ,CABA,tarjeta de crédito,69527.04,2,0,6.0,5.0,0,139054.08
PED-11473,2024-06-04,2721,52.0,Electrónica,Marketplace,Otras, Tarjeta de crédito ,120793.34,1,10,4.0,3.0,0,108714.01
PED-14856,2024-04-21,1366,59.0,Hogar,Web,Santa Fe,Tarjeta de crédito,66643.6,1,20,6.0,4.0,0,53314.88
PED-11947,2024-10-28,1858,18.0,Deportes,app,Córdoba,MERCADOPAGO,47993.93,1,0,2.0,5.0,0,47993.93
PED-10716,18/05/2025,2585,54.0,Deportes,Web,Otras,Tarjeta de débito,44422.92,1,0,1.0,5.0,0,44422.92
PED-14072,2025-02-04,2547,47.0,INDUMENTARIA,App,gba,TARJETA DE CRÉDITO,36613.23,1,0,9.0,,0,36613.23
PED-14846,2024-10-10,1390,34.0,Indumentaria,Web,Otras,Tarjeta de crédito,18781.32,2,15,3.0,2.0,0,31928.24
PED-13371,2024-10-15,1757,45.0, Deportes ,App,GBA,MercadoPago,22467.51,2,0,6.0,3.0,0,44935.02
PED-10141,2024-08-20,1908,33.0,Juguetes,App,Otras,Efectivo,13610.93,3,15,5.0,5.0,0,34707.87
PED-10125,2025-04-17,1920,29.0, Electrónica ,Web,gba,Transferencia,283055.26,1,5,4.0,4.0,0,268902.5
PED-14553,2024-11-25,2330,21.0,Juguetes,Marketplace,Mendoza,Tarjeta de crédito,11415.67,1,0,3.0,5.0,0,11415.67
PED-13802,12/10/2024,1246,31.0,indumentaria,Web,CABA,Tarjeta de débito,35648.17,1,15,5.0,3.0,0,30300.94
PED-10192,2024-10-30,1980,24.0,Deportes,App,Otras, Tarjeta de débito ,71828.05,1,0,,2.0,0,71828.05
PED-13089,2024-09-26,1908,33.0,Hogar,APP,Mendoza,Transferencia,51189.52,1,0,5.0,5.0,0,51189.52
PED-14114,2024-02-17,1899,59.0,Indumentaria,App,,Tarjeta de crédito,17671.18,5,0,3.0,4.0,0,88355.9
PED-10587,2025-03-22,1626,,Indumentaria,Marketplace,OTRAS,Tarjeta de crédito,28181.79,1,20,3.0,4.0,0,22545.43
PED-10629,2024-02-15,2795,30.0,Indumentaria,app,córdoba,Tarjeta de crédito,22963.25,1,0,9.0,4.0,0,22963.25
PED-11476,2024-11-29,1302,44.0,Juguetes,Web,gba,Efectivo,14259.01,1,0,4.0,5.0,0,14259.01
PED-11710,2025-05-31,1398,42.0,Juguetes,Web,GBA,Transferencia,17794.95,2,15,1.0,5.0,0,30251.42
PED-14783,2024-09-24,1295,19.0,Indumentaria,App,CABA,MercadoPago,36970.66,1,0,7.0,1.0,0,36970.66
PED-12717,2024-08-05,1078,60.0,JUGUETES,Web,Santa Fe,Transferencia,8686.87,1,0,7.0,5.0,0,8686.87
PED-11322,2025-01-20,2358,21.0,hogar,Marketplace, GBA ,tarjeta de débito,45473.49,1,0,3.0,4.0,0,45473.49
PED-12723,2025-06-19,1139,58.0,BELLEZA,App,Otras,Transferencia,10407.93,3,0,4.0,2.0,0,31223.79
PED-11126,2025-02-02,1673,29.0,Electrónica,Marketplace,Córdoba,TARJETA DE DÉBITO,211124.11,1,0,8.0,5.0,0,211124.11
PED-13563,2024-08-22,1076,39.0,INDUMENTARIA,web,GBA,TARJETA DE CRÉDITO,36686.44,1,0,9.0,,0,36686.44
PED-12916,2024-02-08,1375,35.0,Indumentaria,app,GBA,Tarjeta de débito,32369.54,1,0,4.0,,0,32369.54
PED-11777,2024-06-21,2519,33.0,Electrónica,web,Córdoba,Tarjeta de débito,171793.18,1,0,7.0,5.0,0,171793.18
PED-13154,2025-01-26,2094,43.0,Indumentaria,web,GBA,TARJETA DE CRÉDITO,37530.54,1,20,1.0,5.0,0,30024.43
PED-13994,2024-01-06,1345,19.0,Juguetes,Web,caba,Tarjeta de débito,13873.73,2,10,2.0,1.0,0,24972.71
PED-13026,2025-05-10,2667,62.0,Deportes,App,Córdoba,Tarjeta de débito,23558.14,1,0,7.0,2.0,0,23558.14
PED-12506,2025-06-25,1340,26.0,Indumentaria,Web,GBA,Tarjeta de crédito,26395.43,1,0,1.0,4.0,0,26395.43
PED-11505,2025-03-03,1871,41.0,Hogar,APP,GBA,Efectivo,18565.36,1,5,7.0,3.0,0,17637.09
PED-13067,2024-09-18,2781,46.0,Juguetes,Web,Córdoba,MercadoPago,7484.52,1,10,4.0,2.0,0,6736.07
PED-10064,2025-04-06,1610,25.0,belleza, App ,Santa Fe,,8217.18,3,0,8.0,,1,24651.54
PED-10970,2025-05-08,1304,40.0,Belleza,Marketplace,gba,TARJETA DE DÉBITO,10652.87,1,5,5.0,1.0,0,10120.23
PED-12302,2025-03-12,2185,25.0,Belleza,web,GBA,Transferencia,12874.54,4,0,8.0,5.0,0,51498.16
PED-13207,2024-09-04,1714,43.0,Hogar,Web,Santa Fe,Transferencia,37798.73,2,5,1.0,3.0,0,71817.59
PED-12462,2024-06-04,1917,38.0,Belleza,Web,CABA,EFECTIVO,15849.57,3,0,6.0,5.0,1,47548.71
PED-13811,2024-07-19,1554,31.0,Electrónica,Marketplace,Córdoba,Tarjeta de débito,222530.63,1,0,3.0,5.0,0,222530.63
PED-13352,2025-02-17,1070,23.0,Juguetes,App,CABA,Tarjeta de débito,28315.5,1,0,7.0,4.0,0,28315.5
PED-14154,2025-02-03,2379,26.0,Juguetes,Web,Córdoba,Tarjeta de débito,10211.84,1,0,5.0,,0,10211.84
PED-14540,2025-02-15,2100,32.0,hogar,MARKETPLACE,GBA,Tarjeta de débito,43221.61,1,15,1.0,5.0,0,36738.37
PED-11198,2024-10-15,2042,40.0,indumentaria,web,GBA,tarjeta de crédito,2406.98,1,0,1.0,4.0,0,2406.98
PED-10409,2025-03-30,1696,53.0,Electrónica,APP,Mendoza,efectivo,148667.78,5,10,4.0,2.0,0,669005.01
PED-12396,2024-01-19,1313,51.0,Electrónica,Web,Otras,Transferencia,96670.13,1,0,3.0,,0,96670.13
PED-12069,2024-05-03,2056,43.0,Indumentaria,app,CABA,Tarjeta de débito,32459.5,1,0,,4.0,0,32459.5
PED-14082,2024-05-29,1546,46.0,Juguetes,App,CABA,MercadoPago,12980.08,1,0,6.0,,0,12980.08
PED-10001,2025-03-11,1111,,Indumentaria,MARKETPLACE, GBA ,Tarjeta de crédito,26397.75,1,0,4.0,3.0,1,26397.75
PED-11750,07/03/2024,1188,45.0,ELECTRÓNICA,Marketplace,Córdoba,Tarjeta de débito,100853.67,1,0,5.0,3.0,0,100853.67
PED-11195,2024-11-18,2484,25.0,Belleza,WEB,,Transferencia,13148.24,1,5,6.0,,0,12490.83
PED-13604,2025-03-05,2682,39.0,Indumentaria,App,Otras,Tarjeta de crédito,19284.8,1,0,6.0,5.0,0,19284.8
PED-12989,2024-02-09,2099,58.0, Belleza ,APP,GBA,EFECTIVO,5899.38,2,10,4.0,,0,10618.88
PED-10066,2024-10-22,2004,37.0,Indumentaria,App,CABA,MercadoPago,31795.65,1,0,8.0,4.0,0,31795.65
PED-13751,2025-04-30,2177,53.0,Deportes,Web,Córdoba,tarjeta de crédito,41348.18,1,0,2.0,5.0,0,41348.18
PED-14363,26/03/2024,1086,30.0,Juguetes,web,Santa Fe,Efectivo,23796.36,1,0,1.0,4.0,0,23796.36
PED-11230,2024-01-17,2482,70.0,HOGAR,Marketplace, CABA ,Tarjeta de débito,46215.61,1,0,6.0,5.0,0,46215.61
PED-12949,19/11/2024,1484,64.0,BELLEZA,Web,Otras,Tarjeta de débito,11920.34,2,0,5.0,,1,23840.68
PED-13102,2024-03-29,2432,34.0,Indumentaria,Marketplace,Córdoba,Tarjeta de crédito,19074.71,1,0,5.0,4.0,1,19074.71
PED-11852,2025-01-31,2393,45.0,ELECTRÓNICA, Marketplace ,CABA,tarjeta de crédito,325138.41,1,0,2.0,1.0,0,325138.41
PED-10556,2025-04-01,1186,23.0,belleza,Web,Otras,Transferencia,16592.11,4,0,1.0,,0,66368.44
PED-13917,27/03/2024,1610,48.0,Hogar,APP,Otras,Tarjeta de crédito,55119.39,1,5,11.0,3.0,0,52363.42
PED-10511,2024-01-08,2083,38.0,Indumentaria,App,GBA,Transferencia,24089.8,1,15,6.0,3.0,0,20476.33
PED-13301,2024-02-07,1988,31.0,Deportes,WEB,Córdoba,TARJETA DE DÉBITO,51962.49,72,0,5.0,,0,51962.49
PED-14724,2025-05-22,2531,36.0,Juguetes, Web ,Córdoba,Tarjeta de crédito,11007.58,2,20,3.0,4.0,0,17612.13
PED-13953,24/08/2024,1943,33.0,Deportes,Web,CABA,Transferencia,26149.68,1,10,8.0,4.0,0,23534.71
PED-12068,2024-03-18,2181,31.0,Electrónica,Marketplace,Otras,Transferencia,163128.91,1,15,6.0,5.0,1,138659.57
PED-11483,2024-02-04,1319,20.0,Deportes,Web,Otras,Transferencia,41363.93,1,0,3.0,,0,41363.93
PED-14060,2024-04-02,2112,52.0,Deportes,Web,GBA,Tarjeta de débito,36614.7,1,0,1.0,4.0,0,36614.7
PED-12687,2024-09-16,1475,,juguetes, Web ,Otras,Efectivo,10074.62,1,0,3.0,5.0,0,10074.62
PED-13249,2024-02-16,2234,46.0,Juguetes,Marketplace,CABA, Tarjeta de débito ,9877.63,1,15,5.0,4.0,0,8395.99
PED-10815,2024-01-11,2057,37.0,Electrónica,Web,CABA,Tarjeta de crédito,177200.58,1,0,4.0,3.0,0,177200.58
PED-12461,2024-07-13,2704,23.0,Belleza,Web,GBA,Tarjeta de crédito,13124.79,1,0,3.0,4.0,0,13124.79
PED-14825,23/05/2024,1860,23.0,Belleza,Web,GBA,tarjeta de crédito,9789.24,4,20,2.0,2.0,0,31325.57
PED-10052,21/03/2024,2502,36.0,Hogar,Marketplace,gba,TARJETA DE DÉBITO,13156.67,1,0,6.0,5.0,1,13156.67
PED-14695,2025-06-16,2300,42.0,Electrónica,Web,Otras,Transferencia,119641.28,1,0,3.0,5.0,0,119641.28
PED-10624,2025-02-08,2206,31.0,electrónica,Web,CABA,Tarjeta de débito,147669.38,1,0,4.0,5.0,0,147669.38
PED-14551,2025-04-24,1497,19.0, Juguetes ,,CABA,Tarjeta de crédito,14491.85,1,10,5.0,5.0,1,13042.66
PED-12071,2024-05-16,1202,49.0,Juguetes,App,GBA,TRANSFERENCIA,19707.16,2,0,6.0,4.0,0,39414.32
PED-12116,2024-05-21,2492,18.0,Electrónica,marketplace,Mendoza,MercadoPago,122461.07,3,0,4.0,,0,367383.21
PED-12708,2025-03-03,1266,40.0,Indumentaria,Marketplace,GBA, MercadoPago ,28001.47,2,0,5.0,5.0,0,56002.94
PED-13337,2024-03-16,1429,18.0,Hogar,App,CABA,Tarjeta de crédito,32871.61,1,0,,4.0,0,32871.61
PED-12008,12/03/2025,2017,36.0,Electrónica,WEB,,Tarjeta de crédito,191491.56,1,15,6.0,5.0,0,162767.83
PED-12574,2024-04-11,1115,43.0,Electrónica,Web,CABA,Efectivo,88064.46,3,10,3.0,4.0,0,237774.04
PED-14925,2024-04-03,1190,31.0,Indumentaria,App,GBA,Tarjeta de crédito,17404.96,1,25,5.0,4.0,1,13053.72
PED-14501,2024-01-19,2029,25.0,Hogar,Web,caba,Tarjeta de crédito,42482.99,1,0,8.0,5.0,0,42482.99
PED-12228,2025-03-09,2273,39.0,Belleza,App,Córdoba,Efectivo,13370.54,1,15,6.0,5.0,0,11364.96
PED-13472,2024-02-13,1954,56.0,Electrónica,Marketplace,Otras,tarjeta de crédito,153567.77,1,0,5.0,4.0,0,153567.77
PED-11318,2024-08-23,2416,22.0,INDUMENTARIA,Web,MENDOZA,Tarjeta de crédito,14088.87,1,10,5.0,5.0,0,12679.98
PED-14318,2025-01-06,2234,48.0,Indumentaria, App ,GBA,MercadoPago,21834.31,1,0,7.0,1.0,1,21834.31
PED-13353,2024-08-22,1590,49.0,Hogar,App,Otras,TARJETA DE DÉBITO,42927.22,2,10,6.0,4.0,0,77269.0
PED-12830,26/11/2024,1323,33.0,Belleza,Web,Otras,Transferencia,14194.22,3,10,1.0,5.0,0,38324.39
PED-12087,2024-11-08,1251,68.0,Deportes,Web,Otras, Efectivo ,20834.86,3,0,1.0,5.0,0,62504.58
PED-13330,2024-04-18,2559,,Hogar,APP,Córdoba,Tarjeta de débito,51252.84,2,25,6.0,5.0,0,76879.26
PED-11118,2024-01-03,2113,34.0,Deportes,Marketplace,GBA,Transferencia,35171.23,4,5,10.0,5.0,0,133650.67
PED-10489,2024-07-31,1213,55.0,Juguetes,web,GBA,Efectivo,11102.78,1,0,3.0,5.0,0,11102.78
PED-11336,2024-04-11,2387,36.0,Hogar,Marketplace,Santa Fe,MercadoPago,45551.2,1,0,3.0,3.0,0,45551.2
PED-10962,2025-06-09,1241,53.0,Indumentaria,,OTRAS,Tarjeta de crédito,17662.04,1,15,1.0,4.0,0,15012.73
PED-14581,2024-01-15,2028,29.0,Juguetes,App,Córdoba,Tarjeta de débito,3912.37,1,10,3.0,5.0,0,3521.13
PED-12512,2024-02-04,2268,40.0,Electrónica,Web,CABA,Tarjeta de débito,122391.77,1,0,7.0,,0,122391.77
PED-12665,2025-02-06,1039,35.0, Hogar ,Web,,Tarjeta de crédito,53558.42,1,10,9.0,4.0,0,48202.58
PED-14364,2025-04-20,1135,49.0,Electrónica,Web,córdoba,tarjeta de crédito,176940.61,4,0,7.0,5.0,0,707762.44
PED-13436,2024-11-28,1056,41.0,Electrónica,web,,tarjeta de débito,157104.56,1,0,8.0,4.0,0,157104.56
PED-14380,2024-02-11,2752,57.0,Deportes,Marketplace,córdoba,transferencia,29288.44,1,0,1.0,4.0,0,29288.44
PED-12712,2024-06-25,1265,30.0,Hogar,Marketplace,GBA,Efectivo,69599.45,1,0,1.0,3.0,0,69599.45
PED-10210,2024-08-14,1615,56.0,Indumentaria,Web,CABA,Tarjeta de débito,34653.15,1,0,4.0,4.0,0,34653.15
PED-10639,2024-04-16,2054,,Indumentaria,Marketplace,Córdoba,Tarjeta de crédito,22261.87,1,15,5.0,1.0,0,18922.59
PED-11338,2025-01-26,1803,47.0,indumentaria,WEB,GBA,tarjeta de crédito,28728.97,1,0,999.0,4.0,0,28728.97
PED-13983,2024-06-11,1547,,Hogar,App,Santa Fe,Tarjeta de débito,35397.09,2,0,4.0,5.0,0,70794.18
PED-14960,2024-05-11,1295,41.0, Electrónica ,,GBA,Tarjeta de crédito,128202.85,1,20,5.0,,0,102562.28
PED-13013,2024-02-07,1162,33.0,Electrónica,Marketplace,GBA,Tarjeta de crédito,271452.16,2,5,4.0,5.0,0,515759.1
PED-10832,2025-01-12,1419,36.0,indumentaria,WEB,GBA,TARJETA DE CRÉDITO,8114.17,1,5,4.0,3.0,0,7708.46
PED-13969,2025-01-19,1886,49.0,ELECTRÓNICA,MARKETPLACE,CABA,Tarjeta de crédito,164595.7,5,0,8.0,5.0,0,822978.5
PED-12818,2024-06-05,1649,23.0,Juguetes,Marketplace, Santa Fe ,TRANSFERENCIA,23643.39,1,5,6.0,5.0,0,22461.22
PED-13116,2024-07-28,1020,57.0,Indumentaria,MARKETPLACE,Córdoba,Tarjeta de débito,12538.34,2,20,4.0,4.0,0,20061.34
PED-13863,2024-08-31,2692,40.0,Electrónica,App, Mendoza ,tarjeta de crédito,186796.69,1,5,4.0,4.0,0,177456.86
PED-11152,2024-02-16,1079,47.0,electrónica,Web, CABA ,Tarjeta de crédito,193915.2,2,15,2.0,2.0,0,329655.84
PED-10353,2025-03-17,1235,30.0,ELECTRÓNICA,Web, GBA ,tarjeta de débito,169017.08,4,0,8.0,5.0,0,676068.32
PED-14095,2024-06-23,2432,21.0,electrónica,app,Otras,Tarjeta de crédito,61752.97,1,25,4.0,5.0,0,46314.73
PED-12431,28/05/2025,1874,34.0,Indumentaria,marketplace,GBA,Tarjeta de crédito,24127.4,1,0,6.0,5.0,0,24127.4
PED-14865,2024-08-24,1777,45.0,belleza,Marketplace,Mendoza,Tarjeta de crédito,12188.61,1,0,5.0,3.0,0,12188.61
PED-11942,2025-05-11,1653,42.0,Electrónica,Web,Santa Fe,Tarjeta de crédito,216279.67,1,5,3.0,5.0,0,205465.69
PED-14041,2024-06-07,2292,37.0,Electrónica,APP,CABA,Tarjeta de débito,148848.76,2,10,3.0,4.0,0,267927.77
PED-12435,2024-09-14,1072,36.0,Hogar,APP,Otras, MercadoPago ,71679.83,1,10,1.0,,0,64511.85
PED-11500,10/08/2024,2531,34.0,Belleza,APP,OTRAS,Transferencia,11760.56,2,0,6.0,3.0,0,23521.12
PED-11510,2024-12-01,1256,41.0,Juguetes,Web,Otras,Transferencia,15748.15,2,0,4.0,5.0,0,31496.3
PED-10666,2024-01-28,1363,25.0,Juguetes,Marketplace,GBA,MercadoPago,24910.03,72,0,3.0,4.0,1,24910.03
PED-11956,2025-04-10,1591,,Belleza,App, CABA ,tarjeta de crédito,20764.55,1,0,7.0,5.0,0,20764.55
PED-12076,2024-02-19,2647,53.0,Indumentaria,Web,mendoza,Tarjeta de débito,33575.8,1,0,8.0,5.0,0,33575.8
PED-11860,2024-05-09,1895,34.0,Hogar,marketplace,caba,MercadoPago,40291.34,1,0,5.0,,0,40291.34
PED-11606,2024-12-10,1148,39.0,Indumentaria,Web,gba,mercadopago,25452.61,5,0,4.0,4.0,1,127263.05
PED-12885,2024-11-28,1761,35.0,Indumentaria,Marketplace,córdoba,Transferencia,35247.73,1,0,5.0,4.0,0,35247.73
PED-10764,2025-02-13,2320,46.0,HOGAR,Web,GBA,Tarjeta de crédito,40201.48,1,0,8.0,3.0,0,40201.48
PED-10659,2024-12-28,2646,31.0,Belleza,Web,CABA,Tarjeta de débito,18946.66,1,0,6.0,5.0,0,18946.66
PED-14531,2024-06-20,1162,21.0,Juguetes,App,Otras,TARJETA DE DÉBITO,16730.09,1,0,4.0,5.0,0,16730.09
PED-14303,2025-04-24,1256,57.0,Deportes,App,CABA,Efectivo,12813.51,1,15,9.0,5.0,0,10891.48
PED-11094,2025-05-07,2463,22.0,Hogar,Web,GBA,Tarjeta de débito,13832.83,4,10,6.0,5.0,0,49798.19
PED-14754,2024-06-16,2755,28.0,Electrónica,App,CABA,Tarjeta de crédito,265873.74,4,10,2.0,4.0,0,957145.46
PED-13525,2025-02-08,1587,32.0,electrónica,App,mendoza,Tarjeta de crédito,200055.66,4,0,,,0,800222.64
PED-13409,2024-01-25,1271,18.0,ELECTRÓNICA,Web,CÓRDOBA,Tarjeta de crédito,78003.24,1,0,2.0,4.0,0,78003.24
PED-10369,11/10/2024,2179,42.0,JUGUETES,Marketplace,CABA,Tarjeta de crédito,12666.49,2,0,7.0,5.0,0,25332.98
PED-10257,2024-12-14,1207,22.0,Electrónica,web,CABA,Transferencia,232798.85,3,20,8.0,5.0,0,558717.24
PED-13075,2024-04-18,2199,26.0, Deportes ,Web,CABA,MercadoPago,8120.98,1,15,10.0,5.0,0,6902.83
PED-13672,2024-04-02,2315,27.0,Belleza,app,Otras,TARJETA DE CRÉDITO,11700.56,1,0,1.0,2.0,0,11700.56
PED-10584,2024-04-07,1214,25.0,indumentaria,Web,Otras,Tarjeta de crédito,37999.52,1,20,6.0,1.0,0,30399.62
PED-10020,2024-07-10,2549,61.0,ELECTRÓNICA,Web,CABA,Tarjeta de crédito,199812.21,1,0,3.0,5.0,0,199812.21
PED-13469,2024-12-20,1618,40.0,Indumentaria,App,Otras,Tarjeta de crédito,30839.07,1,15,7.0,5.0,0,26213.21
PED-13706,2024-05-24,1619,,Indumentaria,Web,Mendoza,Tarjeta de crédito,18673.66,3,5,4.0,1.0,0,53219.93
PED-12982,2025-05-19,1475,38.0,Indumentaria,, Mendoza ,Tarjeta de crédito,37966.77,1,0,1.0,5.0,1,37966.77
PED-10908,2024-02-24,1711,,Hogar,App,GBA,MercadoPago,28161.76,2,25,3.0,2.0,0,42242.64
PED-11285,2025-06-22,2706,42.0,Juguetes,Web, CABA ,MercadoPago,16595.41,1,10,4.0,5.0,0,14935.87
PED-12398,31/03/2025,1299,,electrónica,App, GBA ,Tarjeta de débito,276563.74,1,10,5.0,5.0,0,248907.37
PED-14885,2024-04-25,1335,40.0,Hogar,App,,Tarjeta de débito,43037.16,1,5,8.0,3.0,0,40885.3
PED-12526,2024-10-31,1796,35.0,electrónica,Web,CABA,Tarjeta de débito,222279.05,1,5,3.0,4.0,0,211165.1
PED-12887,2025-06-06,1631,24.0,Juguetes,Web,,TARJETA DE CRÉDITO,12283.07,1,0,4.0,,1,12283.07
PED-13023,2024-07-24,2273,18.0,Belleza,Web,GBA,tarjeta de débito,15739.97,1,10,,3.0,0,14165.97
PED-12568,2024-01-20,2494,20.0,Juguetes,App,Otras,Tarjeta de crédito,17361.83,1,0,3.0,5.0,0,17361.83
PED-14561,2025-06-01,1908,24.0,Indumentaria,Marketplace, Mendoza ,Transferencia,29014.59,2,0,4.0,,0,58029.18
PED-13135,2025-05-03,2642,39.0,Juguetes,Web,,Tarjeta de débito,11104.15,1,0,2.0,5.0,0,11104.15
PED-13613,2024-10-22,2353,36.0,Juguetes,WEB,GBA,tarjeta de crédito,6550.55,1,0,8.0,2.0,0,6550.55
PED-12760,2024-03-05,1014,32.0,Deportes,Web, Otras ,Tarjeta de crédito,35163.49,4,0,7.0,4.0,0,140653.96
PED-11800,2024-04-08,2659,49.0,Belleza,web,Otras,Efectivo,15852.68,2,5,2.0,4.0,0,0.0
PED-12627,2025-06-18,2764,47.0,Electrónica, Web ,Otras,transferencia,185974.55,1,10,6.0,5.0,0,167377.1
PED-12539,2024-12-24,1228,45.0,Electrónica,web,Otras,Efectivo,257160.11,2,0,1.0,,0,514320.22
PED-11848,2024-08-14,1376,44.0,Hogar,Marketplace,CABA,Tarjeta de crédito,59832.54,2,0,1.0,4.0,0,119665.08
PED-13130,2024-04-27,1156,55.0,Juguetes,WEB,CABA,Tarjeta de crédito,18414.52,1,15,5.0,4.0,0,15652.34
PED-12561,2024-05-19,1533,46.0,Juguetes,web,Otras,MercadoPago,9027.46,1,20,13.0,4.0,0,7221.97
PED-14102,2024-09-04,2798,58.0,Indumentaria,App,CABA,Tarjeta de crédito,33414.38,1,15,3.0,,0,28402.22
PED-13494,2025-01-29,1484,18.0,Indumentaria,WEB,CABA,mercadopago,33737.38,3,0,6.0,5.0,0,101212.14
PED-10557,01/01/2024,2048,31.0,Deportes,App,CABA,MercadoPago,33873.43,1,0,3.0,4.0,0,33873.43
PED-12879,2025-06-03,2797,34.0,DEPORTES,App,CABA,Tarjeta de débito,35929.41,1,0,6.0,4.0,0,35929.41
PED-14489,2024-08-09,2113,39.0,Deportes,Web,Otras,Transferencia,36475.79,2,0,5.0,5.0,0,72951.58
PED-11853,2024-04-14,1370,22.0,Juguetes,APP,GBA,Tarjeta de crédito,12160.8,1,10,7.0,,0,10944.72
PED-10803,2024-01-15,2717,39.0,Indumentaria,App,Santa Fe,Tarjeta de crédito,39625.56,1,0,8.0,5.0,0,39625.56
PED-10042,2024-08-29,2507,50.0,electrónica,Web,Mendoza,Tarjeta de crédito,118754.4,1,0,3.0,4.0,0,118754.4
PED-13926,2025-03-21,1347,62.0,Deportes,Marketplace,Otras,TRANSFERENCIA,57312.83,1,0,5.0,5.0,0,57312.83
PED-12103,2024-09-06,1360,18.0,Electrónica,Marketplace,GBA,Tarjeta de débito,157841.72,1,0,2.0,,0,157841.72
PED-12223,2025-04-20,1765,49.0,Indumentaria,Marketplace,Otras,MERCADOPAGO,39098.31,2,15,5.0,5.0,0,66467.13
PED-12734,2024-10-29,2075,38.0,indumentaria,App,Otras,Tarjeta de débito,30333.16,1,20,4.0,5.0,0,24266.53
PED-10551,2025-04-02,2343,48.0,Hogar,Web,CABA, MercadoPago ,50149.84,1,0,4.0,1.0,0,50149.84
PED-12978,2025-01-02,1844,44.0,Hogar,Marketplace,CABA,Tarjeta de débito,42648.09,1,0,,5.0,0,42648.09
PED-10926,2024-10-14,2134,51.0,Indumentaria,Web,Santa Fe,Tarjeta de crédito,20712.85,1,20,10.0,5.0,0,16570.28
PED-12789,2024-06-04,2170,48.0,Belleza,MARKETPLACE,Santa Fe,Transferencia,3791.34,2,0,2.0,3.0,0,7582.68
PED-14052,2025-02-26,1102,32.0,electrónica,web, GBA , Tarjeta de crédito ,193325.34,1,5,5.0,5.0,0,183659.07
PED-14848,2024-06-14,1328,47.0,Belleza,Web,Mendoza,Tarjeta de crédito,3625.86,4,0,7.0,4.0,0,14503.44
PED-13379,2025-05-13,2530,62.0,Electrónica,APP,Córdoba,Tarjeta de crédito,202242.54,1,0,5.0,5.0,0,202242.54
PED-13667,2024-08-23,1279,32.0,Hogar,Marketplace,gba, Tarjeta de débito ,11576.35,1,0,6.0,4.0,0,11576.35
PED-11434,2024-01-02,2443,51.0,Belleza,,Otras,Transferencia,12303.8,1,0,10.0,1.0,0,12303.8
PED-12955,2024-11-10,2149,38.0,Deportes,App,CABA,Tarjeta de crédito,31303.21,1,10,3.0,3.0,0,28172.89
PED-10676,2024-07-30,2333,18.0,juguetes,marketplace,CABA,Tarjeta de débito,10761.92,1,0,4.0,5.0,0,10761.92
PED-14278,2024-07-12,2466,19.0,hogar,App,GBA,MERCADOPAGO,38903.67,1,10,1.0,,1,35013.3
PED-12255,2024-09-04,1164,59.0,Hogar,,Otras,Tarjeta de débito,54329.11,1,0,4.0,4.0,0,54329.11
PED-13603,2024-04-02,1770,21.0,Juguetes,Web,Santa Fe,MercadoPago,11029.29,2,10,4.0,4.0,0,19852.72
PED-11170,2024-07-13,1521,33.0,Deportes,marketplace,Mendoza, Efectivo ,44515.6,2,5,11.0,,0,84579.64
PED-12305,21/09/2024,1962,42.0,Belleza,Marketplace,GBA,Tarjeta de débito,10746.19,1,0,5.0,5.0,0,10746.19
PED-13538,26/11/2024,1463,45.0,Indumentaria, Marketplace ,Mendoza,Tarjeta de crédito,23219.33,2,10,8.0,,0,41794.79
PED-11138,2024-08-13,1233,21.0,Electrónica,App,GBA,Transferencia,290302.99,1,10,4.0,,0,261272.69
PED-13635,2024-06-03,2653,31.0,HOGAR,Marketplace,CABA,Tarjeta de crédito,47188.44,1,5,7.0,,0,44829.02
PED-14319,2024-07-24,2451,39.0,Electrónica,WEB,GBA,Efectivo,337978.78,2,0,1.0,5.0,0,675957.56
PED-10221,18/05/2025,1199,49.0, Indumentaria ,WEB,SANTA FE,Tarjeta de crédito,29254.0,1,25,3.0,5.0,0,21940.5
PED-14420,2024-02-23,2234,31.0,Belleza,Marketplace,CABA,Tarjeta de crédito,10095.59,2,10,7.0,4.0,0,18172.06
PED-10583,2024-11-01,2226,33.0,Hogar,Web, GBA ,TARJETA DE DÉBITO,39750.29,1,0,5.0,5.0,1,39750.29
PED-10610,04/04/2024,2080,46.0,Indumentaria, Marketplace ,Otras,MercadoPago,16440.57,4,0,4.0,2.0,0,65762.28
PED-11536,2024-10-30,1686,29.0,Juguetes,Web,Mendoza,efectivo,22280.6,2,10,4.0,5.0,0,40105.08
PED-11101,2024-09-07,2398,57.0,Indumentaria, Web , GBA ,Tarjeta de crédito,33711.11,1,0,1.0,,0,33711.11
PED-11985,2024-09-17,1718,21.0,ELECTRÓNICA,Web,Otras,Transferencia,32109.14,1,15,4.0,,0,27292.77
PED-10730,2024-05-19,2033,20.0,Juguetes,Web,GBA,Tarjeta de débito,12955.97,1,0,5.0,5.0,0,12955.97
PED-13745,2024-07-06,2138,60.0, Hogar ,Web,Otras,Tarjeta de débito,55416.63,1,20,6.0,,0,44333.3
PED-14373,2024-05-16,1754,57.0,Indumentaria,App,CABA,mercadopago,34270.94,1,0,2.0,5.0,0,34270.94
PED-13696,2024-07-10,2410,34.0,Deportes,Web,CABA,Tarjeta de débito,47865.58,1,0,6.0,5.0,0,47865.58
PED-13828,2024-07-08,2299,18.0,Hogar,web,,MercadoPago,34627.31,1,10,2.0,5.0,0,31164.58
PED-11335,27/10/2024,1572,45.0,belleza,Marketplace,CABA,Tarjeta de crédito,14619.16,2,0,2.0,3.0,0,29238.32
PED-12596,2025-04-24,2127,18.0,Deportes,App,gba,Tarjeta de crédito,42097.92,1,0,4.0,1.0,0,42097.92
PED-14158,2025-01-15,1096,34.0,Electrónica,Web,otras,TARJETA DE CRÉDITO,61737.57,1,20,5.0,5.0,0,49390.06
PED-11794,2025-01-16,1849,18.0,Hogar,APP,GBA,Tarjeta de débito,61223.42,1,20,2.0,5.0,0,48978.74
PED-12243,2024-02-10,1752,20.0,Belleza,Web,GBA,Tarjeta de débito,9660.08,1,0,7.0,5.0,0,9660.08
PED-11788,2024-02-29,1312,43.0,Deportes,App,Mendoza,Tarjeta de débito,33326.12,1,0,2.0,4.0,0,33326.12
PED-14648,2024-10-01,2022,34.0,Indumentaria,APP, CABA ,Tarjeta de crédito,31098.29,2,0,8.0,5.0,0,62196.58
PED-14620,2024-09-05,2199,55.0, Indumentaria , Web ,CABA,Tarjeta de débito,25478.65,1,25,6.0,5.0,0,19108.99
PED-13978,2024-01-08,1650,22.0,Indumentaria,Marketplace,gba,tarjeta de crédito,21482.45,1,0,2.0,4.0,0,21482.45
PED-13131,2024-02-28,1514,44.0,Indumentaria,web,otras,,6730.47,5,0,7.0,,0,33652.35
PED-13029,2025-06-11,1831,18.0,Indumentaria,Web,CABA,Tarjeta de crédito,44472.98,1,0,5.0,5.0,0,44472.98
PED-12769,2024-04-27,1511,27.0,Hogar,Web,CABA,Tarjeta de débito,43222.9,3,0,10.0,4.0,0,129668.7
PED-12090,2024-07-06,1606,47.0,Deportes,App,Otras,TARJETA DE CRÉDITO,31220.96,1,0,,4.0,0,31220.96
PED-14253,2024-09-02,2427,43.0,Indumentaria,App,Córdoba,Tarjeta de crédito,48201.16,1,5,6.0,4.0,0,45791.1
PED-13872,2024-08-15,1502,37.0,electrónica,web,Otras,Tarjeta de débito,238582.37,1,10,1.0,4.0,0,214724.13
PED-11426,2025-06-13,2260,44.0,Hogar,Marketplace,Mendoza,Tarjeta de crédito,47842.95,4,0,8.0,,0,191371.8
PED-11972,2024-01-23,2483,34.0,Belleza,web,GBA,Efectivo,9325.26,1,0,8.0,4.0,0,9325.26
PED-13166,2025-02-28,2201,27.0,Belleza,Marketplace,santa fe,Tarjeta de débito,9585.04,1,15,5.0,5.0,0,8147.28
PED-13555,2025-05-15,2645,35.0,indumentaria,app,Santa Fe,TARJETA DE DÉBITO,30992.91,1,0,3.0,5.0,0,30992.91
PED-12156,2024-10-03,1070,55.0, Belleza ,Web,GBA,Tarjeta de crédito,9353.92,1,0,7.0,2.0,0,9353.92
PED-14469,2025-01-11,2019,27.0,Juguetes,App,Otras,MercadoPago,22451.73,1,5,4.0,5.0,0,21329.14
PED-13827,2024-03-12,1746,38.0,Deportes, Web ,GBA,TARJETA DE DÉBITO,58915.05,5,0,3.0,4.0,0,294575.25
PED-14482,2025-05-03,2009,,Hogar,APP,GBA,TRANSFERENCIA,36728.95,1,0,1.0,5.0,0,36728.95
PED-12439,2024-08-22,1089,40.0,Belleza,Web,Otras,Tarjeta de débito,18426.4,2,0,1.0,4.0,0,36852.8
PED-11859,2024-05-08,1068,58.0,Electrónica, Marketplace ,Mendoza,Tarjeta de débito,180910.26,1,0,4.0,5.0,0,180910.26
PED-13908,2025-04-04,1462,31.0,Indumentaria,Web,CABA,tarjeta de débito,27557.2,1,20,1.0,2.0,0,22045.76
PED-10273,2025-05-04,2020,61.0,Indumentaria,Web,GBA,Efectivo,27900.37,1,0,6.0,4.0,0,27900.37
PED-12729,2024-04-10,1846,71.0, Hogar ,Web, GBA ,Efectivo,51871.81,1,0,6.0,3.0,0,51871.81
PED-11712,2024-12-29,1739,45.0,Hogar,Web,Córdoba,mercadopago,43312.62,2,0,6.0,5.0,1,86625.24
PED-12381,2024-12-06,1415,19.0,Deportes,app,córdoba,tarjeta de crédito,33042.95,1,0,4.0,2.0,0,33042.95
PED-12193,2024-09-24,1612,40.0,Hogar,Web,Córdoba,tarjeta de débito,36977.29,1,0,2.0,5.0,0,36977.29
PED-13677,2025-02-23,1167,,Indumentaria,app,Otras,Tarjeta de crédito,25503.26,1,0,3.0,5.0,0,25503.26
PED-13357,2024-08-21,2296,25.0,Indumentaria,Web,GBA,Tarjeta de crédito,28689.98,1,10,5.0,5.0,0,25820.98
PED-12870,2025-01-24,2081,38.0,Hogar,Marketplace,Santa Fe,Tarjeta de crédito,34520.2,5,0,3.0,4.0,1,172601.0
PED-12608,2024-01-19,2605,19.0,electrónica,App,CABA,Tarjeta de débito,84259.18,4,5,4.0,3.0,0,320184.88
PED-12332,2025-04-26,2657,34.0,Juguetes,App,GBA,tarjeta de crédito,13702.09,1,0,3.0,4.0,0,13702.09
PED-12489,2024-07-22,1768,36.0,Juguetes,App,Mendoza,Transferencia,16431.2,1,0,1.0,5.0,0,16431.2
PED-12809,2024-11-26,1657,37.0,belleza, Marketplace ,caba,Efectivo,8743.35,2,5,1.0,4.0,0,16612.37
PED-12735,2025-05-10,1118,42.0,Juguetes,WEB,OTRAS,Tarjeta de débito,21934.5,1,10,1.0,,0,19741.05
PED-12465,03/03/2024,2018,41.0,Electrónica,App,CABA,Transferencia,73394.74,2,0,10.0,1.0,1,146789.48
PED-10134,31/03/2025,1581,40.0, Hogar ,App,,Tarjeta de crédito,30994.41,2,0,2.0,5.0,0,61988.82
PED-14086,2024-03-16,1964,70.0,belleza,App,Santa Fe,Tarjeta de débito,12508.45,1,5,1.0,,0,11883.03
PED-12212,2024-06-10,2465,34.0,Deportes,,GBA,Efectivo,28033.76,1,0,7.0,1.0,0,28033.76
PED-14575,2024-07-13,2750,,Belleza,,CABA,Tarjeta de débito,10331.22,1,0,3.0,,0,10331.22
PED-13649,31/12/2024,1902,18.0,Hogar,WEB,Córdoba,Transferencia,48286.56,1,0,8.0,3.0,0,48286.56
PED-11480,2024-10-08,1083,,Hogar,Web,Otras,Tarjeta de débito,40665.88,4,0,5.0,5.0,0,0.0
PED-10414,2024-03-09,1790,57.0,BELLEZA,Marketplace,GBA,MercadoPago,9721.5,1,0,1.0,,0,9721.5
PED-13504,02/03/2024,2168,40.0,Juguetes,Web,GBA,Tarjeta de crédito,17573.53,1,0,6.0,5.0,0,17573.53
PED-12428,2025-06-23,2294,18.0,Electrónica,Web,CABA,MercadoPago,121782.98,1,0,7.0,4.0,0,121782.98
PED-14349,2024-04-21,2592,25.0,Indumentaria,App, Otras ,transferencia,34553.81,2,25,4.0,5.0,0,51830.72
PED-14839,14/03/2025,2727,43.0,Indumentaria,Marketplace,GBA,Tarjeta de crédito,43778.17,2,5,4.0,5.0,0,83178.52
PED-11448,2024-06-11,2570,48.0,Electrónica,App,GBA,TARJETA DE DÉBITO,204069.19,1,5,1.0,5.0,0,193865.73
PED-12415,2025-02-15,2294,34.0,INDUMENTARIA,Marketplace,Córdoba,Tarjeta de crédito,22233.18,2,0,,,0,44466.36
PED-11468,2024-04-16,2420,35.0,electrónica,Web,Mendoza,Tarjeta de crédito,188285.93,1,0,4.0,5.0,0,188285.93
PED-14792,2024-07-24,1507,39.0,ELECTRÓNICA, Marketplace ,Otras,Tarjeta de crédito,218973.71,2,0,3.0,,1,437947.42
PED-13837,2025-02-19,1125,34.0, Deportes ,WEB,CABA,Transferencia,39465.63,5,10,1.0,,1,177595.34
PED-10269,18/01/2024,2368,35.0,Indumentaria,App,CABA,,34611.74,1,0,6.0,5.0,0,34611.74
PED-13873,03/09/2024,1425,38.0,Electrónica,web,CABA,Tarjeta de débito,190423.79,1,0,5.0,5.0,0,190423.79
PED-13282,2025-02-23,2512,49.0,Electrónica,App,CABA,mercadopago,199631.39,1,20,7.0,4.0,1,159705.11
PED-12587,2024-04-25,2747,39.0,Hogar,Marketplace,Santa Fe,MercadoPago,20853.71,1,10,6.0,3.0,0,18768.34
PED-12598,2024-12-14,1292,18.0,Deportes,Web,Santa Fe,Tarjeta de débito,43715.54,1,0,4.0,5.0,0,43715.54
PED-11290,2024-03-24,2237,39.0,Indumentaria,Web,Mendoza,Transferencia,27682.92,2,0,3.0,3.0,0,55365.84
PED-13229,2024-12-06,2007,54.0,Electrónica,MARKETPLACE,,Tarjeta de débito,233040.12,1,5,7.0,2.0,0,221388.11
PED-14152,23/06/2024,1714,62.0, Indumentaria ,App,otras,,18692.05,1,0,4.0,4.0,0,18692.05
PED-10398,29/09/2024,2553,32.0,Electrónica,App,otras, Tarjeta de débito ,97348.27,1,0,4.0,,1,97348.27
PED-11738,2024-11-11,2156,46.0,Hogar,App,Córdoba,Transferencia,54830.94,1,5,4.0,5.0,0,52089.39
PED-10160,2024-09-03,1552,25.0,Belleza,marketplace,Santa Fe,Tarjeta de crédito,12735.73,2,0,6.0,,0,25471.46
PED-10448,2025-05-10,1669,37.0,Hogar,Web, Santa Fe ,Tarjeta de crédito,62080.88,2,0,1.0,5.0,0,124161.76
PED-11324,2025-01-29,2531,18.0,Deportes,APP,CABA,Transferencia,59066.35,2,10,4.0,,0,106319.43
PED-12385,2024-08-20,2712,37.0, Hogar ,Marketplace,CABA,Tarjeta de débito,58053.7,2,10,5.0,4.0,0,104496.66
PED-13464,2025-01-02,1549,38.0,Indumentaria,Web,Otras,Tarjeta de débito,36347.07,1,5,4.0,5.0,0,34529.72
PED-13588,2024-10-14,1255,42.0,Electrónica,App,CABA,Tarjeta de crédito,221977.03,1,0,3.0,5.0,0,221977.03
PED-11799,2024-03-23,2242,54.0,HOGAR,Web,CABA,tarjeta de débito,42299.54,2,10,2.0,4.0,0,76139.17
PED-13976,22/01/2024,1005,29.0,Juguetes,App,GBA,Transferencia,18557.62,1,15,8.0,4.0,0,15773.98
PED-14177,2025-04-15,2046,,belleza,Web,Santa Fe,Tarjeta de débito,10715.78,2,0,2.0,,0,21431.56
PED-11499,2024-02-08,1240,34.0,Juguetes,Marketplace,CABA,Transferencia,244917.0373847325,1,0,5.0,3.0,0,17026.78
PED-10493,15/06/2025,1245,36.0,Deportes,Marketplace,CABA,MercadoPago,11295.73,1,5,,2.0,0,10730.94
PED-12058,2024-04-22,2166,27.0,Deportes,Web,CABA,tarjeta de crédito,62732.16,1,20,3.0,4.0,0,50185.73
PED-13372,2025-04-25,1845,60.0,Electrónica,Marketplace,GBA, Tarjeta de crédito ,32797.05,2,20,3.0,,0,52475.28
PED-13574,2025-01-17,1194,44.0,Indumentaria,Web,Córdoba,MercadoPago,20375.37,1,0,4.0,5.0,1,20375.37
PED-11084,2024-07-01,1240,49.0,indumentaria,App,Santa Fe, Tarjeta de crédito ,18915.45,1,0,5.0,5.0,0,18915.45
PED-11402,2024-04-02,1537,42.0,Electrónica,web,Mendoza, Transferencia ,60014.96,1,0,4.0,4.0,0,60014.96
PED-12590,2024-11-18,1037,22.0,Electrónica,APP,santa fe,MercadoPago,187688.33,1,0,,4.0,0,187688.33
PED-12617,2024-01-25,2457,49.0,Electrónica,APP,Mendoza,Transferencia,190799.09,2,0,4.0,3.0,1,381598.18
PED-11748,2025-04-06,2319,42.0,Indumentaria,Web,,Tarjeta de débito,29456.38,2,0,3.0,4.0,0,58912.76
PED-10151,2024-04-22,1699,43.0,INDUMENTARIA,app,Córdoba,Tarjeta de crédito,23395.82,1,0,2.0,,0,23395.82
PED-13950,2024-11-06,2726,36.0, Indumentaria ,App, Santa Fe ,Tarjeta de crédito,23201.05,1,0,3.0,4.0,0,23201.05
PED-12074,2025-05-14,1782,35.0,Indumentaria,App,CABA,Tarjeta de crédito,22910.5,1,5,1.0,4.0,1,21764.98
PED-10034,2024-05-10,1521,24.0,INDUMENTARIA,Marketplace,Otras,TARJETA DE CRÉDITO,41928.46,1,0,1.0,4.0,0,41928.46
PED-11693,17/03/2025,1186,,Juguetes,app,mendoza,Tarjeta de crédito,14607.15,1,0,1.0,5.0,0,14607.15
PED-13186,01/01/2025,2042,34.0,HOGAR, App ,Otras,Efectivo,28027.9,1,15,3.0,4.0,0,23823.72
PED-13648,2024-07-25,2673,18.0,Electrónica,App,CABA,Tarjeta de crédito,237451.83,1,25,5.0,5.0,0,178088.87
PED-10661,2024-09-30,2459,37.0,Hogar,Web,otras,Tarjeta de débito,33669.26,3,20,4.0,2.0,0,80806.22
PED-14796,2025-03-09,1716,21.0,Hogar,Web,Otras,efectivo,50152.23,1,20,7.0,5.0,0,40121.78
PED-12464,2024-02-10,1779,45.0,Deportes,marketplace,caba,MercadoPago,51702.59,1,10,4.0,3.0,1,46532.33
PED-14407,2024-10-31,1460,60.0,Hogar,App,Otras,mercadopago,41333.59,1,0,4.0,4.0,0,41333.59
PED-11192,2024-11-13,1561,19.0,DEPORTES,App,CABA,TARJETA DE CRÉDITO,59345.45,2,10,6.0,4.0,0,106821.81
PED-14066,2024-07-20,2506,36.0,Indumentaria,App,Otras,MERCADOPAGO,25903.41,1,0,5.0,4.0,0,25903.41
PED-11269,2025-06-21,1030,38.0,Belleza,,Otras, Tarjeta de débito ,18842.67,1,5,5.0,5.0,0,17900.54
PED-14123,2024-04-30,1731,34.0,deportes,Marketplace,MENDOZA,tarjeta de débito,32198.28,4,0,5.0,5.0,0,128793.12
PED-13999,2025-06-15,1133,34.0,Juguetes,App, Mendoza ,MercadoPago,5053.44,1,15,5.0,5.0,0,4295.42
PED-10779,2024-02-08,1571,42.0,Hogar,Marketplace,CABA,EFECTIVO,46947.24,1,15,7.0,5.0,0,39905.15
PED-11257,2024-07-28,1383,54.0,Hogar,WEB,,Tarjeta de crédito,36609.96,1,0,2.0,4.0,0,36609.96
PED-13416,29/12/2024,2709,22.0,juguetes, App ,Mendoza,EFECTIVO,22293.59,1,0,3.0,4.0,0,22293.59
PED-10490,2024-07-21,1863,40.0,Belleza,App,GBA,Transferencia,15897.67,3,0,9.0,5.0,0,47693.01
PED-11308,2024-07-17,1560,24.0,Belleza,web,CABA,Tarjeta de crédito,13741.74,1,10,8.0,5.0,0,12367.57
PED-14246,2025-01-15,1016,51.0,deportes,Marketplace,,Tarjeta de débito,31596.05,2,20,5.0,3.0,0,50553.68
PED-13819,2025-01-01,1999,44.0,Electrónica,Marketplace,GBA,Tarjeta de crédito,248724.77,4,0,5.0,5.0,0,994899.08
PED-12275,2024-07-28,1604,55.0,JUGUETES,App,córdoba,Tarjeta de crédito,18799.57,3,0,5.0,5.0,0,56398.71
PED-12651,2024-01-13,2579,38.0,Juguetes,Web,Otras,Tarjeta de crédito,15533.68,1,0,7.0,4.0,0,15533.68
PED-11071,2024-08-10,1393,45.0,Belleza,Web,Santa Fe,MercadoPago,11337.46,1,10,7.0,4.0,0,10203.71
PED-12904,2024-09-29,1241,49.0,Juguetes,Web,GBA,Tarjeta de crédito,17699.55,3,0,3.0,5.0,0,53098.65
PED-13300,2025-01-19,1303,36.0,Hogar,Marketplace,GBA,Tarjeta de crédito,54541.23,1,0,2.0,4.0,0,54541.23
PED-11164,2024-03-29,1017,36.0,Belleza,App,CABA,Tarjeta de débito,14479.14,1,5,8.0,3.0,0,13755.18
PED-12054,2024-04-22,1673,37.0,DEPORTES,App,GBA,Tarjeta de crédito,28783.21,1,0,1.0,4.0,0,28783.21
PED-13165,12/04/2025,2405,22.0,Electrónica, Web , GBA ,Tarjeta de débito,274395.98,1,0,3.0,4.0,0,274395.98
PED-13979,2025-06-12,2103,44.0,Deportes,Web,GBA,Efectivo,33440.07,3,20,6.0,5.0,0,80256.17
PED-12404,2024-04-12,1056,28.0,Belleza,Web,GBA, Tarjeta de crédito ,12711.04,2,0,5.0,3.0,0,25422.08
PED-10214,2024-04-08,1585,30.0, Indumentaria ,Web,Santa Fe,Tarjeta de débito,16937.3,1,5,3.0,4.0,0,16090.43
PED-13970,09/07/2024,2117,18.0,Indumentaria,App,CABA,Tarjeta de crédito,26347.64,2,0,5.0,5.0,0,52695.28
PED-13188,2024-11-04,2619,26.0,Belleza,Web,córdoba,Transferencia,6736.93,1,0,3.0,5.0,0,0.0
PED-14307,13/04/2024,2246,19.0,Belleza,Web,Córdoba,MercadoPago,14646.08,1,5,,4.0,0,13913.78
PED-14989,2024-03-11,2794,41.0,Deportes,Marketplace,,Transferencia,17535.51,1,0,5.0,2.0,0,17535.51
PED-11262,2025-01-15,1172,42.0,Indumentaria,Web,Santa Fe,Tarjeta de crédito,33662.16,1,15,1.0,4.0,0,28612.84
PED-11478,2024-10-19,2100,44.0,Indumentaria,web,CABA,Tarjeta de crédito,33923.55,2,5,10.0,5.0,0,64454.74
PED-14151,2024-03-30,1620,18.0,Electrónica,App,Santa Fe,tarjeta de débito,-169825.07,1,5,5.0,4.0,0,161333.82
PED-10081,2024-03-03,1254,47.0,Deportes,web,Córdoba, Tarjeta de crédito ,51892.66,1,10,1.0,1.0,0,46703.39
PED-10847,2024-05-16,1324,22.0,Indumentaria,Marketplace,Otras,Tarjeta de crédito,34351.01,4,0,9.0,5.0,0,137404.04
PED-14149,2025-01-10,1012,,Belleza,App,Mendoza,Tarjeta de crédito,4681.6,1,0,2.0,4.0,0,4681.6
PED-10601,2025-05-22,1515,34.0,Indumentaria, Marketplace ,CABA,Tarjeta de crédito,16559.75,4,10,6.0,5.0,1,59615.1
PED-12422,20/07/2024,1491,18.0,Deportes,App,GBA,Tarjeta de crédito,38790.9,3,0,7.0,,0,116372.7
PED-13571,20/06/2025,2232,29.0,Indumentaria,App,Córdoba,TARJETA DE DÉBITO,25366.78,1,0,5.0,5.0,1,25366.78
PED-13941,2024-08-29,1409,37.0,Belleza,Web,Córdoba,Tarjeta de débito,11692.34,1,0,3.0,5.0,0,11692.34
PED-12645,2025-01-14,2663,48.0,Electrónica,app, GBA ,Tarjeta de débito,149066.75,1,5,1.0,3.0,0,141613.41
PED-14909,2025-03-21,2051,,Deportes,Marketplace,CABA,Efectivo,32860.8,1,15,5.0,5.0,0,0.0
PED-14438,2025-02-25,2021,55.0,Belleza,marketplace,GBA,Efectivo,14694.52,1,10,3.0,4.0,0,13225.07
PED-11023,2024-03-13,1685,20.0,Deportes,web,Otras, Tarjeta de débito ,67805.09,1,0,9.0,5.0,0,67805.09
PED-14184,26/08/2024,2134,51.0,deportes,Marketplace,GBA,tarjeta de débito,30476.76,1,10,6.0,3.0,0,27429.08
PED-12600,2024-05-05,2161,31.0,indumentaria,Web,,Tarjeta de crédito,24110.09,4,0,1.0,5.0,0,96440.36
PED-14037,2024-07-12,1879,36.0,Juguetes,App,CABA,Tarjeta de crédito,8373.75,2,0,7.0,5.0,0,16747.5
PED-13911,2024-06-10,1288,29.0,Belleza,app,CABA,Tarjeta de débito,10396.12,1,0,7.0,5.0,0,10396.12
PED-13670,2024-04-19,1591,32.0,Belleza,MARKETPLACE,CABA,Tarjeta de crédito,15571.41,1,0,6.0,,0,15571.41
PED-13269,2025-01-21,2179,81.0, Juguetes ,Web,GBA,MercadoPago,16338.83,2,25,3.0,4.0,0,0.0
PED-11565,2024-04-11,2415,51.0,indumentaria,Marketplace,gba,tarjeta de crédito,23139.92,1,20,5.0,5.0,0,18511.94
PED-13170,2024-12-10,1847,44.0,Electrónica,App,Córdoba,Tarjeta de débito,208044.35,1,0,7.0,4.0,0,208044.35
PED-13320,2024-11-06,2437,21.0,Indumentaria,Marketplace,OTRAS,MercadoPago,25136.98,1,10,5.0,,0,22623.28
PED-10411,2025-05-20,2106,48.0,INDUMENTARIA,WEB,CABA,TARJETA DE CRÉDITO,23323.87,1,25,8.0,5.0,0,17492.9
PED-13973,2025-02-08,1300,53.0,Belleza,App,GBA, Tarjeta de crédito ,7948.52,3,0,2.0,4.0,1,23845.56
PED-13200,2025-02-16,1333,43.0,Electrónica,App,Santa Fe,,253702.6,1,25,9.0,5.0,0,190276.95
PED-10077,2025-06-04,1821,55.0,Electrónica,APP,Santa Fe,Transferencia,182086.22,1,0,1.0,5.0,0,182086.22
PED-14463,2024-07-07,2076,18.0,Deportes,App,GBA,Tarjeta de crédito,41630.51,1,5,5.0,5.0,1,39548.98
PED-12743,2024-01-31,1318,45.0,Belleza,MARKETPLACE,Córdoba,Tarjeta de débito,7301.96,1,0,1.0,5.0,1,0.0
PED-12793,2024-06-23,2708,52.0,Deportes,app,OTRAS,Efectivo,45651.16,1,0,3.0,4.0,0,45651.16
PED-10282,2025-02-11,1329,18.0,Indumentaria,MARKETPLACE,CABA,EFECTIVO,32825.95,1,0,5.0,4.0,0,32825.95
PED-13212,2024-10-27,1743,22.0,Juguetes,Web,GBA,Tarjeta de débito,13073.58,2,0,6.0,,0,26147.16
PED-12452,16/04/2024,1277,25.0,Hogar,Web,CABA,Tarjeta de crédito,77881.6,3,0,5.0,4.0,0,233644.8
PED-14453,2024-07-06,2231,46.0,Juguetes,Marketplace,Mendoza,Tarjeta de débito,20423.68,3,10,,5.0,0,55143.94
PED-10525,2024-09-12,2160,47.0,BELLEZA,,Córdoba,Transferencia,14534.85,1,0,9.0,1.0,0,14534.85
PED-13062,2024-11-08,2591,33.0,DEPORTES,Web,CABA,Efectivo,45721.73,2,5,2.0,5.0,0,86871.29
PED-12504,2024-05-04,2666,49.0,Hogar,Web,CABA,Tarjeta de débito,40613.22,2,0,2.0,2.0,1,81226.44
PED-13346,2025-02-04,2179,30.0,Deportes, Web ,GBA,Tarjeta de crédito,49131.19,1,15,5.0,3.0,0,41761.51
PED-10487,2024-05-28,1306,39.0,Hogar,Web,Santa Fe,TRANSFERENCIA,48387.33,1,0,6.0,5.0,0,48387.33
PED-11868,2024-03-19,1584,40.0,Electrónica,Web,Córdoba,Efectivo,76960.11,1,0,6.0,5.0,0,76960.11
PED-11608,2025-04-03,2141,37.0,belleza,App,Córdoba,Efectivo,14496.47,2,10,5.0,5.0,0,26093.65
PED-10512,01/05/2024,1404,48.0,Electrónica,App,GBA,MercadoPago,198745.29,1,15,4.0,5.0,1,168933.5
PED-10934,2024-01-07,1065,,Belleza,Web,Otras,Tarjeta de crédito,7004.58,1,0,5.0,4.0,0,7004.58
PED-14050,2024-08-17,1497,56.0,Electrónica,APP,GBA,TARJETA DE DÉBITO,148907.99,5,0,6.0,4.0,1,744539.95
PED-13433,2024-04-25,1479,38.0,Juguetes, Marketplace ,otras,tarjeta de débito,15021.25,2,5,2.0,5.0,0,28540.38
PED-10863,2024-01-25,2584,38.0,Electrónica,WEB,Otras,Transferencia,168615.89,1,15,5.0,5.0,0,143323.51
PED-10322,2024-04-05,1557,29.0,Hogar,App,GBA, MercadoPago ,28022.98,1,0,4.0,3.0,0,0.0
PED-14055,2024-06-21,1783,35.0,Indumentaria,Web,CABA,Tarjeta de débito,32514.91,2,0,2.0,4.0,0,65029.82
PED-13167,2024-07-22,1126,31.0,Indumentaria,Web,CABA,Transferencia,34862.68,1,0,3.0,4.0,0,34862.68
PED-12735,2025-05-10,1118,42.0,Juguetes,WEB,OTRAS,Tarjeta de débito,21934.5,1,10,1.0,,0,19741.05
PED-13155,2024-08-05,2374,52.0,Electrónica,Web,Córdoba,TARJETA DE CRÉDITO,80933.16,1,0,4.0,4.0,0,80933.16
PED-10889,2025-04-21,1417,57.0,Electrónica,app,otras, Tarjeta de crédito ,1026938.8848621723,1,5,2.0,3.0,0,67823.74
PED-11838,2024-07-31,2041,48.0,Indumentaria,MARKETPLACE,Córdoba,Tarjeta de crédito,25876.29,1,0,4.0,5.0,0,25876.29
PED-10991,2025-02-04,2728,42.0,HOGAR,APP,GBA,Efectivo,79527.19,1,0,5.0,5.0,0,79527.19
PED-11640,2024-06-15,1117,37.0,Deportes,Web, Córdoba ,efectivo,59091.99,1,0,6.0,,0,59091.99
PED-13989,2025-05-23,2162,30.0,Belleza,app,Santa Fe,Transferencia,16255.39,1,0,2.0,4.0,0,16255.39
PED-14245,2024-04-05,1318,18.0,Deportes,Web,Córdoba,Tarjeta de crédito,32011.18,2,0,3.0,5.0,0,64022.36
PED-12900,2025-01-24,1116,32.0,Indumentaria,app,GBA,Tarjeta de crédito,19690.1,1,0,5.0,5.0,0,19690.1
PED-10352,2024-08-10,1201,18.0,Belleza,Web,Córdoba,Efectivo,12966.01,1,5,6.0,4.0,0,12317.71
PED-10870,2024-06-04,2033,29.0,Indumentaria,Web,Córdoba,MercadoPago,24994.29,1,15,3.0,,0,21245.15
PED-11242,2024-11-30,2708,30.0,electrónica,Marketplace,Otras,Tarjeta de débito,119012.86,3,5,6.0,4.0,0,339186.65
PED-12200,2024-08-07,2256,56.0,Indumentaria,APP,mendoza,tarjeta de crédito,49620.52,2,0,8.0,,0,99241.04
PED-14972,2024-08-15,1614,40.0,Juguetes,app,Mendoza,Tarjeta de crédito,22188.65,1,0,3.0,3.0,0,22188.65
PED-11702,2024-01-12,2324,18.0,Electrónica,Web,GBA,Tarjeta de débito,174029.45,1,10,4.0,4.0,1,156626.5
PED-12180,24/09/2024,1892,50.0,Indumentaria,APP, Otras ,Transferencia,17113.63,1,0,6.0,1.0,1,17113.63
PED-14804,2024-04-08,1926,44.0,Electrónica, Marketplace ,Mendoza,MercadoPago,68682.69,4,15,4.0,5.0,1,233521.15
PED-10516,2024-06-26,2593,25.0,HOGAR,web,Córdoba,Tarjeta de débito,29676.14,1,0,5.0,4.0,0,29676.14
PED-10207,25/02/2025,1986,,Deportes,marketplace,GBA,Tarjeta de débito,48127.92,1,0,4.0,4.0,0,48127.92
PED-13100,2025-04-27,2293,38.0,Electrónica,Web,Otras,,287114.11,2,0,6.0,4.0,0,574228.22
PED-10272,2024-06-03,2001,28.0,Electrónica,Web,SANTA FE,TARJETA DE CRÉDITO,226470.43,1,25,1.0,4.0,1,169852.82
PED-11412,2025-06-15,2021,45.0,Indumentaria,app,CÓRDOBA,Tarjeta de crédito,27205.0,2,0,2.0,,0,54410.0
PED-10609,2024-07-01,1062,43.0,juguetes,marketplace,otras,MercadoPago,16011.6,1,15,1.0,4.0,0,13609.86
PED-13702,20/12/2024,2587,,Indumentaria,Web,Mendoza,Tarjeta de crédito,32380.42,2,10,1.0,5.0,0,58284.76
PED-13020,2025-06-20,1890,26.0,Belleza,App,CABA,MercadoPago,-11950.46,1,0,3.0,5.0,1,11950.46
PED-14791,2024-05-30,2215,31.0,Hogar,Marketplace,CABA,Tarjeta de crédito,53213.77,1,0,9.0,3.0,0,53213.77
PED-12126,2025-03-20,1544,50.0,Hogar,Web,Mendoza,Transferencia,38223.86,1,0,4.0,5.0,0,38223.86
PED-14669,2025-03-14,1426,36.0,Belleza,app,CABA,MercadoPago,14231.29,1,0,6.0,,0,14231.29
PED-14117,2025-06-06,1396,30.0,Juguetes,Web,GBA, Tarjeta de crédito ,16198.63,1,0,3.0,4.0,0,16198.63
PED-10233,2024-12-30,1040,40.0,Electrónica,Marketplace,,Tarjeta de crédito,123882.82,1,5,7.0,3.0,0,117688.68
PED-11350,2024-04-25,1223,51.0,Juguetes,app,GBA,Tarjeta de débito,15150.64,1,0,1.0,5.0,1,15150.64
PED-13683,2024-08-10,2474,,Deportes,App,CÓRDOBA,TRANSFERENCIA,36257.86,1,0,5.0,2.0,0,36257.86
PED-10469,2024-08-07,1839,37.0,Indumentaria,Web,GBA,Tarjeta de crédito,25846.44,1,0,10.0,5.0,0,25846.44
PED-10292,2024-04-01,2135,54.0,Electrónica,Web,gba,MercadoPago,194795.78,1,5,3.0,5.0,1,185055.99
PED-13798,2025-04-17,2509,24.0,indumentaria,Web,Santa Fe,Tarjeta de débito,17933.78,1,0,4.0,5.0,0,17933.78
PED-12530,2024-12-19,2731,40.0,Deportes,app,caba,tarjeta de crédito,27776.7,5,10,3.0,,0,124995.15
PED-11328,2024-11-15,1658,28.0,Belleza,Marketplace,GBA,transferencia,14239.5,2,0,6.0,5.0,0,28479.0
PED-10083,13/05/2025,2323,28.0,Electrónica,Web,Otras,transferencia,171327.18,1,10,4.0,4.0,0,154194.46
PED-10747,2024-11-13,1497,40.0,Indumentaria,Web,Otras,Tarjeta de débito,28940.29,1,5,4.0,5.0,0,27493.28
PED-11166,2024-12-22,1168,24.0,Hogar,App,GBA,Tarjeta de crédito,36323.64,1,5,10.0,,1,34507.46
PED-13658,07/04/2024,1200,44.0,HOGAR,Marketplace,gba,Tarjeta de crédito,23252.17,1,0,5.0,3.0,0,23252.17
PED-11280,2024-03-15,1451,31.0,Indumentaria,Web,GBA,MercadoPago,19027.77,2,0,10.0,5.0,0,38055.54
PED-14896,12/05/2025,2524,50.0,Hogar,Web,GBA, Tarjeta de crédito ,44356.38,1,20,3.0,4.0,0,35485.1
PED-11485,2025-04-29,2522,40.0,Belleza,web,caba,Tarjeta de crédito,10723.63,1,15,1.0,4.0,0,9115.09
PED-12774,2024-04-11,2470,50.0,Indumentaria,App,Otras,Tarjeta de débito,44213.66,1,0,1.0,5.0,0,44213.66
PED-10254,2024-04-08,1428,33.0,Belleza,Marketplace,GBA,Tarjeta de débito,13223.05,1,0,6.0,1.0,0,13223.05
PED-10543,2024-04-08,1227,56.0,Electrónica,App,GBA,Tarjeta de crédito,119061.29,1,15,3.0,5.0,0,101202.1
PED-12150,2024-03-26,1702,37.0,Belleza,app,OTRAS,Tarjeta de crédito,17290.4,1,0,1.0,5.0,0,17290.4
PED-13295,2024-03-28,2480,40.0,Juguetes,App,Mendoza,Tarjeta de crédito,160568.66021816302,1,5,6.0,5.0,0,10604.69
PED-14296,2025-03-15,1088,24.0,ELECTRÓNICA,Web,MENDOZA,tarjeta de crédito,162228.49,1,5,2.0,5.0,0,154117.07
PED-11153,2025-06-04,2695,62.0,Indumentaria,Marketplace,CABA,Tarjeta de crédito,23031.95,1,0,2.0,5.0,0,23031.95
PED-12976,2024-04-18,1401,56.0,Belleza,Web,CABA,Tarjeta de crédito,16976.94,3,0,1.0,5.0,0,50930.82
PED-14143,2024-01-12,1567,27.0,hogar,Marketplace,Córdoba,MercadoPago,45593.34,1,0,5.0,4.0,0,45593.34
PED-11506,20/10/2024,2582,33.0,Hogar,Marketplace,GBA,Transferencia,21816.59,1,5,3.0,3.0,0,20725.76
PED-11921,2024-06-08,2204,44.0,INDUMENTARIA,Web,OTRAS,Tarjeta de débito,36138.86,1,0,7.0,3.0,0,36138.86
PED-14088,2024-08-12,2377,18.0,ELECTRÓNICA,App,,MercadoPago,93160.94,2,0,1.0,5.0,0,186321.88
PED-13543,2024-03-31,2694,52.0,Belleza,app,SANTA FE,Tarjeta de débito,16051.33,1,0,5.0,5.0,0,16051.33
PED-13437,2024-11-30,1786,46.0,Electrónica,Web,caba,MercadoPago,221895.13,1,0,1.0,5.0,0,221895.13
PED-13410,2024-03-13,1365,21.0,Hogar, Web ,CABA,Tarjeta de crédito,46633.68,1,5,2.0,5.0,0,44302.0
PED-12613,2024-11-22,2751,60.0, Hogar ,App,CABA,tarjeta de crédito,35685.91,2,0,1.0,2.0,0,71371.82
PED-10940,11/10/2024,1054,27.0,Hogar,Web,CABA, Tarjeta de débito ,44997.36,2,0,3.0,3.0,0,89994.72
PED-10138,2024-08-21,1322,47.0,Belleza,app,córdoba,Efectivo,8258.13,1,10,7.0,5.0,0,7432.32
PED-10575,2025-02-04,1937,46.0,Electrónica,marketplace, CABA ,Tarjeta de crédito,227250.36,3,0,3.0,,0,681751.08
PED-11911,2025-01-16,1064,36.0,Indumentaria,WEB,CABA,Tarjeta de crédito,21685.46,1,0,4.0,3.0,0,21685.46
PED-13028,2024-02-16,1758,54.0, Deportes ,APP,caba,MercadoPago,68455.47,2,0,3.0,2.0,1,136910.94
PED-12215,2025-05-20,2493,29.0, Hogar ,Web,CABA,Tarjeta de crédito,47566.65,1,0,5.0,3.0,0,47566.65
PED-10483,2024-04-26,1570,25.0,Deportes,App,Córdoba,Tarjeta de débito,13677.45,1,0,6.0,4.0,0,13677.45
PED-11689,2024-12-19,2354,29.0,Electrónica,Web,CABA,Tarjeta de débito,130476.88,1,25,8.0,,0,97857.66
PED-10579,2024-03-15,1178,62.0,Belleza,Web,CABA,Transferencia,15559.84,2,0,1.0,5.0,0,31119.68
PED-10084,2025-01-26,2790,26.0,ELECTRÓNICA,Web,,Tarjeta de débito,205473.14,2,10,5.0,2.0,0,369851.65
PED-14216,2025-02-26,1328,18.0,Juguetes,WEB,CABA,TARJETA DE DÉBITO,8985.18,3,0,4.0,5.0,0,26955.54
PED-10759,2024-10-17,2768,21.0,Indumentaria,Web,GBA,Transferencia,46859.25,4,0,3.0,1.0,1,187437.0
PED-10755,2024-11-15,1183,,Belleza,MARKETPLACE,Córdoba,MercadoPago,11525.48,1,0,6.0,1.0,0,0.0
PED-13279,2024-12-28,1797,33.0,electrónica,Web,gba,Tarjeta de crédito,194728.45,1,0,1.0,4.0,0,194728.45
PED-11887,2024-08-19,2417,33.0,Juguetes,Web,caba,Tarjeta de crédito,14985.94,2,0,6.0,5.0,1,29971.88
PED-10945,15/04/2025,2198,48.0, Indumentaria ,App,CABA,TARJETA DE DÉBITO,16269.62,1,15,5.0,5.0,0,13829.18
PED-14325,2024-03-23,1248,42.0,ELECTRÓNICA,App,Otras,,226975.64,1,0,4.0,5.0,0,226975.64
PED-14864,2025-01-21,1802,56.0,Hogar,App,Mendoza,tarjeta de crédito,75756.97,1,0,7.0,4.0,0,75756.97
PED-12817,2025-05-03,1538,43.0,electrónica,,MENDOZA, Tarjeta de crédito ,121437.21,1,0,2.0,,0,121437.21
PED-13643,2024-07-30,1497,45.0,Indumentaria,web,,Efectivo,33511.64,1,5,5.0,4.0,0,31836.06
PED-13308,2024-05-08,2799,53.0,Belleza,App,CABA,Tarjeta de débito,1504.73,1,0,5.0,5.0,0,1504.73
PED-11524,2024-08-05,2204,51.0,Indumentaria,web,gba,Tarjeta de débito,31107.93,5,0,1.0,5.0,0,155539.65
PED-14816,2024-08-04,2234,39.0,Deportes,APP,CABA,Efectivo,3445.41,1,5,3.0,5.0,0,3273.14
PED-11740,2024-08-31,1692,48.0,Deportes,WEB,GBA,Tarjeta de crédito,15541.72,1,10,1.0,4.0,0,13987.55
PED-10459,18/02/2025,2397,64.0,Electrónica,Marketplace,Santa Fe,Tarjeta de crédito,113464.97,1,0,2.0,4.0,1,113464.97
PED-14574,2024-11-28,1792,35.0,Deportes,web,Córdoba,Tarjeta de débito,42380.68,1,0,3.0,4.0,0,42380.68
PED-14251,2024-10-29,1421,29.0,Belleza,Marketplace,Otras,,16596.08,1,0,9.0,5.0,0,16596.08
PED-11613,07/06/2024,1820,21.0,Electrónica,Web, Santa Fe ,MERCADOPAGO,139377.11,3,0,2.0,3.0,0,418131.33
PED-13650,2024-10-02,1217,18.0,Indumentaria,APP,CABA,TRANSFERENCIA,35748.54,1,0,4.0,5.0,0,35748.54
PED-14032,08/07/2024,2701,23.0,Juguetes,App,Córdoba,TARJETA DE CRÉDITO,18501.89,1,5,,4.0,0,17576.8
PED-12880,2025-03-03,2257,46.0,indumentaria,Marketplace,Mendoza,TARJETA DE CRÉDITO,40538.62,2,15,10.0,5.0,0,68915.65
PED-12138,2025-06-12,2019,35.0,Electrónica,App,Santa Fe,Tarjeta de débito,141271.57,1,5,1.0,,0,134207.99
PED-11383,2024-05-06,1399,65.0,Deportes,App,Córdoba,MercadoPago,29520.02,1,20,7.0,5.0,0,23616.02
PED-13161,2025-02-15,1200,30.0,Indumentaria,Web,GBA,tarjeta de crédito,28581.38,1,0,5.0,5.0,0,28581.38
PED-11343,07/04/2025,2422,39.0,Juguetes,Web,GBA,tarjeta de débito,12874.36,4,0,1.0,3.0,0,51497.44
PED-12359,2024-12-12,1300,25.0, Belleza ,App,Santa Fe,Tarjeta de débito,12677.54,4,0,1.0,,0,50710.16
PED-11507,2024-05-30,1964,34.0,Deportes,App,Otras,Tarjeta de débito,32687.09,1,15,1.0,4.0,0,27784.03
PED-14770,2024-01-08,2227,48.0,Juguetes,App,Córdoba,EFECTIVO,19299.51,1,0,7.0,5.0,0,19299.51
PED-11945,2024-05-28,1966,31.0,Deportes,APP, GBA ,TRANSFERENCIA,31136.92,1,0,9.0,5.0,0,31136.92
PED-11380,2024-01-22,1381,39.0,Hogar,Web,GBA,Tarjeta de crédito,56823.14,1,0,5.0,5.0,0,56823.14
PED-12686,30/01/2024,1549,29.0,Belleza,App,Otras,mercadopago,11499.8,1,0,9.0,,0,11499.8
PED-11387,2025-06-07,1403,52.0,Hogar,App,GBA, Efectivo ,51183.6,1,0,7.0,1.0,0,51183.6
PED-14458,2025-05-27,2318,18.0,Indumentaria,WEB,Córdoba,TARJETA DE CRÉDITO,41867.69,4,5,999.0,5.0,0,159097.22
PED-11374,2024-01-07,1093,19.0,Deportes,Marketplace,GBA,Tarjeta de crédito,15433.41,1,0,,5.0,0,15433.41
PED-10974,2024-04-18,2590,29.0,Belleza,Web, Otras ,MercadoPago,13499.12,1,0,,4.0,0,13499.12
PED-11783,2025-03-22,2665,26.0,Indumentaria,Web, Mendoza ,,34956.08,2,0,8.0,5.0,0,69912.16
PED-13600,2024-09-16,2117,42.0, Belleza ,WEB,Santa Fe, Tarjeta de crédito ,20399.28,2,0,6.0,5.0,0,40798.56
PED-14769,2024-04-04,1592,57.0,Electrónica,Web,córdoba,Tarjeta de crédito,38792.6,1,0,6.0,5.0,0,38792.6
PED-12330,2024-11-19,2237,18.0,HOGAR,Web,Mendoza,Transferencia,26529.55,1,20,5.0,3.0,0,21223.64
PED-10451,2025-05-14,2138,20.0,JUGUETES,Web,Córdoba,Transferencia,20886.24,1,25,5.0,2.0,0,15664.68
PED-12557,2024-03-04,2442,41.0,Hogar,WEB,gba,Tarjeta de crédito,32089.38,1,0,7.0,5.0,0,32089.38
PED-10938,2024-05-26,1256,56.0,Belleza,App,GBA,Tarjeta de crédito,9853.97,2,20,5.0,5.0,0,15766.35
PED-12424,2024-09-22,1669,44.0,Belleza,App,caba,Tarjeta de débito,12787.07,1,15,7.0,4.0,1,10869.01
PED-11440,2024-01-14,2362,24.0,Indumentaria,APP,GBA,Transferencia,31720.79,1,0,3.0,5.0,0,31720.79
PED-10949,17/09/2024,1105,35.0,Deportes,Web,GBA,Tarjeta de crédito,23567.62,3,5,3.0,5.0,0,67167.72
PED-10006,2024-05-01,1412,,Electrónica,App,CABA,MercadoPago,154946.18,3,0,7.0,4.0,0,464838.54
PED-10417,2024-01-25,2091,24.0,Deportes,Web,Otras,Tarjeta de crédito,33655.59,1,10,6.0,2.0,0,30290.03
PED-14331,21/11/2024,1407,18.0,INDUMENTARIA,Web,Mendoza,Tarjeta de crédito,25762.94,1,0,6.0,5.0,0,25762.94
PED-11441,2025-05-18,2781,36.0,Electrónica,MARKETPLACE,GBA,Transferencia,99991.02,1,0,2.0,5.0,0,99991.02
PED-11999,2024-01-13,2791,32.0,Deportes,Marketplace,GBA,MercadoPago,52354.39,2,0,7.0,5.0,0,104708.78
PED-11910,2025-04-07,2589,37.0,Indumentaria,App,CABA,Tarjeta de débito,40442.64,1,0,5.0,5.0,0,40442.64
PED-10655,2025-06-09,1501,37.0,Belleza, Web ,Córdoba,TARJETA DE CRÉDITO,16976.11,5,0,7.0,5.0,0,84880.55
PED-12203,2024-09-16,1840,53.0,Indumentaria,,Santa Fe,Tarjeta de débito,31859.79,2,0,5.0,4.0,0,63719.58
PED-10117,2024-06-08,2387,26.0,Hogar,Web,CABA,,17573.1,1,10,6.0,3.0,1,15815.79
PED-14641,2025-06-21,1461,45.0,Electrónica,marketplace,GBA,Tarjeta de débito,80823.21,1,0,7.0,5.0,0,80823.21
PED-10339,2025-03-28,2035,24.0,Electrónica,Web,mendoza,Efectivo,278220.06,1,0,8.0,4.0,0,278220.06
PED-14676,2024-12-08,1885,32.0,Deportes,WEB,Otras,Tarjeta de crédito,68486.41,1,0,4.0,5.0,1,68486.41
PED-13225,2025-01-04,1627,26.0,HOGAR,Marketplace,gba,Transferencia,31945.5,1,5,5.0,1.0,0,30348.22
PED-10016,2024-12-09,2751,59.0,Hogar,App,Otras,Tarjeta de débito,43164.96,1,20,9.0,4.0,0,34531.97
PED-10597,2024-05-17,2350,28.0,Hogar,App,Santa Fe,Transferencia,45941.77,2,0,4.0,5.0,0,91883.54
PED-10270,2024-11-18,1018,54.0,Electrónica, App ,Mendoza,Tarjeta de débito,207685.52,1,0,,4.0,1,207685.52
PED-11651,2024-06-08,1134,33.0,deportes,App,OTRAS,Efectivo,43891.64,1,0,1.0,5.0,0,43891.64
PED-11222,2024-09-14,1480,38.0,ELECTRÓNICA,App,,Tarjeta de crédito,202442.69,2,0,6.0,4.0,0,404885.38
PED-12494,2025-01-10,2418,50.0,Juguetes, Web ,CABA,Tarjeta de débito,14943.46,2,0,4.0,,0,29886.92
PED-12416,24/03/2024,1070,46.0,Electrónica,App,GBA,,139811.33,1,20,1.0,3.0,0,111849.06
PED-12052,2024-12-15,2332,31.0,Hogar,App,Mendoza,Tarjeta de débito,28547.79,1,0,7.0,4.0,0,28547.79
PED-14746,2025-06-25,2312,37.0,indumentaria, App ,Santa Fe,Transferencia,25859.3,1,0,6.0,2.0,0,25859.3
PED-12164,2024-03-19,1008,49.0,Indumentaria,App,Santa Fe,MercadoPago,28248.86,2,15,4.0,5.0,0,48023.06
PED-14081,11/07/2024,1584,24.0,DEPORTES,App,GBA, Tarjeta de crédito ,36761.25,1,10,1.0,4.0,0,33085.12
PED-12621,07/05/2024,1956,40.0,Belleza,Marketplace,Otras,MercadoPago,10083.14,2,0,,2.0,0,20166.28
PED-10894,2024-01-18,2651,33.0,Indumentaria,app,GBA,Transferencia,27957.36,1,0,1.0,5.0,0,27957.36
PED-12667,2024-11-08,1107,26.0,belleza,Marketplace,Mendoza,Transferencia,10535.63,1,0,4.0,,0,10535.63
PED-11362,2024-03-13,2195,51.0,DEPORTES,Web,CABA,MercadoPago,44912.53,1,0,5.0,5.0,0,44912.53
PED-11980,2024-04-20,1221,44.0,hogar,Marketplace,Santa Fe,MercadoPago,14084.4,2,0,7.0,1.0,0,28168.8
PED-13553,2025-05-22,1445,49.0,Electrónica,WEB,mendoza,Tarjeta de crédito,187728.11,1,15,2.0,4.0,0,159568.89
PED-10675,2025-06-08,2175,22.0,Electrónica,APP,Santa Fe,Tarjeta de débito,129666.17,1,0,3.0,4.0,0,129666.17
PED-14107,2025-05-08,2390,38.0,Juguetes,App,GBA,Transferencia,12904.47,2,20,2.0,5.0,0,20647.15
PED-12980,2024-04-21,2208,51.0,Juguetes,APP,Otras,Tarjeta de crédito,18121.07,1,0,1.0,5.0,0,18121.07
PED-12110,2024-07-21,1603,39.0,Juguetes,Web,Otras,TARJETA DE DÉBITO,11386.8,2,0,6.0,5.0,0,22773.6
PED-14709,2024-11-26,2115,52.0,deportes,Marketplace,Córdoba,Tarjeta de débito,37606.43,1,5,8.0,3.0,0,35726.11
PED-11733,2024-09-18,1543,30.0,Juguetes,App,GBA,Tarjeta de crédito,22080.45,1,10,5.0,5.0,1,19872.41
PED-11709,2024-04-13,1402,35.0,Juguetes,Marketplace,Santa Fe,MercadoPago,15111.47,1,0,5.0,,0,15111.47
PED-11205,2024-12-18,2560,40.0,Hogar,Web,CABA,Tarjeta de débito,22319.64,1,15,4.0,5.0,0,18971.69
PED-13972,2025-03-01,1632,28.0,Electrónica,Web,Córdoba,Transferencia,200082.42,1,10,7.0,5.0,0,180074.18
PED-11649,2025-02-22,1854,54.0,INDUMENTARIA, App ,GBA,Tarjeta de crédito,33621.94,1,0,2.0,4.0,0,33621.94
PED-13685,14/06/2024,1748,26.0, Hogar ,Web,CABA,MercadoPago,51726.56,1,15,3.0,3.0,0,43967.58
PED-14447,2025-03-16,2402,48.0,Indumentaria,MARKETPLACE,GBA,TARJETA DE CRÉDITO,29469.36,2,0,6.0,5.0,1,58938.72
PED-10391,2024-04-05,1524,43.0,Hogar,App, CABA ,Tarjeta de débito,44482.94,3,0,5.0,2.0,0,133448.82
PED-13125,19/05/2024,1547,37.0,Electrónica,App,CABA,EFECTIVO,219749.56,1,0,4.0,3.0,0,219749.56
PED-10758,2024-09-26,1528,36.0, Deportes ,Web,CABA,Tarjeta de crédito,29159.48,1,10,1.0,5.0,0,26243.53
PED-14978,2025-03-15,2052,43.0,BELLEZA,Web,Mendoza,tarjeta de crédito,15338.94,2,0,3.0,3.0,0,30677.88
PED-12682,2025-02-15,1101,25.0,Electrónica,WEB,CABA,EFECTIVO,171749.4,1,0,7.0,5.0,0,171749.4
PED-10438,2024-06-22,1983,46.0,Deportes,WEB,GBA,Tarjeta de crédito,28441.46,1,0,3.0,3.0,0,28441.46
PED-11670,2024-12-18,2176,0.0,Indumentaria,Marketplace, CABA ,Efectivo,10897.72,1,10,1.0,5.0,0,9807.95
PED-14819,2024-09-26,2283,53.0,Indumentaria, Web ,Otras,MercadoPago,37203.25,3,0,2.0,4.0,0,111609.75
PED-11148,2025-05-20,2052,22.0,belleza,Web,córdoba,transferencia,7353.61,1,15,5.0,4.0,1,6250.57
PED-10102,2025-05-17,1397,24.0,Indumentaria,APP,CABA,Tarjeta de débito,23250.15,1,5,6.0,5.0,1,22087.64
PED-12922,24/02/2025,2457,42.0,Electrónica, App ,gba,Tarjeta de crédito,76775.58,2,25,2.0,3.0,0,115163.37
PED-13769,2024-03-16,1335,37.0,indumentaria,marketplace,CABA, MercadoPago ,17003.66,1,10,5.0,5.0,0,15303.29
PED-11184,2024-06-24,1596,,Deportes,APP,GBA,Transferencia,42784.34,2,0,6.0,5.0,0,85568.68
PED-14007,2024-01-13,1131,43.0,ELECTRÓNICA,App,Mendoza,transferencia,210101.96,2,20,2.0,3.0,0,336163.14
PED-13072,2024-12-02,1471,18.0,Belleza,MARKETPLACE,Otras,Tarjeta de crédito,10998.03,1,0,3.0,3.0,0,10998.03
PED-10633,2024-02-16,2654,48.0,Indumentaria,Web,CABA,MERCADOPAGO,36132.37,4,0,2.0,5.0,0,144529.48
PED-10337,2024-02-16,1734,21.0,Juguetes,App,Otras,TRANSFERENCIA,17302.64,1,0,2.0,5.0,0,17302.64
PED-10250,2025-04-21,1134,33.0,Hogar,web,Córdoba,Tarjeta de crédito,40293.58,1,0,1.0,,0,40293.58
PED-13778,2025-01-17,1717,41.0,Hogar,App,GBA,Efectivo,42130.07,2,20,1.0,1.0,1,67408.11
PED-12770,2024-02-23,2399,46.0, Electrónica , App , Otras ,Efectivo,157074.58,2,0,1.0,2.0,0,314149.16
PED-10330,2024-03-16,1510,34.0,Electrónica,Marketplace,Santa Fe,Efectivo,81173.46,2,10,7.0,3.0,0,146112.23
PED-14040,2024-06-19,2746,18.0,Indumentaria,web,Otras,Tarjeta de crédito,34321.93,1,0,5.0,4.0,0,34321.93
PED-11797,2025-04-07,2741,36.0,Electrónica,App,CABA,Tarjeta de crédito,199768.16,1,0,5.0,4.0,1,199768.16
PED-14385,2025-03-23,2556,37.0,Deportes,App, CABA ,MercadoPago,16338.74,2,0,7.0,4.0,1,32677.48
PED-14653,2024-09-09,2252,48.0,Belleza,WEB,córdoba,Transferencia,11784.02,1,0,4.0,1.0,0,11784.02
PED-10930,2025-05-14,2507,26.0,Juguetes,App,GBA,MercadoPago,11789.76,5,0,6.0,5.0,0,58948.8
PED-10355,2025-05-30,1228,30.0,Belleza,Web,CABA,MercadoPago,14137.42,2,15,3.0,1.0,0,24033.61
PED-11080,2024-07-06,1403,30.0,Hogar,App,Santa Fe,Transferencia,71876.78,1,0,3.0,5.0,0,71876.78
PED-11641,20/07/2024,1474,32.0,Indumentaria,Web,Córdoba,Tarjeta de crédito,27606.34,3,0,10.0,5.0,0,82819.02
PED-12161,2024-08-01,1645,22.0,Belleza,App,Santa Fe,Tarjeta de crédito,2533.95,1,15,8.0,4.0,0,2153.86
PED-14057,2024-12-15,1322,36.0,Indumentaria,App,GBA,Tarjeta de débito,28452.68,1,0,3.0,5.0,1,28452.68
PED-11347,2024-08-29,1736,18.0,deportes,Web,Otras,Transferencia,49893.36,1,0,3.0,3.0,0,49893.36
PED-10436,2024-08-17,1134,18.0, Electrónica ,app,Santa Fe,Tarjeta de débito,171281.9,1,15,7.0,4.0,0,145589.62
PED-10255,2024-02-06,1622,26.0,Electrónica,Web,Otras,Tarjeta de crédito,109517.73,1,0,6.0,5.0,0,109517.73
PED-10236,2024-01-27,1142,37.0,Deportes,Web,GBA,Efectivo,25924.32,2,5,6.0,2.0,0,49256.21
PED-14549,2024-07-15,2279,38.0,Belleza,,santa fe,transferencia,7251.14,1,10,1.0,4.0,1,6526.03
PED-13627,2024-01-29,1536,40.0,Hogar,App,Mendoza,MERCADOPAGO,30250.41,2,0,4.0,4.0,0,60500.82
PED-11757,2025-04-10,1985,48.0,Deportes,marketplace,CABA,Tarjeta de débito,52913.46,1,0,5.0,1.0,0,52913.46
PED-12080,2024-12-14,1321,27.0,Belleza,App,Otras,Tarjeta de crédito,20690.17,1,20,5.0,5.0,0,16552.14
PED-13157,2024-01-17,1241,34.0,Belleza,App,Otras,Transferencia,18822.2,2,0,6.0,5.0,1,37644.4
PED-14541,2024-08-11,1874,23.0,Electrónica,App,santa fe,Tarjeta de débito,217004.89,2,0,7.0,,0,434009.78
PED-12063,04/02/2025,1190,31.0,Electrónica,Web,GBA,tarjeta de crédito,82681.25,1,15,2.0,4.0,0,70279.06
PED-14998,2024-02-21,1568,32.0,Belleza,MARKETPLACE,Santa Fe,Tarjeta de débito,3637.19,1,0,2.0,5.0,0,3637.19
PED-13991,2025-02-18,1479,57.0,Deportes,Web,GBA,MercadoPago,46877.02,1,0,6.0,5.0,1,46877.02
PED-11815,2024-05-03,1842,56.0,belleza,Web,Santa Fe, Tarjeta de crédito ,17223.27,1,0,,4.0,0,17223.27
PED-13481,2025-04-29,2668,26.0,Electrónica, Marketplace ,Santa Fe,Transferencia,138504.21,1,20,7.0,5.0,0,110803.37
PED-14915,22/03/2024,2081,41.0,Hogar,APP,Córdoba,Efectivo,40204.99,1,0,4.0,,0,40204.99
PED-13427,2024-07-12,1701,29.0,Belleza,Web,Córdoba,Tarjeta de crédito,16553.35,1,0,,5.0,0,16553.35
PED-12822,2024-03-19,2647,40.0,Hogar,Web,CABA,Tarjeta de débito,59500.39,1,0,1.0,4.0,0,59500.39
PED-10781,25/01/2025,1984,28.0,BELLEZA,Web,caba,Tarjeta de crédito,11369.26,2,0,3.0,5.0,0,22738.52
PED-13243,2024-02-08,2523,33.0,Indumentaria,App,Santa Fe,Tarjeta de crédito,20705.35,1,0,3.0,5.0,0,20705.35
PED-13421,18/05/2024,1213,45.0,Hogar,App,CABA,Tarjeta de crédito,42594.98,2,5,6.0,5.0,0,80930.46
PED-11744,2024-02-11,1641,31.0,Indumentaria,Web,Mendoza,Tarjeta de crédito,33596.34,2,0,3.0,4.0,0,67192.68
PED-13406,2025-02-19,1954,58.0,Electrónica,Web,Otras,Tarjeta de crédito,130055.26,2,15,4.0,5.0,0,221093.94
PED-12832,2025-06-23,1022,26.0,Hogar,Marketplace,Mendoza,TARJETA DE DÉBITO,32229.92,1,15,6.0,4.0,0,27395.43
PED-13428,2025-06-17,2789,55.0,Belleza,WEB,Santa Fe,tarjeta de débito,9816.17,1,0,6.0,5.0,0,9816.17
PED-13944,2024-06-28,1111,34.0,Deportes,App,Santa Fe,Tarjeta de débito,38433.8,1,0,4.0,4.0,0,38433.8
PED-14584,2025-02-11,2043,52.0,Hogar,,,Tarjeta de crédito,37543.43,1,25,2.0,2.0,0,28157.57
PED-10867,2024-06-25,2440,21.0,Deportes,WEB,MENDOZA,TARJETA DE DÉBITO,59630.46,2,5,6.0,4.0,0,113297.87
PED-11639,2024-02-29,2517,68.0,Indumentaria,App,Córdoba,MERCADOPAGO,19716.09,2,15,,4.0,0,33517.35
PED-12706,2024-06-05,2268,54.0,Electrónica,Marketplace,,Tarjeta de débito,93805.42,1,15,8.0,4.0,0,79734.61
PED-12175,2025-01-13,1970,35.0,Electrónica,Web,Otras,Tarjeta de crédito,199422.7,2,0,7.0,5.0,0,398845.4
PED-13144,2024-08-02,1651,,Deportes,App,CABA,Tarjeta de débito,71019.52,1,10,4.0,5.0,0,63917.57
PED-11576,2024-10-30,1905,26.0,HOGAR,App,,Tarjeta de débito,46121.89,2,0,8.0,4.0,0,92243.78
PED-11795,2024-09-09,2531,25.0,Belleza,Web,GBA,TRANSFERENCIA,6683.48,2,15,6.0,,0,11361.92
PED-12121,2024-03-22,1724,31.0,Electrónica,Marketplace,GBA,tarjeta de crédito,226434.88,1,0,2.0,,0,226434.88
PED-12153,2024-08-30,2356,,Deportes,Marketplace,GBA,Tarjeta de crédito,38699.32,1,0,2.0,2.0,1,38699.32
PED-12819,2024-08-13,2595,41.0, Hogar ,app,MENDOZA,tarjeta de crédito,36373.58,1,0,4.0,,0,36373.58
PED-12546,2025-03-10,1831,55.0,Hogar,,CABA,TARJETA DE CRÉDITO,23068.62,1,0,5.0,5.0,0,23068.62
PED-13657,2025-06-06,1373,50.0,Electrónica,Web,Otras,Tarjeta de débito,83341.1,1,0,5.0,5.0,0,83341.1
PED-11596,2025-01-07,1743,47.0,Indumentaria,Web,gba,MercadoPago,21668.04,2,15,4.0,,0,36835.67
PED-11585,2024-01-21,1006,28.0,deportes,marketplace,Santa Fe,TARJETA DE CRÉDITO,33261.81,2,0,3.0,5.0,0,66523.62
PED-10528,2024-08-29,2671,18.0,hogar, Web ,OTRAS,tarjeta de crédito,35994.51,1,10,5.0,5.0,0,32395.06
PED-11099,2024-06-18,1111,38.0,Electrónica,web,caba,MercadoPago,108984.62,2,0,5.0,5.0,0,217969.24
PED-13846,2024-08-20,1954,54.0,Juguetes,marketplace,CABA,MercadoPago,14878.88,1,10,2.0,4.0,0,13390.99
PED-13047,2024-04-11,2325,18.0,BELLEZA,App,gba,MercadoPago,16839.88,2,0,5.0,,0,33679.76
PED-14416,2025-06-23,1613,28.0,Indumentaria,WEB,otras,TRANSFERENCIA,26742.98,1,0,7.0,1.0,0,26742.98
PED-10368,2024-02-12,1442,30.0,Hogar,web,Santa Fe,Tarjeta de débito,61688.16,1,10,9.0,3.0,0,55519.34
PED-11786,2024-09-10,1816,,Indumentaria,app,CABA,Tarjeta de débito,37412.4,1,0,4.0,5.0,0,37412.4
PED-14608,2024-11-14,1343,32.0,Deportes,Web,Santa Fe,Transferencia,50275.02,3,0,4.0,5.0,1,150825.06
PED-10404,2025-01-30,2503,35.0,Electrónica,Web,CABA,Tarjeta de crédito,123128.36,3,0,5.0,5.0,0,369385.08
PED-14748,2025-01-15,1749,59.0,indumentaria,Web,Otras,Tarjeta de débito,20571.72,3,0,7.0,,1,61715.16
PED-12250,2024-09-29,1192,30.0,Indumentaria,App,GBA,Tarjeta de crédito,46558.04,1,25,2.0,2.0,0,34918.53
PED-12905,2024-09-01,2197,45.0,indumentaria,Web,GBA,Transferencia,33510.1,2,0,6.0,4.0,0,67020.2
PED-11691,2024-04-25,1301,48.0,Hogar,App,gba,tarjeta de crédito,56960.77,5,5,4.0,5.0,0,270563.66
PED-12323,2025-05-08,2371,34.0,Deportes,Web,santa fe,Tarjeta de crédito,40719.05,1,0,5.0,4.0,0,40719.05
PED-11140,2024-11-05,2286,31.0,Electrónica,App,CABA,Transferencia,217236.02,1,0,2.0,5.0,0,217236.02
PED-14005,2025-06-09,1731,34.0,Electrónica,APP,GBA,MercadoPago,63884.97,1,25,6.0,5.0,0,47913.73
PED-10507,2024-11-25,2241,36.0,electrónica,App,Córdoba,Tarjeta de crédito,-162834.96,2,10,4.0,,0,293102.93
PED-14556,2025-01-21,1035,28.0,ELECTRÓNICA,Marketplace,gba,Tarjeta de débito,257673.87,1,0,2.0,,0,257673.87
PED-11808,2025-02-03,1159,42.0,Deportes,app,Santa Fe,Efectivo,30948.5,2,0,1.0,5.0,0,61897.0
PED-14002,2024-05-25,1684,24.0,Belleza,marketplace,GBA,Tarjeta de débito,500.0,2,15,10.0,5.0,0,850.0
PED-12395,2024-06-16,2337,43.0,Indumentaria,App,Otras,Tarjeta de débito,25224.52,1,0,6.0,5.0,1,25224.52
PED-12889,2024-09-28,2295,69.0,Juguetes,App,Mendoza,transferencia,15766.79,1,0,9.0,1.0,0,15766.79
PED-13993,2024-02-29,2192,70.0,Deportes,,caba,Tarjeta de crédito,55570.75,2,0,8.0,4.0,0,111141.5
PED-11332,2024-06-14,2117,,Electrónica,APP,MENDOZA,Transferencia,158876.05,2,15,4.0,5.0,0,270089.28
PED-12048,2024-11-09,1168,39.0,Belleza,Web,Santa Fe,Tarjeta de crédito,12486.53,1,10,1.0,4.0,0,11237.88
PED-11723,25/04/2025,1373,32.0,JUGUETES,App,Otras,TARJETA DE CRÉDITO,273870.61269613064,1,15,4.0,5.0,0,16183.7
PED-13402,2024-09-07,1130,22.0,Indumentaria,App,CABA,Tarjeta de crédito,24973.13,2,0,4.0,4.0,0,49946.26
PED-12317,2024-01-16,2306,31.0,Indumentaria,Web,Otras,transferencia,39923.69,1,10,2.0,1.0,0,35931.32
PED-12426,2024-04-27,1143,23.0,electrónica,Marketplace,CABA,Efectivo,120687.85,1,5,5.0,1.0,0,114653.46
PED-11816,2025-02-25,1569,52.0,Indumentaria,WEB,CABA,Tarjeta de débito,2672.97,1,0,5.0,3.0,0,2672.97
PED-13123,26/11/2024,2114,18.0,ELECTRÓNICA,Web,Otras,TARJETA DE CRÉDITO,74397.5,1,0,6.0,4.0,0,74397.5
PED-13311,2025-03-19,2393,18.0,Deportes,App,CABA, Tarjeta de crédito ,28007.9,1,5,8.0,2.0,0,26607.5
PED-11870,2025-04-11,1054,24.0,Electrónica,marketplace,Córdoba,Tarjeta de crédito,178062.9,1,5,6.0,,0,169159.75
PED-14668,2024-08-23,2465,19.0,Indumentaria, App ,GBA,Tarjeta de crédito,21007.48,1,5,7.0,3.0,0,19957.11
PED-10617,2024-04-02,1780,20.0, Electrónica ,MARKETPLACE, GBA ,Tarjeta de crédito,183552.38,1,0,1.0,3.0,0,183552.38
PED-13477,2025-03-17,1666,18.0,Indumentaria,Web,CABA,MercadoPago,40389.1,1,5,5.0,4.0,0,38369.64
PED-12916,2024-02-08,1375,35.0,Indumentaria,app,GBA,Tarjeta de débito,32369.54,1,0,4.0,,0,32369.54
PED-12304,2024-10-12,2250,53.0,Hogar,Web,CABA,tarjeta de crédito,22631.83,2,0,3.0,1.0,0,45263.66
PED-11429,2024-04-09,2688,42.0,Hogar,WEB,CABA,Efectivo,69445.5,2,0,3.0,5.0,0,138891.0
PED-11979,2024-08-16,2144,29.0,Juguetes,Web,CABA,TARJETA DE CRÉDITO,15492.05,2,5,2.0,5.0,0,29434.89
PED-12158,2024-06-02,1988,30.0,Indumentaria, Marketplace ,Córdoba,Tarjeta de crédito,25944.93,1,0,3.0,4.0,0,25944.93
PED-14953,25/02/2025,1810,35.0,electrónica,Marketplace,Córdoba,Tarjeta de crédito,161858.83,1,5,8.0,1.0,0,153765.89
PED-14940,2025-01-24,2653,48.0,Indumentaria,App,Mendoza,Tarjeta de débito,1309.14,1,0,4.0,,0,1309.14
PED-12640,2024-12-23,1848,26.0, Hogar ,Web,GBA,Tarjeta de crédito,51880.19,1,10,4.0,3.0,0,46692.17
PED-13283,2024-09-08,1900,45.0,Electrónica,App,CABA,Efectivo,167216.63,1,5,10.0,5.0,0,158855.8
PED-12853,2025-05-05,1676,44.0,Belleza,Marketplace,CABA,Tarjeta de crédito,7997.91,1,0,4.0,,0,7997.91
PED-12122,2024-05-10,2044,35.0,Indumentaria,Web,Mendoza,Transferencia,13467.86,1,5,9.0,3.0,0,12794.47
PED-13508,09/08/2024,2334,24.0,BELLEZA,Web,GBA,Tarjeta de débito,17223.19,2,0,2.0,4.0,1,34446.38
PED-11578,2024-10-26,2445,23.0, Deportes ,App,Córdoba,Transferencia,27614.29,1,10,8.0,4.0,0,24852.86
PED-13868,2024-09-25,1015,34.0,Belleza,APP,GBA,Tarjeta de crédito,500.0,1,0,5.0,5.0,0,500.0
PED-14589,2025-05-05,1085,34.0,hogar,Marketplace,Mendoza,Tarjeta de crédito,64589.99,1,10,7.0,4.0,0,58130.99
PED-13042,2024-01-10,1397,27.0,Hogar,App,GBA,EFECTIVO,41550.96,4,5,3.0,,1,157893.65
PED-11970,2025-05-29,1172,24.0,Juguetes,WEB,GBA,Efectivo,14446.94,1,0,3.0,5.0,0,14446.94
PED-11714,12/10/2024,2774,40.0,Hogar,Web,caba,Tarjeta de débito,46404.71,2,10,4.0,4.0,0,83528.48
PED-10837,2024-10-23,1498,22.0,Indumentaria,App,GBA,Tarjeta de crédito,25384.2,1,20,7.0,4.0,0,20307.36
PED-14145,2024-01-17,1226,50.0,electrónica,Marketplace, GBA ,tarjeta de crédito,227115.06,2,0,7.0,2.0,0,454230.12
PED-11311,2025-06-19,2263,56.0,Belleza,MARKETPLACE,Córdoba,Tarjeta de débito,17794.95,1,0,8.0,,0,17794.95
PED-11900,2024-12-17,1142,39.0,deportes,Web,SANTA FE,Transferencia,21800.83,1,15,5.0,4.0,0,18530.71
PED-12972,2025-04-06,1927,41.0,Deportes,marketplace,GBA,Efectivo,43874.41,1,0,10.0,5.0,0,43874.41
PED-14755,04/06/2025,1021,42.0,Electrónica,Web,Córdoba,TARJETA DE CRÉDITO,96214.07,1,25,6.0,5.0,0,72160.55
PED-12534,2024-12-06,1322,34.0,indumentaria,Web,Mendoza,Tarjeta de débito,27821.52,1,0,4.0,,0,27821.52
PED-10856,2024-07-28,1054,26.0,BELLEZA,Web,Santa Fe,Tarjeta de débito,15541.89,1,0,7.0,5.0,0,15541.89
PED-13043,2025-05-19,1598,56.0,Electrónica,Marketplace,Mendoza,Transferencia,93848.93,1,0,3.0,,0,93848.93
PED-11519,2024-03-26,2638,34.0,Hogar,App,GBA,tarjeta de crédito,59134.52,1,0,1.0,4.0,0,59134.52
PED-10473,2024-12-26,1789,29.0, Deportes ,Web,GBA,Tarjeta de crédito,19761.52,3,5,999.0,5.0,0,56320.33
PED-10315,2024-12-11,2329,33.0,Electrónica,Marketplace,Otras,MercadoPago,179225.2,1,0,2.0,5.0,0,179225.2
PED-14623,2025-03-07,1312,33.0,Belleza,Marketplace,Córdoba,TRANSFERENCIA,18650.33,1,5,6.0,,0,17717.81
PED-13221,15/02/2024,2251,18.0,Hogar,Web,CABA,Tarjeta de crédito,29808.72,1,0,7.0,3.0,1,29808.72
PED-12831,2024-05-22,1125,28.0,Deportes,App,CABA,,37056.25,1,0,1.0,4.0,0,37056.25
PED-11513,2024-12-06,1867,37.0, Indumentaria ,Marketplace,gba,Transferencia,18332.7,2,0,5.0,4.0,0,36665.4
PED-11404,2024-12-18,1537,18.0,Electrónica,WEB,GBA,Tarjeta de débito,83843.44,1,0,,5.0,0,83843.44
PED-12270,2024-10-28,1368,34.0,Belleza,Web,CABA,Tarjeta de débito,11808.47,2,0,4.0,5.0,0,23616.94
PED-12278,2024-08-06,2690,70.0,deportes,App,Mendoza,Tarjeta de débito,693281.534840706,1,0,2.0,3.0,0,48197.35
PED-13630,14/03/2025,1575,20.0,Hogar, Marketplace ,GBA,MercadoPago,55557.26,1,10,9.0,,0,50001.53
PED-11252,2025-06-07,1145,32.0, Hogar ,Marketplace,Córdoba,TARJETA DE DÉBITO,45293.08,5,10,5.0,,0,203818.86
PED-13362,2024-05-06,1338,47.0,JUGUETES,Marketplace,CABA,Tarjeta de débito,12464.15,1,0,3.0,4.0,0,12464.15
PED-10393,06/02/2024,1034,37.0,Belleza,App,GBA,Tarjeta de crédito,13823.34,1,0,3.0,4.0,0,13823.34
PED-13030,2025-05-18,1426,48.0,belleza,Web,GBA,MercadoPago,6463.48,1,0,5.0,5.0,1,6463.48
PED-10206,2025-02-23,1060,42.0,Deportes,Marketplace,CABA,TRANSFERENCIA,39039.0,1,0,6.0,4.0,0,39039.0
PED-11802,2024-11-24,2505,49.0,Juguetes,Web,OTRAS,,20099.04,1,0,4.0,5.0,0,20099.04
PED-14902,2025-01-21,2312,38.0,Deportes,,CABA,Tarjeta de crédito,52330.78,2,25,8.0,5.0,0,78496.17
PED-10446,25/02/2025,2761,40.0,Electrónica,App,Otras,Tarjeta de crédito,167241.05,5,0,5.0,,0,836205.25
PED-11224,21/10/2024,1587,50.0,Belleza,Web,Mendoza,Tarjeta de débito,8251.65,1,5,,5.0,0,7839.07
PED-10658,2024-01-03,1101,42.0,Deportes,Web,GBA,Tarjeta de débito,20705.96,1,0,6.0,3.0,0,20705.96
PED-11319,2025-06-04,1417,52.0,Deportes,Web,caba,Tarjeta de débito,19576.42,1,0,1.0,5.0,0,19576.42
PED-12092,2025-02-11,2183,27.0,Juguetes,App,Mendoza,EFECTIVO,17360.89,1,5,5.0,5.0,0,16492.85
PED-13232,2025-01-01,2397,19.0,hogar,App,CABA,mercadopago,55992.08,1,5,4.0,5.0,0,53192.48
PED-12923,2024-03-14,2307,35.0,Electrónica,APP,Otras,MercadoPago,208229.29,2,0,5.0,5.0,0,416458.58
PED-12928,2024-06-18,1262,19.0, Belleza ,Web,Otras,MercadoPago,8242.81,1,10,10.0,4.0,0,7418.53
PED-11605,2024-03-30,1972,50.0,Indumentaria,Web,GBA,Tarjeta de débito,20015.46,1,5,4.0,5.0,0,19014.69
PED-12718,2024-06-23,2668,,Indumentaria, Web , Córdoba ,MercadoPago,30259.43,1,0,4.0,5.0,0,30259.43
PED-12182,2025-05-22,1397,18.0,Indumentaria,Marketplace,GBA,Tarjeta de débito,28761.83,1,0,3.0,4.0,0,28761.83
PED-12423,2025-03-25,2054,84.0,Indumentaria,App,GBA,Efectivo,21616.39,1,5,5.0,4.0,0,20535.57
PED-13394,26/03/2025,1392,,Electrónica,App,Mendoza, Tarjeta de crédito ,245080.81,3,0,3.0,5.0,0,735242.43
PED-14298,2024-06-12,2148,58.0,Hogar,Marketplace,CABA,Tarjeta de crédito,59595.5,1,0,7.0,4.0,0,59595.5
PED-10565,2024-03-12,1826,48.0,deportes,Web,GBA,Efectivo,44579.57,1,5,8.0,5.0,0,42350.59
PED-11375,2025-04-03,1445,,Belleza,Marketplace,otras,Tarjeta de débito,8418.37,1,0,4.0,5.0,0,8418.37
PED-10467,2025-03-26,2335,18.0,Belleza,Web,GBA,Tarjeta de débito,10977.68,1,0,2.0,3.0,0,10977.68
PED-10905,2024-06-10,2324,24.0,Indumentaria,Marketplace,CABA,Tarjeta de débito,11708.88,1,0,1.0,,0,11708.88
PED-12839,2024-12-27,1095,,Electrónica,App,GBA,Tarjeta de crédito,214366.68,1,20,8.0,2.0,0,171493.34
PED-10736,2024-09-15,2048,28.0,Hogar,Web,Otras,transferencia,40369.13,2,0,,2.0,0,80738.26
PED-13268,2025-05-18,1182,34.0,Indumentaria,,Otras,Transferencia,31264.23,3,25,4.0,,0,70344.52
PED-11048,2024-12-04,1400,42.0,Hogar,App,GBA,efectivo,26414.86,1,0,2.0,5.0,0,26414.86
PED-12237,2025-04-20,2265,42.0,Deportes,Web,OTRAS,Tarjeta de crédito,53018.79,1,0,3.0,2.0,0,53018.79
PED-12310,2024-11-29,1287,25.0, Belleza ,Marketplace,GBA,Tarjeta de crédito,18903.64,1,15,3.0,4.0,0,16068.09
PED-14536,2025-05-17,1113,50.0,Juguetes,Web,GBA,Transferencia,9286.82,1,0,3.0,4.0,0,9286.82
PED-14921,2024-11-05,1059,29.0,BELLEZA,App, GBA ,TARJETA DE CRÉDITO,17608.69,1,0,4.0,3.0,1,17608.69
PED-14199,2024-06-07,1099,38.0,Hogar,App,SANTA FE,Tarjeta de crédito,53150.04,1,0,7.0,5.0,0,53150.04
PED-12753,2024-01-03,1694,35.0,Belleza,WEB,GBA,Tarjeta de débito,4900.53,1,0,11.0,5.0,1,4900.53
PED-11445,24/05/2024,1631,34.0,Indumentaria,marketplace,GBA,Transferencia,37332.92,1,0,4.0,5.0,0,37332.92
PED-13445,2025-05-21,2298,18.0,Hogar,Web,Otras,Tarjeta de crédito,42337.98,1,0,7.0,5.0,0,42337.98
PED-12826,2025-05-30,1187,18.0,Electrónica,Web,Mendoza,Transferencia,237357.42,1,10,6.0,,0,213621.68
PED-10124,2024-12-13,1852,18.0, Hogar ,App,Santa Fe,Tarjeta de crédito,51915.33,2,0,6.0,4.0,1,103830.66
PED-10844,2025-01-05,1595,39.0,Juguetes,Marketplace,Mendoza, Tarjeta de crédito ,7599.87,2,0,7.0,5.0,0,15199.74
PED-11219,2025-03-12,2279,47.0,Electrónica,App,Córdoba,Tarjeta de crédito,138866.29,1,0,5.0,5.0,0,138866.29
PED-11944,2025-06-13,2495,18.0,Electrónica,App,Otras, Tarjeta de débito ,243853.29,1,25,9.0,4.0,0,182889.97
PED-13447,2025-04-23,2040,41.0,Electrónica,Web,CABA,Tarjeta de crédito,105554.77,1,0,5.0,5.0,0,105554.77
PED-14762,2024-03-09,1455,18.0,DEPORTES,Marketplace, CABA ,Tarjeta de crédito,38091.5,2,25,7.0,4.0,0,57137.25
PED-12362,2024-09-18,2680,43.0,Hogar,WEB, Santa Fe ,TARJETA DE CRÉDITO,37677.03,2,0,6.0,4.0,0,75354.06
PED-13734,2024-11-22,1398,31.0,Deportes,app,Otras,Tarjeta de crédito,42823.52,2,0,5.0,3.0,0,85647.04
PED-13266,2025-03-18,2069,41.0,Belleza,App,GBA,Tarjeta de crédito,7339.17,1,25,8.0,2.0,0,5504.38
PED-12382,2024-11-13,2431,34.0,Deportes,app,Mendoza,TARJETA DE CRÉDITO,39735.66,1,0,11.0,5.0,0,39735.66
PED-10982,2024-01-17,1023,36.0,Deportes,Marketplace,Córdoba,efectivo,21445.19,1,15,6.0,5.0,0,18228.41
PED-12869,2025-03-28,2631,23.0,Indumentaria,Web,CABA,MercadoPago,28446.95,1,0,2.0,5.0,0,28446.95
PED-12623,2024-05-06,2005,21.0,Electrónica,MARKETPLACE,CABA,Tarjeta de débito,199259.73,2,10,1.0,5.0,0,358667.51
PED-14362,2025-03-16,2606,21.0,Deportes,Web,Otras,TRANSFERENCIA,57616.82,2,5,1.0,5.0,0,109471.96
PED-10131,2024-10-09,2430,57.0,Hogar,App,Otras,Tarjeta de crédito,45068.37,1,0,3.0,4.0,0,45068.37
PED-11724,2024-04-23,1235,55.0,hogar, Web ,CABA,TRANSFERENCIA,12051.63,1,0,7.0,5.0,0,12051.63
PED-14691,2024-12-12,1130,28.0, Hogar ,marketplace,CABA,Tarjeta de crédito,35258.12,1,0,1.0,5.0,0,35258.12
PED-10055,2025-01-24,1687,23.0,JUGUETES,Marketplace,Otras,TARJETA DE DÉBITO,10839.25,2,0,5.0,4.0,0,21678.5
PED-11792,2025-04-11,2079,40.0,Indumentaria,Marketplace,santa fe,Transferencia,33079.88,1,10,6.0,3.0,0,29771.89
PED-13014,2025-05-25,1646,49.0,Deportes,App,Otras,Tarjeta de débito,64345.98,2,5,2.0,1.0,0,122257.36
PED-14130,2024-09-18,2525,35.0,Deportes,WEB,OTRAS,Tarjeta de débito,33246.08,1,0,8.0,5.0,0,33246.08
PED-13039,2024-09-10,2161,,Hogar,WEB,,Tarjeta de crédito,49268.47,1,0,3.0,,0,49268.47
PED-13446,2024-05-01,2320,31.0,INDUMENTARIA,APP,CABA,Tarjeta de débito,19366.29,1,0,4.0,4.0,1,19366.29
PED-14759,2024-07-27,2039,31.0,Hogar,Web,GBA,mercadopago,52423.42,1,0,9.0,5.0,0,52423.42
PED-11053,2025-06-20,1421,55.0,Deportes,Web,caba,Tarjeta de crédito,43192.08,1,0,1.0,4.0,0,43192.08
PED-11361,2024-01-09,2292,44.0, Indumentaria ,Web,CABA,Tarjeta de crédito,30760.1,2,0,5.0,4.0,0,61520.2
PED-10197,2024-01-09,2785,24.0,Belleza, Marketplace ,CABA,Tarjeta de crédito,5606.23,1,0,5.0,4.0,0,5606.23
PED-11572,2024-08-08,2697,47.0, Electrónica , Marketplace ,,MercadoPago,61064.68,1,0,6.0,5.0,0,61064.68
PED-12134,28/01/2024,2231,,Deportes,Web,CABA,Transferencia,30633.61,1,5,1.0,5.0,0,29101.93
PED-13365,16/01/2025,2218,18.0,INDUMENTARIA,App,córdoba,Tarjeta de crédito,34434.39,2,0,6.0,5.0,0,68868.78
PED-11790,2024-10-13,1979,57.0,Deportes,Marketplace,Otras,Tarjeta de débito,34354.7,1,0,6.0,4.0,0,34354.7
PED-14231,2024-04-17,2320,40.0,Electrónica,Marketplace,,Tarjeta de débito,159642.38,2,10,9.0,5.0,0,287356.28
PED-10406,20/08/2024,1164,18.0,Indumentaria,App,caba,Tarjeta de crédito,19383.7,1,0,4.0,5.0,0,19383.7
PED-13317,2024-11-14,2569,52.0,Hogar,web,GBA,Transferencia,67849.57,3,0,1.0,5.0,0,203548.71
PED-10880,2024-11-22,1627,40.0,Indumentaria,Marketplace,CABA,MercadoPago,21091.45,3,0,5.0,3.0,0,63274.35
PED-11763,2024-06-12,2547,18.0,Electrónica,App,GBA,transferencia,83946.79,1,0,2.0,5.0,0,83946.79
PED-10147,2025-01-20,1376,38.0,Indumentaria,Web,GBA,Transferencia,12799.39,1,15,7.0,4.0,0,10879.48
PED-11256,2024-04-29,2229,26.0,Hogar,Marketplace,gba,Efectivo,24540.19,1,15,5.0,4.0,0,20859.16
PED-10329,2024-09-03,2755,31.0,Indumentaria,App,GBA,Tarjeta de crédito,13105.92,1,15,4.0,3.0,0,11140.03
PED-10980,2024-02-10,1579,50.0,Hogar,Web,GBA,Tarjeta de crédito,21256.89,1,0,9.0,4.0,0,21256.89
PED-14722,2024-06-01,2568,40.0,Indumentaria,Marketplace,CABA,Tarjeta de crédito,32247.06,2,5,4.0,4.0,0,61269.41
PED-10878,2024-03-03,2207,32.0,Hogar, App ,CABA,MercadoPago,55683.66,1,0,3.0,4.0,0,55683.66
PED-14237,2025-05-07,2021,36.0,Indumentaria,Web,Santa Fe,Tarjeta de débito,33061.37,2,0,1.0,5.0,0,66122.74
PED-14555,2024-05-02,2041,29.0,Indumentaria,APP,Mendoza,MercadoPago,23999.22,3,0,5.0,5.0,0,71997.66
PED-12046,2024-03-16,1375,26.0,Belleza,APP,CABA,,12910.6,1,10,10.0,4.0,0,11619.54
PED-11587,2024-12-01,2019,44.0,Deportes,Web,Santa Fe,Tarjeta de débito,28180.7,1,0,6.0,,0,28180.7
PED-11858,2025-02-28,1405,43.0,Deportes,App,CABA,TARJETA DE CRÉDITO,55652.31,1,15,6.0,1.0,0,47304.46
PED-14413,2024-08-02,1493,29.0,Electrónica,Web,Córdoba,Tarjeta de débito,260689.18,1,0,1.0,4.0,0,260689.18
PED-12194,20/01/2025,2779,18.0,Juguetes,App,CABA,MercadoPago,12023.31,1,15,9.0,5.0,0,10219.81
PED-12259,2024-07-19,1544,31.0,Hogar,APP,Otras, Transferencia ,51370.31,1,0,1.0,4.0,0,51370.31
PED-10107,2025-04-05,2132,46.0,Belleza,Web,caba,Tarjeta de débito,11346.45,1,5,4.0,2.0,0,10779.13
PED-11931,2025-05-02,2556,46.0,Deportes, Web ,Córdoba,Tarjeta de crédito,41145.26,4,0,7.0,5.0,0,164581.04
PED-14818,2024-07-01,1288,40.0,indumentaria,Web,otras,Tarjeta de crédito,11293.6,1,0,5.0,5.0,1,11293.6
PED-13727,2024-03-22,1959,50.0,Deportes,App,Otras,Transferencia,15735.75,1,0,7.0,2.0,0,15735.75
PED-14661,2024-10-20,2540,56.0,Hogar, Marketplace ,GBA,Tarjeta de débito,35025.31,1,25,3.0,5.0,0,26268.98
PED-13951,2024-02-25,1581,40.0,Indumentaria,App,caba,Tarjeta de crédito,27388.01,3,0,6.0,2.0,0,82164.03
PED-11844,2025-01-29,1755,34.0,Deportes, Web ,Otras,Tarjeta de crédito,56622.39,1,5,5.0,5.0,0,53791.27
PED-10303,2024-09-20,2588,35.0,Indumentaria,Web,CÓRDOBA,tarjeta de crédito,23943.91,1,20,2.0,3.0,0,19155.13
PED-13510,2024-05-08,1759,,Hogar,APP,GBA,Tarjeta de débito,34214.08,1,0,4.0,2.0,0,34214.08
PED-13880,2025-03-22,2265,34.0,JUGUETES,Web, CABA ,TRANSFERENCIA,25594.98,2,0,1.0,5.0,0,51189.96
PED-11584,2025-03-02,1496,49.0,Belleza,Web,SANTA FE,Tarjeta de crédito,17505.22,1,10,4.0,3.0,0,15754.7
PED-14568,2024-05-01,2588,29.0,Electrónica,App,GBA,Tarjeta de débito,272193.23,1,10,6.0,3.0,0,244973.91
PED-14830,2024-06-21,2673,70.0,Juguetes,Marketplace,Otras,Tarjeta de crédito,26357.03,1,0,5.0,2.0,1,26357.03
PED-13035,20/07/2024,2445,40.0,electrónica,marketplace,Mendoza, Tarjeta de crédito ,165634.14,1,15,7.0,3.0,0,140789.02
PED-11245,2024-10-04,1547,61.0,Juguetes, Web ,CABA,MERCADOPAGO,8592.83,1,0,8.0,2.0,0,8592.83
PED-14651,2024-10-15,1207,18.0,Deportes,Web,Otras,Transferencia,27685.26,1,10,,2.0,0,24916.73
PED-11623,2025-01-10,1486,33.0,Indumentaria,Web,CABA,Tarjeta de crédito,23752.71,1,0,4.0,1.0,0,23752.71
PED-10724,2024-11-21,2568,45.0,JUGUETES,Web,Córdoba,Efectivo,18615.74,2,20,2.0,5.0,1,29785.18
PED-12112,2025-04-16,1007,45.0,electrónica,Web,santa fe,Efectivo,161260.34,1,10,1.0,5.0,0,145134.31
PED-10219,2025-02-01,1247,18.0, Deportes ,Web,GBA,tarjeta de débito,47364.2,1,15,3.0,4.0,0,40259.57
PED-14310,2024-12-02,1738,52.0,belleza,App,Otras,TARJETA DE CRÉDITO,11682.5,1,0,4.0,5.0,0,11682.5
PED-11877,2025-05-19,1552,23.0,HOGAR,MARKETPLACE,, Tarjeta de crédito ,44857.36,2,15,3.0,,0,76257.51
PED-10606,2024-05-05,1430,41.0,Indumentaria,App,GBA,Tarjeta de débito,32481.56,1,25,2.0,,0,24361.17
PED-12383,2024-12-28,1246,23.0,Electrónica,App,CABA,Tarjeta de débito,206335.58,2,10,,2.0,0,371404.04
PED-10513,2024-12-13,1171,33.0,Hogar,web,Otras,MercadoPago,54281.92,2,5,10.0,1.0,0,103135.65
PED-12811,2025-05-18,1862,49.0,Deportes,web,GBA,Efectivo,17156.27,2,10,5.0,3.0,0,30881.29
PED-11359,2024-10-31,1518,56.0,Hogar,Web,GBA,,19735.09,1,0,9.0,5.0,0,19735.09
PED-10881,2024-05-20,1083,29.0,ELECTRÓNICA,Web,Mendoza,Tarjeta de crédito,339735.2,2,0,8.0,,0,679470.4
PED-13817,2025-02-20,2388,,Indumentaria,Web,Santa Fe,tarjeta de débito,19880.98,1,5,4.0,5.0,0,18886.93
PED-12313,2024-03-08,2015,38.0,Indumentaria,Web,OTRAS,transferencia,34855.62,1,0,6.0,4.0,0,34855.62
PED-14884,2025-03-21,2376,41.0,juguetes, Marketplace ,gba,Tarjeta de débito,21537.31,2,0,4.0,5.0,0,43074.62
PED-10135,2025-02-14,1689,39.0,indumentaria, Web ,CABA,Transferencia,24846.82,1,0,2.0,1.0,0,24846.82
PED-11072,2025-01-06,1840,30.0,Electrónica,App,Santa Fe,EFECTIVO,134008.34,1,15,9.0,4.0,0,113907.09
PED-14721,2024-01-01,2702,27.0,Electrónica,Web,CABA,efectivo,250812.48,1,0,6.0,4.0,0,250812.48
PED-14897,2024-11-30,1076,,INDUMENTARIA,Marketplace,Córdoba,Tarjeta de débito,37083.79,2,0,4.0,5.0,0,74167.58
PED-11062,2025-02-04,2219,49.0,Juguetes,Web,CABA,Efectivo,20310.61,1,5,8.0,5.0,0,19295.08
PED-12855,2024-04-11,1959,34.0, Deportes ,Web,GBA,tarjeta de débito,42446.26,3,0,7.0,,0,127338.78
PED-10797,2025-06-05,1897,30.0,Belleza,app,CABA,Tarjeta de crédito,9160.57,1,0,5.0,5.0,1,9160.57
PED-11771,2024-01-25,1115,37.0,Electrónica,Web,GBA,TARJETA DE DÉBITO,232673.5,1,0,4.0,5.0,0,232673.5
PED-12244,2024-11-02,2332,43.0,Indumentaria,Marketplace,GBA,Tarjeta de crédito,37518.5,1,0,2.0,5.0,1,37518.5
PED-14247,2025-03-19,2436,37.0,Indumentaria,Web,GBA, Tarjeta de crédito ,21210.3,1,0,8.0,5.0,0,21210.3
PED-11883,2025-04-27,1701,39.0, Deportes ,App,Otras,Tarjeta de crédito,25504.72,1,15,6.0,3.0,0,21679.01
PED-11398,2024-11-07,2133,57.0,Indumentaria,App,CABA,Tarjeta de crédito,23164.93,1,0,3.0,4.0,0,23164.93
PED-12065,2024-09-16,1437,53.0,Indumentaria,App,GBA,MercadoPago,4555.95,1,0,6.0,4.0,0,4555.95
PED-13861,2024-10-19,2766,51.0,Deportes,Web,CABA, Tarjeta de crédito ,28759.93,1,5,8.0,4.0,0,27321.93
PED-12496,2025-03-18,2366,42.0,Hogar,web,GBA,TARJETA DE CRÉDITO,45488.18,1,15,4.0,5.0,0,38664.95
PED-10801,2024-08-15,1877,44.0,Indumentaria,App,CABA,Tarjeta de crédito,15628.15,3,20,2.0,5.0,0,37507.56
PED-11975,2024-04-17,1065,55.0,Indumentaria,Web,Santa Fe,tarjeta de crédito,20337.83,2,0,2.0,5.0,0,40675.66
PED-11754,2025-02-02,1760,36.0,juguetes,MARKETPLACE,Otras,Tarjeta de débito,8451.79,1,0,7.0,4.0,0,8451.79
PED-11439,2025-01-15,1960,67.0,Deportes,Web,Santa Fe,Tarjeta de crédito,34361.16,1,0,5.0,5.0,0,34361.16
PED-13518,2024-12-05,1581,18.0,ELECTRÓNICA,MARKETPLACE,Otras,Tarjeta de crédito,305380.38,1,0,2.0,5.0,0,305380.38
PED-14236,2024-11-26,1320,22.0,Juguetes,Web,Otras,Tarjeta de crédito,18074.22,1,0,1.0,5.0,1,18074.22
PED-10130,2025-01-11,2702,39.0,DEPORTES,web, Santa Fe ,Transferencia,46025.93,1,0,,5.0,0,46025.93
PED-13093,2024-07-11,1464,36.0,Belleza,Marketplace,gba,TRANSFERENCIA,11363.77,3,0,4.0,4.0,0,34091.31
PED-11628,2024-08-07,2500,21.0,Electrónica,Marketplace,CABA,MercadoPago,187583.3,4,0,3.0,3.0,1,750333.2
PED-11542,2024-06-07,1482,29.0, Deportes ,App,córdoba,MercadoPago,24640.8,1,0,3.0,5.0,1,24640.8
PED-14867,2024-10-09,1723,18.0,BELLEZA,Web,OTRAS,MercadoPago,11075.83,2,0,6.0,,1,22151.66
PED-11846,2024-07-01,1819,29.0,Indumentaria,WEB,GBA,Transferencia,24725.06,2,0,2.0,2.0,0,49450.12
PED-11645,2025-04-27,2447,41.0,Indumentaria,App,GBA,TRANSFERENCIA,25881.04,3,5,4.0,4.0,0,73760.96
PED-13664,2025-04-29,1434,51.0,Juguetes,App,Córdoba,TARJETA DE CRÉDITO,14346.33,1,0,3.0,3.0,0,14346.33
PED-13750,2024-07-05,2199,21.0,electrónica, App ,Mendoza,Tarjeta de crédito,113158.83,2,0,4.0,5.0,0,226317.66
PED-10935,2024-11-25,2498,60.0,BELLEZA,Marketplace,CABA,Tarjeta de crédito,12581.51,1,0,12.0,5.0,0,12581.51
PED-14703,28/01/2024,1177,61.0,Belleza,App,Mendoza,Tarjeta de crédito,14648.16,2,5,5.0,4.0,0,27831.5
PED-13336,2025-04-09,1652,52.0,Belleza,MARKETPLACE,Mendoza,Tarjeta de crédito,12565.49,1,0,4.0,1.0,0,12565.49
PED-12471,2024-10-16,1093,34.0,Belleza,APP,Córdoba,Tarjeta de crédito,12982.51,1,0,1.0,5.0,0,12982.51
PED-11496,2024-08-04,1220,19.0,Deportes,App,otras,MercadoPago,13902.69,1,5,7.0,4.0,0,13207.56
PED-10110,2025-04-29,2297,18.0,Electrónica,Web,Otras,,241614.03,1,5,3.0,4.0,1,229533.33
PED-12296,2024-03-03,1670,34.0,Belleza,Web, CABA ,TARJETA DE DÉBITO,15627.07,2,0,3.0,,0,31254.14
PED-13867,2024-02-27,1120,56.0,Juguetes,App,Córdoba,Tarjeta de crédito,20188.13,1,0,5.0,4.0,0,20188.13
PED-10681,2024-04-18,1391,51.0,Hogar,App, GBA ,Tarjeta de crédito,23062.59,1,25,7.0,5.0,0,17296.94
PED-11633,2024-05-31,1181,35.0,Indumentaria,Web,,Tarjeta de débito,25035.01,2,0,3.0,3.0,0,50070.02
PED-10318,2024-05-06,1848,46.0,Electrónica,Web,Otras,Efectivo,233561.75,1,5,4.0,5.0,0,221883.66
PED-10825,28/07/2024,1435,47.0,Electrónica,App,GBA,Tarjeta de crédito,201643.94,2,10,5.0,,0,362959.09
PED-14607,2025-03-19,2018,18.0,Belleza,Marketplace,Otras,Transferencia,16233.61,2,0,6.0,5.0,0,32467.22
PED-13540,2024-01-27,2486,61.0,Indumentaria,Web,Santa Fe,Tarjeta de crédito,26714.68,1,0,4.0,5.0,0,26714.68
PED-12836,30/03/2024,1402,53.0,Indumentaria,Web,Mendoza,Tarjeta de crédito,31647.29,1,5,5.0,5.0,0,30064.93
PED-13713,2024-07-02,2237,30.0,Indumentaria,WEB,CABA,MercadoPago,28248.34,1,0,3.0,5.0,0,28248.34
PED-11240,11/08/2024,2025,20.0,Hogar,Web,Córdoba,MercadoPago,42152.79,1,0,1.0,5.0,0,42152.79
PED-14751,2024-01-15,1235,,hogar,Marketplace,Santa Fe,Tarjeta de débito,40902.59,1,0,4.0,3.0,0,40902.59
PED-10231,2024-02-07,2079,24.0,Electrónica,web,GBA,TARJETA DE CRÉDITO,168111.17,2,0,8.0,5.0,0,336222.34
PED-14320,2024-02-12,1774,22.0,Belleza,Web,CABA,Transferencia,6756.23,1,0,5.0,5.0,0,6756.23
PED-11413,2024-05-31,2598,38.0,Hogar,WEB,Córdoba,Tarjeta de crédito,-22037.02,2,0,5.0,5.0,1,44074.04
PED-13265,2024-06-12,1637,46.0,Belleza, App ,GBA,Tarjeta de débito,14167.57,1,25,3.0,5.0,0,10625.68
PED-10177,2025-02-06,2741,38.0,Indumentaria,WEB,otras,Transferencia,24281.09,1,5,6.0,4.0,0,23067.04
PED-14504,2025-06-25,1974,30.0,electrónica,App,GBA,Transferencia,296695.91,1,0,5.0,,1,296695.91
PED-14929,2024-01-22,2496,49.0,Deportes, Web ,gba,Transferencia,34345.15,2,0,1.0,5.0,1,68690.3
PED-10572,2024-02-23,2581,37.0,Indumentaria,Marketplace,CABA,Tarjeta de crédito,20499.21,1,0,4.0,3.0,0,20499.21
PED-14693,2024-09-01,1167,33.0,Indumentaria,Marketplace, CABA ,TARJETA DE CRÉDITO,24503.51,1,0,9.0,5.0,0,24503.51
PED-12643,2025-01-09,2209,32.0,Electrónica,App,CABA,MercadoPago,91915.2,2,0,5.0,5.0,0,183830.4
PED-12746,2024-06-14,2314,18.0,Juguetes,Marketplace,GBA, Tarjeta de débito ,500.0,1,0,2.0,3.0,0,500.0
PED-10917,2024-02-23,2788,20.0,Indumentaria,Marketplace,GBA,MercadoPago,21919.67,1,0,,4.0,0,21919.67
PED-14734,11/02/2024,1431,48.0,JUGUETES,Web,GBA,Tarjeta de crédito,17566.14,1,10,6.0,5.0,0,15809.53
PED-12394,2024-01-01,1793,42.0,Electrónica,Web,CABA,Transferencia,237516.14,1,0,1.0,5.0,0,237516.14
PED-14258,28/12/2024,2276,33.0,Juguetes,Marketplace,Otras,mercadopago,16863.2,1,25,8.0,3.0,0,12647.4
PED-12954,2024-09-22,1379,38.0,Juguetes,Web,CABA,Tarjeta de débito,16952.77,2,0,7.0,5.0,0,33905.54
PED-13859,2024-01-28,2709,27.0, Belleza ,App,GBA,Tarjeta de crédito,11547.24,1,0,4.0,4.0,0,11547.24
PED-13009,2024-07-30,2263,26.0,Indumentaria,Marketplace,caba,Tarjeta de débito,26231.96,1,0,3.0,2.0,0,26231.96
PED-13876,2024-07-04,1227,38.0,Juguetes,Web, Otras ,Tarjeta de crédito,14680.02,2,0,5.0,5.0,0,29360.04
PED-13318,21/02/2024,2672,43.0,Indumentaria,Marketplace,CABA,tarjeta de crédito,21245.19,1,0,7.0,1.0,1,21245.19
PED-13251,2024-03-09,2359,31.0,hogar,App,GBA,Tarjeta de crédito,34743.47,3,15,4.0,5.0,1,88595.85
PED-11344,2024-11-05,2611,53.0,Deportes,APP,Mendoza,Tarjeta de débito,56934.75,2,5,4.0,4.0,1,108176.02
PED-10983,2024-06-01,2674,38.0,Hogar,App,CABA,Efectivo,59622.12,1,0,2.0,4.0,0,59622.12
PED-12553,2025-06-03,1082,46.0,Electrónica,App,SANTA FE,Efectivo,177188.36,2,15,2.0,5.0,1,301220.21
PED-10247,2024-06-20,2012,34.0,Indumentaria,Web,GBA,Tarjeta de crédito,9489.94,2,15,1.0,5.0,0,16132.9
PED-13517,2024-12-05,1114,46.0,electrónica,App, Santa Fe ,Transferencia,84030.89,1,15,6.0,5.0,0,71426.26
PED-14344,2024-04-20,2599,57.0,Electrónica,App,Córdoba,MercadoPago,192010.61,1,15,3.0,5.0,0,163209.02
PED-11941,2024-02-08,1193,,BELLEZA,Web,gba,Transferencia,13784.44,1,0,8.0,1.0,0,13784.44
PED-13895,2024-03-13,2311,44.0,Indumentaria,Web,gba,TARJETA DE DÉBITO,21436.3,1,0,4.0,5.0,1,21436.3
PED-14675,2024-03-04,1736,18.0,Juguetes,Marketplace,Santa Fe,Tarjeta de crédito,12971.29,2,0,3.0,3.0,0,25942.58
PED-12798,2024-02-02,1531,59.0,Electrónica,WEB,Santa Fe,Efectivo,177726.72,2,0,4.0,,0,355453.44
PED-12360,2024-12-26,1042,38.0,Indumentaria,web, Santa Fe , Tarjeta de crédito ,32955.42,1,0,2.0,4.0,1,32955.42
PED-11041,2024-02-13,1252,47.0,Deportes,WEB,CÓRDOBA,mercadopago,47060.42,1,0,7.0,3.0,0,47060.42
PED-12205,2025-06-27,2340,21.0,Deportes,web,Córdoba,Transferencia,54872.17,1,0,2.0,3.0,1,54872.17
PED-12472,2025-03-15,1373,31.0,DEPORTES, App ,Otras,Transferencia,45169.18,1,0,6.0,4.0,0,45169.18
PED-12441,2024-12-22,2248,54.0,juguetes,web,CABA,Tarjeta de débito,14257.87,1,0,3.0,3.0,0,14257.87
PED-12125,2025-01-18,1027,37.0,electrónica,App,CABA,Tarjeta de crédito,367654.71,2,0,5.0,5.0,0,735309.42
PED-11182,2024-11-23,1167,18.0,Electrónica,Web,CABA,Transferencia,140866.97,1,10,2.0,5.0,0,126780.27
PED-13384,2025-03-08,2659,33.0,Electrónica,App,Mendoza,Transferencia,128923.53,3,20,7.0,5.0,0,309416.47
PED-10037,2024-06-15,2390,46.0,Belleza,Web,Otras,Tarjeta de crédito,4937.38,1,5,1.0,5.0,0,4690.51
PED-10533,2024-03-05,1409,54.0,Indumentaria,Web,Otras,Tarjeta de débito,9133.68,1,25,1.0,5.0,0,6850.26
PED-10342,2025-04-18,2110,35.0,Hogar,Web,CABA,Efectivo,33975.55,1,0,6.0,1.0,0,33975.55
PED-12939,2025-05-13,1244,63.0,Hogar,Web,CABA,tarjeta de débito,15062.81,2,0,7.0,3.0,0,30125.62
PED-14304,2024-05-02,1775,43.0,INDUMENTARIA,Web,CABA,Tarjeta de crédito,24129.61,1,0,2.0,3.0,0,24129.61
PED-12800,2025-06-02,1320,31.0,Hogar,App,Mendoza,Tarjeta de crédito,46976.83,1,25,1.0,5.0,0,35232.62
PED-11175,2024-02-09,2430,35.0,Indumentaria,Marketplace,OTRAS,Transferencia,22254.42,1,25,3.0,5.0,0,16690.81
PED-11464,2025-05-27,1729,24.0,Indumentaria,Web,Otras,Tarjeta de crédito,35079.74,1,10,3.0,5.0,0,31571.77
PED-11011,2024-10-15,2673,80.0,Indumentaria,App,GBA,Transferencia,22355.92,1,10,10.0,5.0,0,20120.33
PED-11462,2024-05-12,1920,41.0,Hogar,,CABA,Tarjeta de crédito,54627.77,1,0,3.0,5.0,0,54627.77
PED-10561,2025-05-02,1765,34.0,Electrónica,Web,Santa Fe,Transferencia,260337.96,2,0,1.0,5.0,0,520675.92
PED-10749,2024-11-29,1511,26.0,Deportes,App,Córdoba,Tarjeta de crédito,41148.34,1,0,7.0,3.0,0,41148.34
PED-12118,2024-06-13,1669,18.0,Indumentaria,App,CABA,Tarjeta de crédito,25478.48,1,0,7.0,2.0,0,25478.48
PED-10203,2024-05-31,1576,42.0,Deportes,Web,GBA,Tarjeta de débito,32791.31,1,0,2.0,4.0,1,32791.31
PED-11684,2024-09-15,1242,32.0,Electrónica,App,CABA,TARJETA DE DÉBITO,203650.46,1,10,5.0,4.0,0,183285.41
PED-11958,2024-07-31,1460,21.0,Indumentaria,App,GBA,MERCADOPAGO,21584.14,1,10,2.0,3.0,0,19425.73
PED-14179,02/03/2025,2356,33.0,Indumentaria,Web,GBA,Tarjeta de crédito,26394.61,1,0,2.0,5.0,0,26394.61
PED-10623,17/06/2025,2707,48.0,Hogar,Web,GBA,MercadoPago,57947.16,1,0,5.0,4.0,1,57947.16
PED-12795,2024-05-13,2120,33.0,Hogar,App,CABA,MercadoPago,42637.84,3,0,2.0,5.0,0,127913.52
PED-13378,2024-12-19,1450,50.0,Deportes,App,Mendoza,tarjeta de crédito,44686.11,2,0,9.0,4.0,0,89372.22
PED-14008,2025-01-18,1899,41.0,Indumentaria,Web,Otras,Tarjeta de crédito,29534.36,5,0,1.0,3.0,0,147671.8
PED-14427,2025-02-17,2075,41.0,Electrónica,Web,santa fe,Tarjeta de débito,135479.3,3,0,1.0,,1,406437.9
PED-12232,2025-03-25,1223,29.0,Deportes,Web,CABA,Efectivo,40737.09,3,0,1.0,3.0,0,122211.27
PED-14065,2025-04-01,1005,53.0,Electrónica,Marketplace,GBA,Transferencia,247766.37,1,0,,5.0,0,247766.37
PED-13441,2024-01-03,1960,41.0,Indumentaria,App,CABA,Efectivo,16568.95,1,25,5.0,3.0,0,12426.71
PED-13568,2024-05-04,1207,49.0,Electrónica,Web,otras,Tarjeta de crédito,161234.49,1,10,4.0,5.0,0,145111.04
PED-13913,2025-03-09,2317,24.0,Deportes,App, CABA ,tarjeta de débito,21753.5,3,0,8.0,3.0,0,65260.5
PED-12932,2024-12-14,1802,33.0,Belleza,WEB,GBA,tarjeta de crédito,11106.06,1,0,4.0,5.0,0,11106.06
PED-12306,15/11/2024,1954,30.0,belleza,Web,CABA,Tarjeta de crédito,6530.76,1,0,6.0,4.0,0,6530.76
PED-11178,2025-01-29,2662,18.0,Indumentaria,MARKETPLACE, Mendoza ,TARJETA DE CRÉDITO,28575.99,1,0,8.0,5.0,1,28575.99
PED-14063,2024-05-25,2324,25.0,Belleza,marketplace,Otras,TARJETA DE DÉBITO,18439.55,1,0,8.0,4.0,0,18439.55
PED-12209,2024-04-18,2307,50.0,Indumentaria,App,gba,Efectivo,30111.12,1,0,4.0,4.0,0,30111.12
PED-14737,2025-02-05,1871,28.0,Belleza,Web,caba,Tarjeta de crédito,9078.52,2,0,2.0,5.0,0,18157.04
PED-12563,2025-01-29,1860,40.0,Electrónica,App,GBA,Tarjeta de débito,182320.66,1,0,6.0,4.0,0,182320.66
PED-11043,25/11/2024,1035,30.0,Electrónica,Marketplace,CABA,Efectivo,171262.1,1,0,3.0,4.0,0,171262.1
PED-10470,2024-02-27,2370,23.0,electrónica,Web,córdoba,MercadoPago,218845.51,3,0,9.0,5.0,0,656536.53
PED-14150,2025-06-03,1439,18.0,Indumentaria,Marketplace,GBA, Tarjeta de débito ,23599.73,1,5,5.0,4.0,0,22419.74
PED-12575,2025-02-20,2382,18.0,Indumentaria,, CABA ,MercadoPago,21151.15,1,25,2.0,4.0,0,15863.36
PED-11922,2024-12-16,1469,45.0,belleza,Web,CABA,Tarjeta de débito,9364.42,1,10,2.0,3.0,0,8427.98
PED-10882,2024-08-02,1940,31.0,DEPORTES, Marketplace ,GBA,Tarjeta de débito,20344.15,2,10,3.0,4.0,0,36619.47
PED-14766,2025-06-08,2345,39.0,INDUMENTARIA,Web,Mendoza,Tarjeta de débito,39257.19,1,0,4.0,5.0,0,39257.19
PED-10820,2024-10-28,1726,42.0,Indumentaria,Web, GBA ,Efectivo,30234.69,2,0,8.0,5.0,0,60469.38
PED-14361,2024-07-06,1663,43.0,Juguetes,Web,Otras, Efectivo ,10239.8,1,5,4.0,3.0,0,9727.81
PED-14881,2024-08-11,2115,29.0,Belleza,App,Mendoza,Tarjeta de crédito,15428.46,4,0,3.0,5.0,0,61713.84
PED-12299,2025-05-22,2512,29.0,Indumentaria,Web,CABA,Tarjeta de crédito,18658.97,4,5,7.0,5.0,0,70904.09
PED-13114,2025-03-26,2778,39.0,Deportes,App,Mendoza,Tarjeta de crédito,49764.0,2,15,6.0,4.0,0,84598.8
PED-12637,14/02/2024,2044,41.0,Electrónica,Web,Mendoza,Tarjeta de crédito,4436.34,1,0,9.0,5.0,0,4436.34
PED-14343,2025-03-12,2532,54.0,Indumentaria,APP,santa fe, Transferencia ,18228.79,2,0,5.0,4.0,0,36457.58
PED-10922,2025-02-21,1002,38.0,Electrónica,APP,CABA,Tarjeta de débito,220114.16,1,0,4.0,4.0,1,220114.16
PED-13578,2024-10-02,1437,41.0,Deportes,Web,Córdoba,Tarjeta de crédito,29979.45,2,0,2.0,3.0,0,59958.9
PED-14439,2024-11-15,1158,49.0, Hogar ,App,Mendoza,MercadoPago,32380.66,1,0,3.0,5.0,0,32380.66
PED-11330,2024-12-31,2650,46.0,hogar,Marketplace,CABA,Tarjeta de crédito,55276.44,2,0,7.0,4.0,0,110552.88
PED-10990,2025-03-30,2724,38.0,ELECTRÓNICA,app,CABA,Tarjeta de crédito,125878.13,1,20,9.0,5.0,0,100702.5
PED-13962,2025-04-01,2262,39.0,Juguetes,Marketplace,Otras,,12713.57,1,0,2.0,5.0,0,12713.57
PED-14674,2024-03-05,1871,42.0,Hogar,web, CABA ,Tarjeta de crédito,76594.88,2,0,,5.0,0,153189.76
PED-10229,2025-01-09,2448,29.0,Deportes,Marketplace,Otras,Efectivo,53607.69,1,0,7.0,5.0,0,53607.69
PED-11103,2024-09-30,2179,35.0,electrónica,Web,Córdoba,TRANSFERENCIA,195710.51,1,0,1.0,2.0,0,195710.51
PED-13879,2024-07-28,1558,31.0,Electrónica,App,Córdoba,Tarjeta de crédito,242393.22,3,0,4.0,1.0,0,727179.66
PED-14696,2024-03-30,1112,30.0,deportes,Marketplace, Mendoza ,Transferencia,40485.14,1,0,5.0,5.0,0,40485.14
PED-14683,2025-04-10,1617,38.0,Indumentaria,web,Córdoba,efectivo,11940.07,1,20,5.0,5.0,0,9552.06
PED-10788,2024-08-18,2265,39.0,Indumentaria, Marketplace ,GBA,tarjeta de crédito,35247.29,1,0,4.0,3.0,0,35247.29
PED-12037,2025-06-19,2304,25.0,BELLEZA, App ,GBA, Tarjeta de crédito ,10868.71,1,0,6.0,2.0,0,10868.71
PED-12425,2024-07-28,2534,54.0,Hogar,App,Mendoza,Tarjeta de crédito,50558.75,2,0,4.0,5.0,0,101117.5
PED-12339,2025-02-27,1593,42.0, Electrónica ,Web,santa fe,Tarjeta de débito,344426.36,2,0,5.0,4.0,0,688852.72
PED-10850,2024-11-08,2191,37.0,Belleza,app,,Efectivo,9065.47,3,0,2.0,1.0,0,27196.41
PED-14591,2025-01-03,2733,37.0,Juguetes,App,CABA,Tarjeta de débito,10276.19,4,10,6.0,1.0,0,36994.28
PED-13354,2025-02-19,2768,45.0, Belleza ,MARKETPLACE,Mendoza,Tarjeta de débito,9078.77,1,0,5.0,3.0,0,9078.77
PED-12522,2024-03-08,1818,33.0,juguetes,app,GBA,Tarjeta de débito,14440.72,1,15,1.0,5.0,0,12274.61
PED-10480,2025-05-22,1780,58.0,Belleza,Web, Córdoba ,tarjeta de débito,8369.41,1,0,1.0,5.0,0,8369.41
PED-10671,2025-04-18,2634,29.0,juguetes,App,Santa Fe,tarjeta de débito,9917.32,1,0,4.0,3.0,0,9917.32
PED-12320,2025-03-07,2035,49.0,Belleza,APP,OTRAS,Tarjeta de crédito,14349.85,1,10,9.0,5.0,1,12914.86
PED-14481,2024-02-08,1513,33.0,Hogar,Marketplace,Mendoza,,58242.52,1,0,8.0,5.0,0,58242.52
PED-13193,2024-12-17,1900,47.0,Deportes,App,Otras,Tarjeta de débito,29251.55,5,0,,5.0,0,146257.75
PED-12511,2024-05-03,1010,51.0,ELECTRÓNICA,App,gba,Tarjeta de débito,153424.27,1,0,5.0,5.0,0,153424.27
PED-12780,2024-06-30,2000,46.0, Hogar ,Web,CABA,Transferencia,35489.54,1,0,3.0,5.0,0,35489.54
PED-14392,10/01/2025,2745,28.0,Belleza,App,Córdoba, Efectivo ,12329.32,2,25,5.0,,0,18493.98
PED-12284,2025-06-25,1734,46.0,Juguetes,App,Córdoba,Tarjeta de débito,10860.82,1,0,8.0,5.0,0,10860.82
PED-14912,2024-11-29,1853,,Hogar,Web,Otras,Transferencia,28344.5,1,10,5.0,3.0,0,0.0
PED-12148,2024-05-23,2245,34.0,Electrónica,Web,Otras,Tarjeta de débito,219755.36,1,15,6.0,5.0,0,186792.06
PED-12985,24/02/2025,1844,33.0,Belleza,App,GBA,Efectivo,12182.09,1,5,,,0,11572.99
PED-11211,2025-02-25,1220,18.0,Deportes,Marketplace,GBA,Tarjeta de crédito,49842.43,1,0,6.0,,0,49842.43
PED-11698,2024-11-06,2279,41.0,INDUMENTARIA,Marketplace,CABA,Tarjeta de débito,41695.09,1,0,4.0,5.0,0,41695.09
PED-13457,2025-05-18,1278,37.0,BELLEZA,Web,CABA,Tarjeta de crédito,14000.91,1,10,9.0,5.0,0,12600.82
PED-11621,2025-01-19,1038,47.0,Indumentaria,WEB,GBA,TRANSFERENCIA,28822.75,1,0,3.0,3.0,0,28822.75
PED-10266,2024-09-12,2128,46.0,Belleza,APP,GBA,MercadoPago,17015.77,1,0,6.0,3.0,0,17015.77
PED-13661,2024-10-02,1096,66.0,Hogar,Web,Santa Fe,Tarjeta de débito,44340.15,1,0,8.0,2.0,0,44340.15
PED-13107,2025-05-28,1566,18.0,Deportes,WEB,OTRAS,mercadopago,18620.02,1,0,4.0,5.0,0,18620.02
PED-13204,2024-09-22,1870,36.0,Indumentaria,App,caba,transferencia,10959.03,1,0,7.0,5.0,0,10959.03
PED-13462,2024-09-06,2743,27.0,Indumentaria,App, GBA ,Tarjeta de crédito,20265.35,1,0,4.0,5.0,1,20265.35
PED-13490,2024-02-09,1067,56.0,Hogar,WEB,Otras, Transferencia ,33392.75,3,0,5.0,5.0,0,100178.25
PED-12191,12/04/2025,2795,,Electrónica,Web,Santa Fe,Tarjeta de crédito,190766.01,1,0,3.0,5.0,0,190766.01
PED-14324,2025-04-20,1530,18.0,JUGUETES,Web,CABA,Tarjeta de crédito,10102.42,1,10,5.0,4.0,0,9092.18
PED-11923,2024-10-14,1986,34.0,Indumentaria,Web,CABA,Efectivo,4101.71,2,0,5.0,4.0,0,0.0
PED-14706,2025-05-12,1575,18.0,Deportes,App,CABA, Tarjeta de débito ,49816.93,3,0,5.0,2.0,0,149450.79
PED-11165,2024-11-24,2359,43.0,Indumentaria,Web,gba,TARJETA DE CRÉDITO,12120.18,1,0,6.0,,0,12120.18
PED-11729,2025-02-10,2571,47.0,Juguetes,App,santa fe,transferencia,18274.1,5,20,5.0,5.0,0,73096.4
PED-12189,13/04/2024,2407,,Electrónica,Web,CABA,MERCADOPAGO,133551.94,1,0,7.0,5.0,0,133551.94
PED-10356,2024-01-16,1524,52.0,Deportes,Web,CABA,Tarjeta de crédito,67935.31,3,0,5.0,3.0,0,203805.93
PED-12673,2025-06-27,2484,18.0,Juguetes,Web,CABA,Tarjeta de crédito,18314.97,1,0,4.0,1.0,0,18314.97
PED-14580,2024-11-22,2778,44.0,Belleza,Web,Santa Fe,Tarjeta de crédito,18244.05,2,0,3.0,4.0,0,36488.1
PED-13298,2024-01-03,2527,32.0,Electrónica,App,Mendoza,Efectivo,267059.31,1,15,6.0,5.0,0,227000.41
PED-11331,09/05/2025,1010,18.0,Hogar,App,Mendoza,Efectivo,17177.92,1,0,1.0,5.0,0,17177.92
PED-12002,2024-08-21,2349,49.0,Belleza,Marketplace,GBA,Tarjeta de crédito,9515.59,1,0,6.0,5.0,0,9515.59
PED-13403,2025-01-21,2018,32.0,Deportes,Marketplace,gba,Tarjeta de débito,59010.53,1,0,5.0,,0,59010.53
PED-10923,2024-04-05,2156,25.0,Juguetes,App,córdoba,Tarjeta de crédito,6541.86,1,0,7.0,,0,6541.86
PED-10017,2025-05-06,1129,29.0,Deportes,Web,GBA,Tarjeta de crédito,40982.32,1,0,4.0,4.0,0,40982.32
PED-13185,2025-04-27,2397,30.0,Hogar,app,santa fe,Tarjeta de débito,26866.54,2,0,4.0,5.0,0,53733.08
PED-14945,2024-06-13,2434,35.0,Hogar,App,CABA,Tarjeta de débito,30471.77,1,0,6.0,5.0,0,30471.77
PED-13814,2025-04-23,1717,21.0,DEPORTES,WEB,Santa Fe,MERCADOPAGO,27292.96,1,0,1.0,4.0,0,27292.96
PED-11428,2025-06-03,2382,55.0,Electrónica,App,otras,Transferencia,254924.86,3,5,3.0,4.0,0,726535.85
PED-11719,2024-06-09,1320,18.0,Electrónica,WEB,,Tarjeta de crédito,47027.11,2,0,,4.0,0,94054.22
PED-11533,26/05/2024,2331,33.0,Deportes,WEB,GBA,Tarjeta de crédito,48327.86,2,10,9.0,4.0,0,86990.15
PED-10925,18/03/2024,2053,31.0,Electrónica, App ,Otras,TARJETA DE DÉBITO,139616.76,5,5,9.0,3.0,0,663179.61
PED-14348,2024-01-29,1808,,Juguetes,web,CABA,,21330.04,1,15,1.0,3.0,0,18130.53
PED-14256,2024-07-03,1641,67.0,Electrónica,APP,GBA,Tarjeta de crédito,233407.22,1,5,1.0,5.0,0,221736.86
PED-10592,2024-11-30,1184,30.0,BELLEZA,APP,CABA,Tarjeta de débito,15733.62,1,0,6.0,5.0,0,15733.62
PED-14995,2024-07-11,1786,40.0,BELLEZA,Web,OTRAS,Transferencia,20564.01,1,0,2.0,3.0,0,20564.01
PED-11810,2024-04-10,1890,63.0,indumentaria,Web,CABA,TARJETA DE DÉBITO,16095.41,1,10,5.0,1.0,0,14485.87
PED-13592,2024-03-15,2097,46.0,Electrónica, App ,CABA,tarjeta de débito,233490.53,1,0,6.0,5.0,0,233490.53
PED-13407,2025-01-14,2265,18.0,deportes,Web, CABA ,Efectivo,43407.67,1,0,5.0,2.0,1,43407.67
PED-12102,2024-08-15,2257,,Electrónica,Marketplace,Otras,Tarjeta de débito,123537.86,4,0,4.0,4.0,0,494151.44
PED-11102,2024-05-20,1883,38.0,Indumentaria,APP,otras,tarjeta de crédito,16724.24,1,0,6.0,5.0,0,16724.24
PED-12935,2024-01-10,1656,29.0,electrónica,web,Otras,Tarjeta de débito,180868.31,2,0,6.0,3.0,0,361736.62
PED-11367,2024-09-20,1318,26.0,Indumentaria,App,Otras,Tarjeta de débito,6106.4,1,0,7.0,4.0,0,6106.4
PED-12518,2025-03-06,2492,18.0,hogar,Web,córdoba,Efectivo,24707.8,1,15,4.0,5.0,0,21001.63
PED-14594,2024-12-10,1430,46.0,Belleza,App,Otras,Transferencia,12791.25,2,0,1.0,5.0,0,25582.5
PED-12571,2024-05-26,1414,52.0,Indumentaria,App,Mendoza,MercadoPago,27645.46,1,15,4.0,5.0,0,23498.64
PED-13356,2024-04-24,2520,36.0,Deportes,Marketplace,GBA,Transferencia,46406.92,4,0,,2.0,0,185627.68
PED-12722,2024-04-10,2203,40.0,Hogar,WEB,Santa Fe,Efectivo,51488.45,2,5,5.0,5.0,0,97828.06
PED-11610,2024-12-16,2009,,Belleza,Web,GBA,Transferencia,5656.67,1,10,9.0,4.0,0,5091.0
PED-10745,2025-02-22,2461,51.0,Electrónica,Web, CABA ,Tarjeta de débito,159394.37,1,0,5.0,4.0,0,159394.37
PED-12005,2024-07-27,1476,22.0,Deportes,app,GBA,Tarjeta de débito,48329.24,2,0,2.0,4.0,0,96658.48
PED-14406,2025-04-24,1651,51.0,electrónica,Web,Otras,Tarjeta de crédito,232549.4,2,5,4.0,4.0,0,441843.86
PED-12410,2024-12-08,1082,47.0,Indumentaria,app,Córdoba,Tarjeta de crédito,20491.97,2,10,4.0,4.0,0,36885.55
PED-10302,2025-03-19,2539,,Electrónica,web,GBA,Efectivo,148482.43,1,0,9.0,5.0,0,148482.43
PED-13804,2025-05-12,2595,49.0,belleza,Marketplace,gba,Tarjeta de débito,11185.88,2,0,4.0,5.0,0,22371.76
PED-14598,2025-02-23,2772,28.0,Juguetes,Web,Otras,Tarjeta de débito,26083.29,2,0,5.0,5.0,0,52166.58
PED-11232,10/08/2024,2405,40.0,Electrónica,Marketplace,GBA,Transferencia,153815.87,1,0,9.0,5.0,0,153815.87
PED-11287,2025-03-15,1356,25.0,Belleza,Web,GBA,MercadoPago,16253.18,1,25,3.0,5.0,0,12189.88
PED-10122,2024-11-26,2304,19.0,deportes,MARKETPLACE,gba,Tarjeta de crédito,42347.18,2,0,7.0,4.0,1,84694.36
PED-10853,2025-06-20,2699,57.0,Electrónica,App,CABA,Transferencia,120556.97,1,0,7.0,5.0,0,120556.97
PED-12487,2025-01-26,1723,33.0,Hogar,Web,Otras,Tarjeta de crédito,44617.62,1,15,6.0,5.0,1,37924.98
PED-14686,2025-03-10,1766,47.0,Belleza,Web,Otras,Transferencia,14368.65,1,5,3.0,4.0,0,13650.22
PED-12652,02/07/2024,2291,44.0,Hogar,Web,Otras,TARJETA DE DÉBITO,72465.36,1,5,2.0,,0,68842.09
PED-14534,2025-03-01,1147,27.0,Indumentaria,App,CABA,TARJETA DE CRÉDITO,21235.33,1,0,1.0,,0,21235.33
PED-10007,2025-04-11,2126,41.0,electrónica,Marketplace,CABA,Tarjeta de crédito,87007.77,3,15,7.0,4.0,0,221869.81
PED-13106,2024-05-30,2186,30.0,indumentaria,Web,OTRAS,Tarjeta de débito,28849.37,1,15,8.0,5.0,0,24521.96
PED-14548,2025-03-28,1893,44.0,Belleza,App,mendoza,Tarjeta de débito,15139.49,5,0,6.0,,0,75697.45
PED-13967,2024-10-04,2024,42.0,Electrónica,Web,OTRAS,EFECTIVO,142738.06,1,0,4.0,,0,142738.06
PED-12707,2024-05-16,2164,24.0,Juguetes,Web,GBA,Efectivo,10111.41,3,0,2.0,5.0,0,30334.23
PED-10537,2024-06-25,1855,46.0,Deportes, Web ,CABA,Tarjeta de crédito,43257.59,2,0,4.0,,0,86515.18
PED-11180,2024-05-03,2035,18.0, Indumentaria ,Web,Córdoba,TARJETA DE DÉBITO,32183.55,1,0,,4.0,0,32183.55
PED-10589,2024-09-05,1196,50.0,Hogar,WEB,CABA,Tarjeta de crédito,35909.69,1,0,10.0,5.0,0,35909.69
PED-13429,2025-06-01,1060,28.0,Belleza,web,CABA,Tarjeta de débito,12304.09,72,10,4.0,,0,11073.68
PED-11759,2024-09-22,2295,,Indumentaria,App,GBA,Tarjeta de crédito,26942.09,3,10,5.0,2.0,0,72743.64
PED-11461,2024-09-13,2553,46.0,Deportes,Web,OTRAS,EFECTIVO,38804.13,3,20,3.0,2.0,0,93129.91
PED-10933,2025-04-13,2376,32.0, Electrónica ,WEB,Otras,Tarjeta de débito,140246.31,1,0,7.0,1.0,0,140246.31
PED-13073,2024-03-16,1405,39.0,Juguetes,Web,GBA,TRANSFERENCIA,12502.89,1,0,1.0,5.0,0,12502.89
PED-12503,2024-09-18,1591,31.0, Deportes ,App,Otras, Tarjeta de débito ,43178.94,1,5,1.0,5.0,0,41019.99
PED-13228,2025-05-21,2059,33.0,Electrónica, Web ,córdoba, Tarjeta de débito ,150264.65,1,15,1.0,4.0,0,127724.95
PED-12269,2024-11-08,1093,46.0,ELECTRÓNICA,Marketplace,Santa Fe,Tarjeta de crédito,29805.82,1,5,2.0,5.0,0,28315.53
PED-13546,2025-03-26,1339,36.0,Indumentaria,App,Córdoba,Tarjeta de crédito,14284.52,1,0,3.0,5.0,1,14284.52
PED-13242,2025-05-07,1543,18.0,HOGAR,Marketplace,GBA,tarjeta de débito,51289.91,1,0,6.0,5.0,0,51289.91
PED-13150,2025-02-07,1053,29.0,Hogar,Web,caba,Tarjeta de crédito,11348.96,1,0,4.0,5.0,0,11348.96
PED-12668,2024-10-07,1252,37.0,Hogar,Marketplace, CABA , Tarjeta de débito ,38506.54,2,0,7.0,5.0,0,77013.08
PED-11647,2024-08-13,2150,45.0,Indumentaria,app,Santa Fe,Tarjeta de débito,20608.23,2,0,1.0,5.0,0,41216.46
PED-14244,2024-01-30,1015,29.0,Indumentaria,App,Otras,Tarjeta de débito,4007.27,1,0,3.0,4.0,0,4007.27
PED-12550,2024-04-13,2173,18.0, Electrónica ,Web,GBA,Tarjeta de crédito,197737.21,1,0,7.0,,0,197737.21
PED-14448,2025-01-25,1972,38.0,Electrónica,MARKETPLACE,,Transferencia,127746.58,2,0,1.0,4.0,0,255493.16
PED-10316,18/04/2025,2771,34.0,INDUMENTARIA,Web,Santa Fe,Tarjeta de crédito,19941.51,1,0,6.0,1.0,0,19941.51
PED-14031,2024-07-05,1148,30.0,Hogar,WEB,CABA, Tarjeta de crédito ,24853.96,1,0,5.0,3.0,0,24853.96
PED-14654,2024-05-05,2398,34.0,HOGAR,Web,OTRAS,Efectivo,44042.28,1,0,4.0,5.0,0,44042.28
PED-13339,2025-02-17,1274,49.0,Belleza,Marketplace,CABA,TRANSFERENCIA,13618.57,3,0,8.0,4.0,0,40855.71
PED-10145,2024-09-24,2684,41.0, Electrónica ,app,GBA,,181009.59,1,0,7.0,3.0,0,181009.59
PED-11098,2024-11-06,1353,29.0,Electrónica,Web,Otras,Tarjeta de débito,219659.28,1,0,7.0,5.0,0,219659.28
PED-13566,2025-05-29,1347,32.0,Hogar,App,GBA,Tarjeta de crédito,61728.18,1,15,2.0,3.0,0,52468.95
PED-10449,30/12/2024,1879,54.0,Indumentaria,Marketplace,Otras,TARJETA DE CRÉDITO,16206.46,2,20,,1.0,0,25930.34
PED-14954,2024-09-07,2694,41.0,Belleza,Marketplace,Mendoza,MercadoPago,6684.54,1,0,5.0,5.0,0,6684.54
PED-14630,2025-01-01,2599,43.0,Deportes,Web,GBA,Tarjeta de crédito,47980.19,1,0,9.0,4.0,0,47980.19
PED-12974,2024-03-24,1485,34.0,hogar,Web,SANTA FE, Transferencia ,66282.57,2,20,1.0,3.0,0,106052.11
PED-11220,2024-03-22,2528,29.0,Juguetes,Web,gba,Tarjeta de débito,9021.39,2,15,6.0,5.0,0,15336.36
PED-12543,2025-04-27,2158,32.0,Hogar,App,Mendoza,Efectivo,72671.35,1,10,2.0,5.0,0,65404.22
PED-12351,2025-03-30,2576,24.0, Hogar ,Web,GBA,Efectivo,61626.57,1,0,6.0,3.0,0,61626.57
PED-11756,2024-05-09,1341,58.0,Deportes,WEB,Santa Fe,Tarjeta de crédito,54827.24,1,10,1.0,3.0,0,49344.52
PED-13027,2025-01-13,2423,54.0,Electrónica,App,GBA,Tarjeta de débito,44503.99,1,0,10.0,4.0,0,44503.99
PED-11582,12/05/2025,1754,40.0,Indumentaria,Marketplace,Otras,MercadoPago,39224.42,2,0,,5.0,0,78448.84
PED-14121,2025-03-23,1713,34.0, Juguetes ,web,CABA,Tarjeta de crédito,10260.33,3,0,6.0,2.0,0,30780.99
PED-14511,08/02/2025,2105,41.0,Indumentaria,Web,córdoba,tarjeta de crédito,38594.04,2,10,2.0,5.0,0,69469.27
PED-10202,2025-02-07,1576,18.0,Electrónica,Web,CABA,Tarjeta de crédito,54757.53,2,0,8.0,2.0,0,109515.06
PED-11745,2025-03-04,1382,29.0,Electrónica,APP, GBA ,Tarjeta de crédito,150703.5,1,0,4.0,5.0,0,150703.5
PED-12918,2024-04-02,2198,51.0,Hogar,Web, CABA ,Tarjeta de crédito,22430.48,1,0,4.0,5.0,0,22430.48
PED-11432,2025-06-09,2310,22.0,Juguetes,App,Santa Fe,Tarjeta de crédito,16746.22,3,0,4.0,5.0,1,0.0
PED-12558,2024-03-31,1651,35.0,Belleza,App,MENDOZA,Tarjeta de crédito,13761.4,1,0,2.0,5.0,0,13761.4
PED-14056,2025-03-28,1905,43.0,Indumentaria,Web,GBA,Tarjeta de crédito,27069.82,1,0,6.0,5.0,0,27069.82
PED-12548,2024-09-29,2718,49.0,Indumentaria,Web,Córdoba,tarjeta de crédito,16193.89,1,15,5.0,3.0,0,13764.81
PED-14542,2024-08-07,1741,27.0,Hogar,App,OTRAS,Tarjeta de crédito,-51079.48,1,25,3.0,4.0,0,38309.61
PED-10582,2025-02-25,1047,40.0,Hogar,App,Otras,Tarjeta de débito,35144.07,1,10,6.0,5.0,0,31629.66
PED-10708,2024-08-16,1979,48.0,DEPORTES,App,,MercadoPago,17927.12,1,5,,4.0,0,17030.76
PED-14323,2024-12-20,2221,37.0,juguetes,app,Otras,Tarjeta de crédito,19677.37,1,0,5.0,5.0,0,19677.37
PED-13762,2024-09-03,1257,47.0,Electrónica,App,Otras,TARJETA DE CRÉDITO,133592.03,1,5,4.0,4.0,0,126912.43
PED-12196,2024-09-15,1758,27.0,Indumentaria,Web,,Transferencia,26804.37,2,5,1.0,5.0,0,50928.3
PED-11916,2024-07-08,1523,45.0,BELLEZA,Web,GBA,Efectivo,13152.83,1,0,2.0,4.0,0,13152.83
PED-13717,2025-01-05,1438,52.0,Deportes, App , Santa Fe ,Transferencia,52480.57,2,0,1.0,,0,104961.14
PED-10332,2025-03-10,1897,20.0,Hogar,Web,Otras,tarjeta de crédito,14563.16,1,0,1.0,5.0,0,14563.16
PED-13960,2025-03-20,1726,40.0,Juguetes,app,Otras,MercadoPago,20115.77,1,5,5.0,4.0,0,19109.98
PED-14156,2024-06-28,1132,35.0, Electrónica ,Web,CABA,Tarjeta de débito,189031.41,1,0,2.0,3.0,0,189031.41
PED-11832,2025-02-26,2554,31.0,Belleza,Web,caba,TARJETA DE DÉBITO,12127.46,1,10,1.0,2.0,0,0.0
PED-11669,2024-02-05,2705,,Electrónica,Marketplace,Córdoba,tarjeta de débito,332141.89,2,15,1.0,5.0,0,564641.21
PED-10857,2025-04-19,1427,53.0,Electrónica,App,GBA,Tarjeta de crédito,231325.12,1,0,3.0,5.0,0,231325.12
PED-12685,2024-01-22,2569,55.0,Indumentaria,app,GBA,Tarjeta de débito,13526.98,2,5,7.0,,0,25701.26
PED-14229,2024-06-29,1329,25.0,Indumentaria,App,CABA,Tarjeta de crédito,6456.42,1,0,1.0,4.0,0,6456.42
PED-12050,2024-01-19,1098,49.0,electrónica,marketplace,Otras,Tarjeta de crédito,127316.32,1,0,3.0,4.0,0,127316.32
PED-13952,2025-03-18,1805,56.0,Juguetes,web,CABA,Transferencia,13612.52,2,5,3.0,5.0,0,25863.79
PED-11627,2024-10-03,2185,36.0, Deportes ,Marketplace,mendoza, Transferencia ,44484.52,1,5,8.0,4.0,0,42260.29
PED-10478,2025-05-19,1229,35.0,Electrónica,APP,CÓRDOBA,tarjeta de débito,102587.1,5,0,1.0,5.0,0,512935.5
PED-10035,2025-04-29,1225,53.0,Hogar,Web,Otras,Tarjeta de crédito,36171.41,5,0,3.0,,0,180857.05
PED-10746,2024-04-04,1132,24.0,ELECTRÓNICA,Marketplace,CABA,Transferencia,145165.79,1,0,,4.0,0,145165.79
PED-12155,2025-01-25,2127,59.0,BELLEZA,app,Mendoza,Tarjeta de crédito,11655.06,1,0,7.0,4.0,0,11655.06
PED-14990,2024-09-04,2186,56.0,Deportes,Marketplace,Mendoza,Transferencia,36364.83,1,0,8.0,,0,36364.83
PED-12132,2024-10-15,1960,44.0,Belleza,App,otras,Tarjeta de crédito,10451.03,1,0,3.0,,0,10451.03
PED-13329,2024-01-06,1758,45.0, Electrónica ,Web,Otras,tarjeta de crédito,123353.65,1,0,4.0,5.0,1,123353.65
PED-13368,23/05/2025,2059,43.0,Electrónica,Web,CABA, Transferencia ,200197.52,1,0,3.0,3.0,1,200197.52
PED-14844,2024-04-24,1766,50.0,Indumentaria,App,GBA,mercadopago,18749.94,1,0,2.0,4.0,0,18749.94
PED-14855,2024-06-27,1216,48.0,Hogar,App,CABA,Tarjeta de débito,42892.14,1,20,,5.0,0,34313.71
PED-13808,2024-06-19,2574,60.0,Belleza,Web,GBA,Tarjeta de crédito,7839.84,2,0,10.0,3.0,0,15679.68
PED-14332,2025-05-25,2556,39.0,Hogar,Web,GBA,MercadoPago,40803.71,3,20,2.0,3.0,0,97928.9
PED-12211,2024-09-25,2772,23.0,INDUMENTARIA,Web,GBA,Transferencia,38735.05,1,0,3.0,4.0,0,38735.05
PED-10955,2024-12-29,1003,29.0,Belleza,web,Otras,Tarjeta de débito,23523.58,1,0,,5.0,0,23523.58
PED-10103,01/02/2025,1016,52.0,Indumentaria,Web,CABA,Tarjeta de débito,25169.59,1,10,3.0,5.0,1,22652.63
PED-12971,2025-02-08,1371,28.0,indumentaria,app,,Tarjeta de crédito,14879.68,2,10,3.0,4.0,0,26783.42
PED-13779,2025-02-09,1412,55.0,Electrónica,Web,Santa Fe,Tarjeta de débito,129454.84,1,10,1.0,2.0,0,116509.36
PED-13203,2024-06-02,1556,18.0,Indumentaria,Web,otras,MercadoPago,21464.05,1,0,1.0,5.0,0,21464.05
PED-14802,2024-04-15,2229,31.0,Electrónica,Web,CABA,Tarjeta de crédito,216545.08,1,0,7.0,3.0,0,216545.08
PED-14133,2025-03-06,2746,36.0,INDUMENTARIA,App,CABA, MercadoPago ,16301.24,1,5,6.0,5.0,0,15486.18
PED-11179,2024-08-13,2402,46.0,deportes,Web,GBA,Tarjeta de débito,43998.88,1,0,,3.0,0,43998.88
PED-13831,16/04/2024,1960,,Indumentaria,Web,Santa Fe,Tarjeta de débito,31463.75,1,0,5.0,4.0,0,31463.75
PED-10013,2024-04-09,1587,23.0,Belleza,App,mendoza,Tarjeta de crédito,4986.56,1,0,7.0,,0,4986.56
PED-11737,07/12/2024,1248,18.0,Indumentaria, App ,mendoza,Tarjeta de crédito,18881.72,1,10,1.0,5.0,0,16993.55
PED-11449,2024-08-16,2723,38.0,Belleza,App,GBA,MercadoPago,7875.21,1,15,2.0,4.0,0,6693.93
PED-14169,2024-11-06,1519,41.0,Juguetes,App,Otras,Tarjeta de crédito,8530.08,1,0,3.0,5.0,0,8530.08
PED-11353,2024-06-14,1423,32.0,Belleza,Marketplace,Córdoba,Tarjeta de débito,5691.47,1,0,5.0,4.0,0,5691.47
PED-10558,20/02/2024,2478,33.0,Electrónica,Marketplace,otras,Tarjeta de crédito,285286.93,1,0,1.0,3.0,0,285286.93
PED-14089,2025-06-13,2607,38.0,Belleza,Web,CABA,Transferencia,16243.12,1,0,8.0,3.0,0,16243.12
PED-11329,2024-12-03,1506,44.0,Belleza,App,,,9492.2,1,0,2.0,5.0,0,9492.2
PED-12622,2024-07-19,1318,25.0,indumentaria,Marketplace,,Tarjeta de crédito,19573.74,1,0,6.0,3.0,1,19573.74
PED-14110,2024-01-25,2489,29.0,Belleza,Web,GBA,Tarjeta de débito,9607.96,2,15,11.0,3.0,0,16333.53
PED-14851,2024-01-21,2655,18.0,Belleza,web,gba,Transferencia,15802.04,1,0,4.0,5.0,0,15802.04
PED-10670,2024-03-26,1949,32.0,Electrónica,Marketplace,caba,Tarjeta de crédito,113843.48,1,15,3.0,4.0,0,96766.96
PED-14720,2024-02-04,1440,27.0,Hogar,Web,Santa Fe,Tarjeta de débito,48073.06,2,20,7.0,1.0,0,76916.9
PED-12669,2024-01-31,1705,18.0,Deportes,Marketplace,CABA,Tarjeta de crédito,50888.07,1,0,2.0,5.0,0,50888.07
PED-10474,2024-01-01,2369,40.0,belleza,App,GBA,MercadoPago,13861.82,2,10,10.0,4.0,0,24951.28
PED-12117,2024-11-08,2742,43.0,juguetes,Web,caba,TARJETA DE DÉBITO,22446.58,1,0,7.0,4.0,0,22446.58
PED-12715,2025-02-04,2210,41.0,juguetes,Marketplace,Córdoba,Tarjeta de crédito,20513.65,1,10,5.0,5.0,0,18462.29
PED-11930,2024-07-01,1006,32.0,Indumentaria,Web,Santa Fe,TARJETA DE DÉBITO,22211.33,2,15,2.0,,0,37759.26
PED-10383,2025-02-16,2076,41.0,Deportes,Web,GBA,Transferencia,38812.45,1,0,9.0,,0,38812.45
PED-13862,2025-01-05,2701,44.0,Juguetes,web,Otras,TARJETA DE CRÉDITO,15390.74,1,15,3.0,2.0,0,13082.13
PED-12934,2024-06-21,2460,58.0,Belleza,Marketplace,CABA,Tarjeta de débito,6985.09,1,0,7.0,4.0,0,6985.09
PED-13363,26/05/2024,2415,28.0,Belleza,Marketplace,caba,Tarjeta de crédito,17073.37,1,20,4.0,3.0,0,13658.7
PED-13201,2025-03-27,2783,37.0,Juguetes,Web,GBA,Tarjeta de crédito,17695.38,1,0,7.0,4.0,0,17695.38
PED-13103,2024-04-04,1740,,Belleza,web,Otras,TARJETA DE DÉBITO,14665.92,1,0,6.0,5.0,0,14665.92
PED-10612,2025-06-03,1494,37.0,ELECTRÓNICA,App,Otras,Efectivo,105324.94,2,0,7.0,,0,210649.88
PED-14644,2025-03-03,2554,40.0,Belleza,Web,Córdoba,mercadopago,18317.79,1,0,6.0,5.0,0,18317.79
PED-13418,2025-02-16,1697,71.0,Belleza, App ,Santa Fe,Tarjeta de crédito,11615.5,1,25,3.0,4.0,0,8711.62
PED-10984,2025-01-12,2264,53.0,Deportes,Web,caba,Tarjeta de crédito,30218.66,4,15,11.0,4.0,0,102743.44
PED-12564,2025-05-01,1526,20.0,Juguetes,App,GBA,Tarjeta de crédito,16977.56,2,0,2.0,,1,33955.12
PED-11244,2024-02-06,1683,18.0, Electrónica ,Web,Mendoza,Transferencia,162267.82,1,15,3.0,5.0,0,137927.65
PED-10721,2025-03-10,2727,33.0,Juguetes,App,,Tarjeta de crédito,19058.87,2,0,4.0,4.0,1,38117.74
PED-13163,2024-03-22,2642,44.0,Belleza,App,OTRAS,MERCADOPAGO,5576.48,5,0,8.0,5.0,0,27882.4
PED-10712,12/04/2025,1862,52.0,Electrónica,App,Córdoba,Tarjeta de crédito,197240.57,2,10,4.0,5.0,0,355033.03
PED-11197,2024-02-09,2307,39.0,Electrónica,App,GBA,Tarjeta de crédito,229401.08,1,10,1.0,,0,206460.97
PED-10522,2025-04-05,1826,41.0,Belleza,App,GBA,EFECTIVO,12198.1,1,15,5.0,4.0,0,10368.38
PED-14271,2024-02-08,1368,45.0,Electrónica,App,Santa Fe,Tarjeta de crédito,175339.09,2,0,4.0,4.0,0,350678.18
PED-12562,2024-09-02,1445,42.0,Hogar,Web,GBA,Tarjeta de crédito,29693.7,1,10,8.0,2.0,0,26724.33
PED-12690,2025-04-15,1763,40.0,belleza, Web ,CABA,Tarjeta de débito,16650.05,1,0,6.0,,0,16650.05
PED-11360,2024-11-12,2352,37.0,electrónica,web,GBA,Tarjeta de crédito,162268.01,4,10,2.0,5.0,0,584164.84
PED-13572,2024-03-08,1770,33.0,Indumentaria,Web,Mendoza,Tarjeta de débito,38483.79,1,0,7.0,4.0,0,38483.79
PED-11530,2024-10-29,2206,53.0,Indumentaria,App,GBA,Tarjeta de débito,15634.23,1,0,7.0,4.0,0,15634.23
PED-12914,2025-05-09,1417,26.0,Electrónica,Marketplace,Otras,MercadoPago,182665.27,1,10,10.0,4.0,0,164398.74
PED-11133,2024-11-14,1144,,Electrónica,App,Córdoba,transferencia,136270.6,4,0,4.0,5.0,0,545082.4
PED-14437,2025-05-20,2574,41.0,hogar,Web,gba,TARJETA DE CRÉDITO,47713.24,1,0,6.0,5.0,0,47713.24
PED-12597,22/01/2024,1220,46.0,Deportes,Web,CABA,EFECTIVO,44732.58,1,0,7.0,5.0,0,44732.58
PED-13987,2024-03-12,1704,25.0,hogar,Marketplace,CABA,Tarjeta de crédito,53453.1,1,10,3.0,4.0,0,48107.79
PED-13399,2025-06-12,2100,39.0,Indumentaria,App,GBA,Tarjeta de débito,28640.72,3,0,7.0,4.0,0,85922.16
PED-12032,2025-06-09,1146,53.0,INDUMENTARIA,Marketplace,CABA,TARJETA DE CRÉDITO,27415.69,2,10,3.0,2.0,1,49348.24
PED-11752,2025-06-09,2209,18.0,Indumentaria,app,GBA,Tarjeta de crédito,16423.79,4,0,1.0,4.0,0,65695.16
PED-14147,2024-09-09,1840,38.0, Hogar , Web ,Otras,Tarjeta de débito,58128.63,3,0,4.0,4.0,0,174385.89
PED-12353,23/06/2025,2125,50.0,Indumentaria,Marketplace,GBA,tarjeta de crédito,32609.61,1,5,7.0,,0,30979.13
PED-14187,2024-05-27,2558,46.0,Hogar,MARKETPLACE,GBA,tarjeta de crédito,45932.98,1,0,2.0,3.0,0,45932.98
PED-12086,2024-10-21,2273,35.0,deportes,Web,Mendoza,MercadoPago,24597.95,3,0,5.0,5.0,0,73793.85
PED-12639,2024-05-02,1335,36.0,Hogar,Marketplace,GBA,mercadopago,52797.82,1,0,3.0,,0,52797.82
PED-10495,2025-02-05,2073,23.0,Indumentaria,Marketplace,Otras,Tarjeta de crédito,24561.2,1,10,6.0,3.0,0,22105.08
PED-11825,2025-03-30,1028,40.0,Deportes,Marketplace,Córdoba,Transferencia,65386.67,1,0,1.0,,0,65386.67
PED-13239,2024-02-10,1976,36.0,Electrónica,MARKETPLACE,Córdoba,Tarjeta de débito,109336.62,1,0,1.0,3.0,0,109336.62
PED-13187,2025-02-17,1557,45.0,Indumentaria,Web,GBA,,30732.68,1,0,9.0,,0,30732.68
PED-11123,25/05/2024,2344,18.0,Indumentaria,Web,Otras,Tarjeta de crédito,17304.44,2,5,8.0,4.0,0,32878.44
PED-13325,09/11/2024,1851,30.0,Deportes,Marketplace,Santa Fe,tarjeta de débito,36788.25,1,5,4.0,4.0,0,34948.84
PED-13319,2024-06-01,2334,27.0,Deportes,App,CABA,Tarjeta de crédito,25605.5,1,10,4.0,5.0,0,23044.95
PED-10267,2024-11-18,1697,29.0,Electrónica,web,Santa Fe,Tarjeta de crédito,170621.49,1,10,3.0,4.0,0,153559.34
PED-13296,2024-07-25,1048,39.0,belleza,Marketplace,Córdoba,Efectivo,11225.48,1,0,4.0,4.0,0,11225.48
PED-12371,2024-04-02,1619,36.0,deportes,app,CABA,Efectivo,27737.14,1,0,5.0,3.0,0,27737.14
PED-12527,2024-12-30,1590,29.0,Indumentaria, Web ,Mendoza,Tarjeta de débito,14543.6,1,0,7.0,,0,14543.6
PED-11696,2024-10-13,2100,42.0,Hogar,Web,Santa Fe,TARJETA DE DÉBITO,58645.47,1,10,4.0,5.0,0,52780.92
PED-10325,2024-08-24,2043,44.0,Electrónica, App ,GBA,Tarjeta de crédito,287992.35,1,0,3.0,5.0,0,287992.35
PED-12340,2024-11-27,2310,45.0,Electrónica,web, CABA ,tarjeta de crédito,160104.64,1,25,8.0,5.0,0,120078.48
PED-14906,2024-09-12,1124,44.0,Electrónica,App,CABA,MercadoPago,107369.8,1,0,3.0,5.0,0,107369.8
PED-13918,2024-07-01,1089,36.0,Hogar,Web,CABA,Transferencia,35229.7,1,0,2.0,4.0,0,35229.7
PED-10519,2025-05-16,2789,18.0,Hogar,Web,GBA,Efectivo,36861.56,1,5,1.0,,0,35018.48
PED-11879,2024-02-12,2696,38.0,JUGUETES,Web,GBA,Transferencia,6368.76,1,0,1.0,5.0,0,6368.76
PED-13790,2024-10-05,1161,18.0,Deportes,Web,GBA,Efectivo,41598.18,1,0,8.0,5.0,0,41598.18
PED-10426,2025-02-01,1071,49.0,INDUMENTARIA,Web,Mendoza,TARJETA DE DÉBITO,23340.18,1,0,5.0,4.0,0,23340.18
PED-11872,2025-03-24,1429,47.0,Deportes,App,Mendoza,Tarjeta de débito,33823.66,2,20,2.0,,0,54117.86
PED-14260,2024-12-01,1470,25.0,Electrónica,App,GBA,Efectivo,132957.49,1,20,6.0,4.0,0,106365.99
PED-13305,2025-03-30,2019,67.0,Juguetes, Web ,santa fe,Transferencia,7441.29,3,0,4.0,4.0,0,22323.87
PED-12921,2024-05-16,1620,53.0,Electrónica,Marketplace,gba,Efectivo,169776.56,1,0,5.0,4.0,0,169776.56
PED-10727,2024-08-12,1698,33.0,Hogar,App,Otras,Tarjeta de crédito,36596.69,2,0,7.0,2.0,0,73193.38
PED-14636,2024-04-20,1406,0.0,Electrónica,Web,otras,Tarjeta de crédito,230588.7,1,0,4.0,4.0,0,230588.7
PED-10674,2024-05-24,2586,18.0,Deportes,App,CÓRDOBA,Tarjeta de crédito,30223.13,1,0,7.0,5.0,0,30223.13
PED-12912,2025-04-22,1591,63.0,Hogar,Web,Otras,Transferencia,65919.09,1,0,9.0,,0,65919.09
PED-12082,2024-03-14,2765,35.0,Indumentaria,Web,GBA,MercadoPago,17107.78,1,10,7.0,1.0,0,15397.0
PED-10224,2024-07-13,1386,53.0,Deportes,Web,CABA,,30005.02,1,0,6.0,,0,30005.02
PED-13359,2024-01-11,1303,, Hogar ,web,CABA,Transferencia,40716.51,1,0,2.0,4.0,0,40716.51
PED-13385,2024-09-01,1841,53.0,Indumentaria,MARKETPLACE,CABA,MercadoPago,23318.61,1,5,2.0,5.0,0,22152.68
PED-12057,2024-05-25,2066,27.0,Belleza,App,GBA,TARJETA DE CRÉDITO,13917.66,2,15,3.0,5.0,0,23660.02
PED-12790,2025-04-09,1079,22.0,Juguetes,Marketplace,Otras,Tarjeta de crédito,8509.01,3,5,6.0,,0,24250.68
PED-10065,2024-09-08,1776,44.0,Indumentaria, Web ,CABA,tarjeta de crédito,36559.29,1,10,8.0,5.0,0,32903.36
PED-10544,2025-05-25,1690,38.0,Deportes,Web,CABA,Tarjeta de débito,56751.41,2,0,3.0,,0,113502.82
PED-14979,2024-01-18,2766,18.0,Deportes,,CABA,MercadoPago,34062.19,1,5,7.0,5.0,0,32359.08
PED-11694,2025-03-28,2510,50.0,Indumentaria,app,CABA,MercadoPago,26181.74,3,0,6.0,5.0,0,78545.22
PED-10312,2024-04-15,2734,56.0,Juguetes,Marketplace,gba,Tarjeta de crédito,13948.94,1,0,1.0,4.0,0,13948.94
PED-13977,2024-07-26,1596,30.0,Deportes,App,Otras,Tarjeta de crédito,40502.89,1,15,5.0,5.0,0,34427.46
PED-12720,2024-08-22,1696,56.0,Electrónica,App, Otras ,Tarjeta de débito,192720.29,1,20,3.0,4.0,0,154176.23
PED-13669,2024-12-25,1866,34.0,Hogar,Web,Otras,tarjeta de crédito,42256.22,1,0,6.0,,0,42256.22
PED-10039,2025-01-22,2107,25.0,Deportes,Web,Santa Fe,MercadoPago,36738.84,2,25,4.0,4.0,0,55108.26
PED-13366,2025-02-15,2544,38.0,Electrónica,App,gba,MercadoPago,173092.15,1,15,7.0,4.0,0,147128.33
PED-10783,2025-03-23,1629,50.0,belleza,Web,CABA,MercadoPago,15534.86,1,10,4.0,,0,13981.37
PED-10514,2024-03-30,2637,20.0,Indumentaria,Web,Otras,Tarjeta de crédito,30503.44,1,10,4.0,5.0,0,27453.1
PED-14272,2024-02-29,1547,46.0,Belleza,Marketplace,Santa Fe,TARJETA DE DÉBITO,10544.19,2,0,5.0,5.0,0,21088.38
PED-11573,2024-06-02,2179,39.0,INDUMENTARIA,Marketplace,GBA,Efectivo,17403.47,1,0,6.0,5.0,0,17403.47
PED-10445,2024-06-13,1219,48.0,BELLEZA,APP,GBA,Efectivo,8063.97,1,0,5.0,5.0,0,8063.97
PED-14329,2024-10-17,1979,45.0,Indumentaria,Web,Córdoba,Tarjeta de crédito,10762.85,1,0,4.0,3.0,0,10762.85
PED-11096,17/04/2024,1838,18.0,Electrónica,Marketplace,CÓRDOBA, Tarjeta de crédito ,165147.73,1,0,3.0,3.0,0,165147.73
PED-10509,2025-02-11,2741,33.0,Indumentaria,Web,SANTA FE,Efectivo,23496.5,1,20,1.0,5.0,1,18797.2
PED-11586,2025-02-10,2384,41.0,Indumentaria,Web, GBA ,Transferencia,30766.38,1,10,4.0,,1,27689.74
PED-13180,2024-08-17,1513,19.0,Electrónica,Web,caba,Tarjeta de crédito,277804.9,1,15,3.0,5.0,0,236134.16
PED-14315,2024-11-05,2441,42.0,Belleza,App,CABA,Tarjeta de crédito,17219.35,1,15,5.0,5.0,0,14636.45
PED-12807,2025-04-01,1236,18.0,Indumentaria,Web,Santa Fe,Tarjeta de débito,6600.6,1,0,9.0,4.0,0,6600.6
PED-11550,2025-04-26,2494,48.0,Electrónica,App,Santa Fe,Tarjeta de débito,170994.51,1,0,4.0,2.0,1,170994.51
PED-14185,2024-11-30,2397,47.0,Belleza,Web,CABA,TARJETA DE CRÉDITO,12956.66,2,15,7.0,4.0,0,22026.32
PED-13676,2024-02-18,2044,36.0,Hogar,Web,GBA,TARJETA DE CRÉDITO,35268.69,1,0,8.0,4.0,0,35268.69
PED-14593,2024-01-12,2329,25.0, Hogar ,MARKETPLACE,Otras,Tarjeta de débito,50374.08,5,15,2.0,4.0,0,214089.84
PED-11683,2024-02-27,1540,50.0,Belleza,Web,Mendoza,Tarjeta de crédito,3811.96,1,0,2.0,2.0,0,3811.96
PED-13302,06/12/2024,1513,32.0,Electrónica,APP,gba,Transferencia,150680.77,1,0,7.0,4.0,0,150680.77
PED-11261,2024-08-14,2669,33.0, Hogar ,Web,Mendoza,TARJETA DE DÉBITO,66379.26,2,20,6.0,5.0,1,106206.82
PED-12987,06/10/2024,1066,36.0,Electrónica,App,CABA,Transferencia,261312.32,1,0,8.0,5.0,0,261312.32
PED-11341,2025-02-04,2539,31.0,Hogar,Marketplace,CABA,MercadoPago,28620.5,1,0,4.0,3.0,0,28620.5
PED-10611,2025-01-08,2150,45.0,Hogar,Web,GBA,efectivo,48332.1,1,0,6.0,4.0,0,48332.1
PED-13644,2024-08-21,2122,54.0,Indumentaria,web,CABA,Tarjeta de débito,23163.73,2,0,4.0,2.0,0,46327.46
PED-12823,2024-05-03,2331,18.0,INDUMENTARIA,WEB,Córdoba,Tarjeta de débito,25930.26,4,10,3.0,5.0,0,93348.94
PED-12027,2024-01-20,2512,26.0,Juguetes,App,Mendoza,Tarjeta de crédito,9924.19,2,0,3.0,,0,19848.38
PED-14003,2025-01-22,2553,50.0, Juguetes ,Web,GBA,Transferencia,8372.58,4,5,1.0,1.0,0,31815.8
PED-14367,2024-02-12,1642,31.0,deportes,app,CABA,TARJETA DE DÉBITO,27382.6,1,0,9.0,4.0,0,0.0
PED-13881,04/04/2025,2491,0.0,Indumentaria,Web,CABA, Tarjeta de débito ,23902.11,1,0,7.0,4.0,1,23902.11
PED-10217,2024-06-11,2165,18.0,indumentaria,,caba,Tarjeta de débito,29107.33,1,0,9.0,4.0,1,29107.33
PED-11969,2024-12-18,1619,30.0,HOGAR,WEB,CABA,Tarjeta de crédito,72124.21,1,0,6.0,5.0,0,72124.21
PED-13351,2024-10-15,1328,22.0,Hogar,APP,GBA,tarjeta de crédito,48011.45,1,0,2.0,5.0,0,48011.45
PED-11386,2024-03-27,2190,31.0,indumentaria,App,GBA,Tarjeta de crédito,49301.91,1,0,5.0,5.0,1,49301.91
PED-12389,2024-02-10,1632,50.0,Electrónica,Web,GBA,Efectivo,195645.9,1,0,8.0,5.0,0,195645.9
PED-14778,2025-04-29,2043,39.0,belleza,App,CABA,tarjeta de crédito,12914.08,1,0,5.0,5.0,0,12914.08
PED-12430,2025-03-29,2429,37.0,Deportes,Marketplace,Otras,,41517.29,1,5,2.0,5.0,0,39441.43
PED-14537,2024-07-03,1325,27.0,Indumentaria,Web,Córdoba,Tarjeta de crédito,6263.37,4,0,7.0,3.0,0,25053.48
PED-12242,20/02/2025,2372,62.0,belleza,Web,Otras,MercadoPago,6558.36,1,5,4.0,5.0,1,6230.44
PED-14171,2024-10-07,2060,30.0,Electrónica,Web,Otras,Transferencia,131171.95,1,10,2.0,4.0,0,118054.76
PED-12756,2024-05-28,2286,43.0,deportes,Web,SANTA FE,MercadoPago,19845.31,4,15,6.0,4.0,0,67474.05
PED-14314,04/02/2025,1229,39.0,INDUMENTARIA,App,CABA,,38373.51,2,0,3.0,,1,76747.02
PED-12145,26/02/2024,1927,30.0,Electrónica,Web,GBA,Tarjeta de crédito,92951.54,1,5,2.0,5.0,0,88303.96
PED-13196,2024-04-09,2053,26.0,Hogar, Web ,CABA,Tarjeta de débito,70187.83,5,0,5.0,1.0,0,350939.15
PED-13220,2024-08-24,2761,25.0,indumentaria,Marketplace,CABA,Tarjeta de débito,15427.52,2,5,1.0,5.0,0,29312.29
PED-12699,05/04/2024,2499,40.0,Juguetes,Web,,Tarjeta de crédito,11010.37,1,20,1.0,,0,8808.3
PED-14308,2025-04-06,1008,31.0,Juguetes,App,Otras, Efectivo ,13940.67,1,0,4.0,4.0,0,13940.67
PED-10858,2025-02-21,2619,47.0,electrónica,app,Santa Fe,Tarjeta de débito,153849.25,1,25,5.0,2.0,0,115386.94
PED-10089,2024-08-18,1049,41.0,Electrónica,App,GBA,Tarjeta de crédito,232779.15,2,0,6.0,4.0,0,465558.3
PED-13912,2024-12-16,2585,84.0,Indumentaria,App,Otras,Tarjeta de crédito,23214.79,2,0,9.0,4.0,0,46429.58
PED-11251,2024-01-17,1523,39.0,Indumentaria,Marketplace,GBA,Tarjeta de crédito,28750.41,2,10,8.0,5.0,0,51750.74
PED-10560,2025-03-24,1640,28.0,Indumentaria,App,Mendoza,Tarjeta de crédito,12305.69,1,0,5.0,5.0,0,12305.69
PED-13480,2025-05-04,2779,50.0,Indumentaria,Web,Santa Fe,MercadoPago,16382.64,1,0,3.0,5.0,0,16382.64
PED-10649,2025-04-18,1785,19.0,Electrónica,Web,GBA,Tarjeta de crédito,115314.21,1,15,10.0,,0,98017.08
PED-13511,2024-06-04,1329,36.0,Hogar,Marketplace,CABA,Tarjeta de crédito,20912.1,1,5,1.0,2.0,0,19866.5
PED-11305,2024-11-04,1936,27.0,Electrónica,Web,Santa Fe,TARJETA DE DÉBITO,-294871.61,1,15,9.0,5.0,0,250640.87
PED-13213,2024-03-08,2482,50.0,INDUMENTARIA,WEB,Córdoba,transferencia,18170.67,1,10,1.0,4.0,0,16353.6
PED-12676,2024-01-10,1339,27.0,Deportes,App,Otras,MercadoPago,36501.18,1,0,9.0,4.0,0,36501.18
PED-14727,2025-04-26,2522,63.0,Hogar,APP,CABA,Transferencia,43147.67,1,0,6.0,4.0,0,43147.67
PED-11527,23/04/2024,1498,,Belleza,Web,CABA,Tarjeta de crédito,5859.46,2,20,5.0,5.0,0,9375.14
PED-11662,2024-10-06,2666,45.0,Electrónica,APP,GBA,Efectivo,58750.59,1,0,7.0,5.0,0,58750.59
PED-14290,2025-03-29,2419,44.0,Deportes,WEB,CABA,MercadoPago,20759.62,3,0,3.0,1.0,0,62278.86
PED-14604,08/07/2024,2763,41.0,INDUMENTARIA,Web,Córdoba,,17828.08,1,0,3.0,4.0,0,17828.08
PED-14474,2024-12-20,2689,21.0,HOGAR,App,Santa Fe,Tarjeta de débito,692.55,1,0,3.0,5.0,0,692.55
PED-11310,2024-12-14,2606,30.0,Electrónica,App,CABA,Transferencia,128719.78,1,0,3.0,5.0,1,128719.78
PED-11111,2025-03-15,1661,18.0,Deportes,Marketplace, CABA ,MercadoPago,42162.64,1,5,1.0,5.0,0,40054.51
PED-14334,2025-05-22,1438,44.0,Indumentaria,APP,GBA,transferencia,23577.22,1,0,6.0,3.0,0,0.0
PED-10008,2024-08-02,1573,50.0,Deportes,WEB,,Transferencia,45146.89,1,0,6.0,5.0,1,45146.89
PED-14805,2024-07-10,1661,18.0,ELECTRÓNICA,Marketplace,,Tarjeta de crédito,203728.19,1,0,1.0,4.0,0,203728.19
PED-12318,2025-04-21,2172,36.0,Deportes,Web,GBA,Efectivo,43852.71,1,5,1.0,4.0,0,41660.07
PED-13048,2024-07-09,1160,66.0,ELECTRÓNICA,Web,Otras,TARJETA DE DÉBITO,92968.57,1,0,8.0,4.0,0,92968.57
PED-13487,2025-06-11,2505,56.0,deportes,Web,GBA,Transferencia,16875.01,1,0,6.0,,0,16875.01
PED-11070,2025-04-21,2235,39.0,Indumentaria,,Córdoba,Tarjeta de crédito,20973.75,1,15,6.0,5.0,0,17827.69
PED-12824,2025-04-15,1551,54.0,Juguetes,Web,GBA,Transferencia,8299.72,3,0,1.0,,0,24899.16
PED-11849,2025-03-11,1966,46.0,Hogar,Web,CABA,Tarjeta de crédito,39040.55,2,0,5.0,3.0,0,78081.1
PED-10809,2024-05-09,1586,35.0,Indumentaria, App ,Mendoza,Tarjeta de débito,29929.44,1,0,8.0,5.0,0,29929.44
PED-13786,2024-09-29,1700,40.0, Electrónica ,App,MENDOZA,Tarjeta de débito,222263.0,2,15,3.0,1.0,0,377847.1
PED-10336,2024-03-09,1829,56.0,Electrónica,Web,GBA,Efectivo,115279.1,2,20,1.0,4.0,0,184446.56
PED-12307,2025-01-10,1453,26.0,Hogar,App,CABA,Transferencia,32901.8,2,0,9.0,5.0,0,65803.6
PED-14465,2025-06-03,1561,32.0,Indumentaria,marketplace,CABA,,23215.65,1,0,2.0,4.0,1,23215.65
PED-10733,2024-11-15,1214,52.0,Deportes,MARKETPLACE,GBA,MercadoPago,50482.24,1,0,6.0,5.0,0,50482.24
PED-13595,2025-02-28,2310,21.0,Hogar,Marketplace,GBA,Tarjeta de crédito,48633.57,1,5,4.0,5.0,0,46201.89
PED-13532,2025-03-30,2750,41.0,Hogar,web,CABA, Efectivo ,46324.34,1,0,2.0,3.0,0,46324.34
PED-11169,2025-06-24,1302,22.0,Indumentaria,Marketplace,CABA,Tarjeta de crédito,12776.4,1,0,2.0,5.0,0,12776.4
PED-11955,2025-06-17,1461,24.0,Juguetes,App,Santa Fe,TARJETA DE DÉBITO,15454.26,1,15,3.0,5.0,0,13136.12
PED-10897,2024-07-12,1645,35.0, Hogar ,Marketplace,gba,Tarjeta de crédito,55595.2,3,10,5.0,5.0,0,150107.04
PED-14353,2024-12-29,1321,43.0,Hogar,MARKETPLACE,CABA,TARJETA DE CRÉDITO,43272.93,5,0,1.0,5.0,0,216364.65
PED-13776,2024-10-13,1026,26.0,BELLEZA, Web ,CABA,Tarjeta de crédito,23875.72,1,0,8.0,4.0,0,23875.72
PED-11146,2024-08-13,1199,37.0, Belleza ,Web,GBA,TARJETA DE CRÉDITO,20737.32,1,0,4.0,4.0,0,20737.32
PED-10776,2024-08-12,2128,44.0,Indumentaria,App,caba,TARJETA DE DÉBITO,-15123.11,1,0,8.0,4.0,0,15123.11
PED-14887,2025-03-22,1535,61.0,Electrónica,APP,Santa Fe,Tarjeta de débito,286083.73,2,0,1.0,4.0,0,572167.46
PED-14202,2025-03-16,1850,49.0,Deportes,Marketplace,,,32431.97,1,0,3.0,5.0,0,32431.97
PED-13966,2025-03-14,1885,22.0,Belleza,Marketplace, GBA ,MERCADOPAGO,8644.35,1,0,2.0,3.0,0,8644.35
PED-14360,2024-06-19,1243,28.0,electrónica,App,Córdoba,MercadoPago,312260.93,3,15,9.0,5.0,0,796265.37
PED-12315,2024-05-06,2157,58.0,Indumentaria,Marketplace,Otras,MercadoPago,27054.69,2,0,5.0,4.0,0,54109.38
PED-12841,2024-01-26,2010,57.0,Belleza,App,GBA,Tarjeta de débito,15852.45,2,0,5.0,5.0,0,31704.9
PED-10808,2024-11-19,2689,35.0,Electrónica,Web,GBA,Efectivo,230264.84,1,10,3.0,5.0,0,207238.36
PED-14426,29/09/2024,2782,61.0,Hogar,App,GBA,Tarjeta de débito,59847.52,1,0,8.0,4.0,0,59847.52
PED-13565,2024-12-20,2221,49.0,Juguetes,APP,Otras,Tarjeta de débito,10991.07,1,0,3.0,2.0,0,10991.07
PED-12842,2024-01-25,1157,31.0,Electrónica,Web,Córdoba,Tarjeta de débito,166520.16,4,25,7.0,4.0,1,499560.48
PED-11200,2024-08-03,1587,35.0,Deportes,Marketplace,CABA,Tarjeta de crédito,52671.01,2,0,3.0,4.0,0,105342.02
PED-10054,2024-01-02,2669,33.0,Indumentaria,Web,GBA,Transferencia,21128.8,4,0,2.0,5.0,0,84515.2
PED-13226,2024-02-23,1614,18.0,Juguetes,web,Mendoza,Tarjeta de débito,18377.22,1,0,1.0,4.0,0,18377.22
PED-10497,2024-08-20,1365,20.0,hogar, Marketplace ,CABA,Tarjeta de crédito,31827.0,1,10,4.0,1.0,0,28644.3
PED-13328,2024-05-16,1653,40.0,Deportes,MARKETPLACE,GBA,Tarjeta de débito,45873.38,2,20,6.0,4.0,0,73397.41
PED-14845,2025-04-26,2201,,Belleza,Marketplace,GBA,Tarjeta de débito,11664.99,1,0,7.0,4.0,0,11664.99
PED-10833,2024-02-20,1264,18.0,Indumentaria,Web,Otras,Tarjeta de débito,18720.66,1,0,1.0,5.0,0,18720.66
PED-10791,2025-03-16,2163,52.0, Deportes ,app,Santa Fe,TARJETA DE DÉBITO,1924.43,1,5,4.0,5.0,0,1828.21
PED-14907,2024-08-09,1804,24.0,Indumentaria,App,GBA,Tarjeta de crédito,31350.62,1,20,3.0,5.0,0,25080.5
PED-10834,2024-01-29,2159,38.0,indumentaria,Web,CABA,Transferencia,20652.33,1,0,1.0,4.0,0,20652.33
PED-13112,24/07/2024,1478,18.0,Electrónica,Web,Otras,MercadoPago,196252.26,1,0,1.0,5.0,0,196252.26
PED-11974,2024-01-30,1801,38.0,Indumentaria, App ,GBA,Transferencia,19501.89,1,0,3.0,5.0,0,19501.89
PED-13458,2024-02-17,2481,,INDUMENTARIA,Web,MENDOZA,TARJETA DE DÉBITO,42770.47,1,0,4.0,5.0,0,42770.47
PED-14494,2024-09-09,2267,30.0,DEPORTES,App,CABA,Transferencia,25450.29,2,0,8.0,5.0,1,50900.58
PED-14703,2024-01-28,1177,61.0,Belleza,App,Mendoza,Tarjeta de crédito,14648.16,2,5,5.0,4.0,0,27831.5
PED-10754,2024-10-22,1210,49.0,Deportes,APP,GBA,Transferencia,12473.41,2,0,4.0,5.0,0,24946.82
PED-13639,2024-09-12,1123,35.0,INDUMENTARIA,App,Córdoba,tarjeta de débito,34887.59,1,0,8.0,5.0,0,34887.59
PED-11438,2025-05-16,2271,18.0, Hogar ,Web,Córdoba,Efectivo,42888.82,1,0,7.0,5.0,0,42888.82
PED-14503,2024-12-22,1510,41.0,Indumentaria,Web,Otras, Tarjeta de crédito ,20757.09,1,5,2.0,4.0,0,19719.24
PED-14291,2024-02-05,2497,29.0,HOGAR,App,CABA,Tarjeta de crédito,54366.7,2,0,4.0,5.0,1,108733.4
PED-13818,2024-11-03,1463,,Hogar, Web ,otras,MERCADOPAGO,12311.34,2,10,3.0,5.0,0,22160.41
PED-10063,31/03/2025,2062,37.0,Electrónica,App,Córdoba,MercadoPago,154525.19,1,10,6.0,5.0,0,139072.67
PED-14610,01/04/2024,1029,55.0,Deportes,Web, Mendoza ,Tarjeta de crédito,54534.86,1,15,6.0,4.0,0,46354.63
PED-12867,2024-05-01,1754,46.0,deportes,Marketplace,Otras,Efectivo,32212.76,1,0,8.0,,0,32212.76
PED-12130,2025-05-04,1139,46.0,Electrónica,marketplace,Córdoba,Tarjeta de crédito,175574.19,3,15,6.0,4.0,0,447714.18
PED-10532,2025-01-08,2251,33.0,Belleza,Web,GBA,Efectivo,18865.12,1,0,4.0,5.0,0,18865.12
PED-11538,2024-12-26,2713,50.0,juguetes,Marketplace,OTRAS,Tarjeta de crédito,12301.11,1,0,5.0,5.0,0,12301.11
PED-11281,2024-05-09,1063,43.0,Electrónica,app,CABA,Tarjeta de crédito,135066.38,2,0,2.0,4.0,0,270132.76
PED-12926,2024-09-11,2491,37.0,Deportes,Web,Otras,Tarjeta de crédito,41808.83,1,0,1.0,5.0,0,41808.83
PED-10574,2025-01-23,1375,18.0,Hogar,App,Santa Fe,TARJETA DE DÉBITO,23355.18,1,10,2.0,2.0,0,21019.66
PED-13718,2025-02-02,2312,40.0,DEPORTES,App,Otras,Efectivo,29201.5,1,5,1.0,3.0,0,27741.42
PED-11595,2024-11-29,1735,20.0,JUGUETES,app,CABA,Tarjeta de crédito,18543.34,1,5,7.0,4.0,0,17616.17
PED-13582,2024-07-09,1502,26.0,Hogar,App,CABA,Tarjeta de débito,68136.84,1,0,6.0,5.0,0,68136.84
PED-11674,2025-02-28,2552,26.0,Indumentaria,Marketplace,GBA,TARJETA DE CRÉDITO,34525.55,1,0,3.0,5.0,0,34525.55
PED-11040,2024-10-01,2505,47.0,Electrónica,Web,Santa Fe,Transferencia,387000.59,1,0,9.0,3.0,0,387000.59
PED-10463,2024-03-31,2053,33.0,Hogar,Marketplace,Córdoba,MercadoPago,14976.77,1,0,6.0,2.0,0,14976.77
PED-14582,2024-08-13,2021,35.0,Juguetes,app,Santa Fe,Tarjeta de débito,13079.39,1,0,6.0,5.0,0,13079.39
PED-13701,2024-08-25,1023,42.0,Hogar,web,,Transferencia,48422.33,1,5,7.0,3.0,0,46001.21
PED-14529,2024-01-22,1674,18.0,Belleza,Web,GBA,Tarjeta de crédito,10876.8,1,15,5.0,5.0,0,9245.28
PED-10636,2024-08-26,2557,27.0,Juguetes,App,Santa Fe,tarjeta de débito,20254.31,2,0,5.0,3.0,0,40508.62
PED-11521,11/07/2024,2208,52.0,Belleza,MARKETPLACE,córdoba,Efectivo,12555.7,1,0,5.0,3.0,0,12555.7
PED-13902,2024-07-13,1600,38.0,Juguetes,WEB,caba,Tarjeta de crédito,18722.7,1,0,5.0,4.0,0,18722.7
PED-12910,27/12/2024,1420,45.0,Deportes,marketplace,gba,MercadoPago,39924.28,1,5,4.0,5.0,0,37928.07
PED-13466,2025-04-24,1304,50.0,Hogar,App,GBA,Tarjeta de crédito,49013.38,1,10,6.0,5.0,0,44112.04
PED-13866,2024-10-25,1816,35.0,Hogar,Web,Santa Fe,Transferencia,17938.28,1,10,4.0,5.0,0,16144.45
PED-13800,2024-01-02,2324,59.0,Indumentaria,Marketplace,GBA,Tarjeta de débito,32065.23,1,0,1.0,3.0,0,32065.23
PED-13708,2024-09-03,1848,44.0,Juguetes, Web ,CABA,Tarjeta de débito,11620.98,1,20,4.0,3.0,0,9296.78
PED-13171,2024-07-26,1199,38.0,Electrónica,App,GBA,Efectivo,201882.44,1,5,8.0,5.0,0,191788.32
PED-13998,2024-01-05,1664,32.0,ELECTRÓNICA,Web,GBA,Tarjeta de crédito,164616.55,1,0,4.0,5.0,0,164616.55
PED-13849,2024-05-18,1257,33.0,Indumentaria,APP,CABA,TARJETA DE CRÉDITO,22062.48,1,10,5.0,4.0,0,19856.23
PED-11727,2025-03-24,1114,28.0,Belleza, Marketplace ,CABA,Tarjeta de crédito,9987.99,2,0,4.0,,0,19975.98
PED-11892,2024-07-29,2203,32.0,Electrónica,MARKETPLACE,GBA,Tarjeta de débito,207783.78,1,0,5.0,4.0,0,207783.78
PED-14872,2024-03-27,1173,28.0,Indumentaria,App,otras,Tarjeta de débito,24578.46,1,25,9.0,4.0,0,18433.84
PED-11063,2024-03-26,2136,43.0,HOGAR,web,Otras,Tarjeta de crédito,51260.34,2,10,4.0,1.0,0,92268.61
PED-12129,2024-06-26,2118,27.0,ELECTRÓNICA,app,CABA,Tarjeta de débito,188903.04,3,25,4.0,4.0,0,425031.84
PED-11742,2024-01-12,2590,51.0,Indumentaria,Web,caba,Tarjeta de crédito,22586.58,3,15,8.0,3.0,0,57595.78
PED-14983,2024-10-21,2621,28.0, Electrónica ,Web,GBA,Tarjeta de crédito,148257.32,1,20,5.0,5.0,0,118605.86
PED-10706,2025-06-26,2737,47.0,Belleza,App,otras,Tarjeta de crédito,10821.72,1,5,4.0,3.0,0,10280.63
PED-13115,2024-06-27,1570,30.0,Indumentaria,Web,caba,TARJETA DE CRÉDITO,38153.72,1,0,5.0,5.0,0,38153.72
PED-13968,2024-04-20,1753,54.0, Electrónica ,Web,Córdoba,Transferencia,174602.59,1,0,4.0,4.0,0,174602.59
PED-11552,2024-10-05,2063,29.0,Electrónica,App,Santa Fe,Tarjeta de crédito,136585.27,1,0,2.0,4.0,0,136585.27
PED-12474,2024-07-14,1857,46.0,Indumentaria,App,GBA, Tarjeta de crédito ,16197.22,2,0,1.0,5.0,0,32394.44
PED-11167,2024-09-23,2081,26.0,Belleza,App,Santa Fe,Tarjeta de crédito,14655.04,1,0,7.0,3.0,0,14655.04
PED-14074,2025-01-22,2455,18.0,juguetes,App,GBA,TARJETA DE DÉBITO,21535.65,1,0,3.0,5.0,0,21535.65
PED-13853,2024-03-03,2380,49.0,Indumentaria,WEB,Otras,Tarjeta de débito,35380.79,1,10,7.0,1.0,0,31842.71
PED-12619,2024-05-20,1946,28.0,Indumentaria,App,GBA,tarjeta de débito,28117.45,1,20,4.0,4.0,0,22493.96
PED-10179,2025-05-25,1704,31.0,Electrónica,Web,GBA,Tarjeta de crédito,101039.52,1,0,7.0,1.0,1,101039.52
PED-13981,2025-05-10,1621,41.0,Juguetes,Marketplace,GBA,Tarjeta de crédito,15720.38,1,0,6.0,5.0,1,15720.38
PED-13179,09/05/2025,2427,35.0,Juguetes,App,CABA,Tarjeta de crédito,16011.52,1,20,5.0,5.0,0,12809.22
PED-10492,2024-08-14,1293,35.0,Juguetes,App,Santa Fe,Tarjeta de crédito,24218.77,5,25,9.0,5.0,0,90820.39
PED-13635,2024-06-03,2653,31.0,HOGAR,Marketplace,CABA,Tarjeta de crédito,47188.44,1,5,7.0,,0,44829.02
PED-13253,2024-10-22,2248,39.0,Hogar,MARKETPLACE,CABA,Tarjeta de crédito,44453.75,1,0,8.0,5.0,0,44453.75
PED-12226,2025-01-06,1214,59.0,Indumentaria,App,Otras,Tarjeta de crédito,14716.36,2,5,1.0,2.0,0,27961.08
PED-14292,2025-02-23,2257,44.0,belleza,Web,Otras,Tarjeta de débito,5069.0,3,10,5.0,4.0,0,13686.3
PED-11026,2024-08-04,2543,69.0,Indumentaria,WEB,Otras,Tarjeta de crédito,20810.83,3,0,9.0,5.0,0,62432.49
PED-11278,2024-09-27,2276,36.0,electrónica, Web ,GBA,tarjeta de débito,202360.59,1,15,6.0,2.0,0,172006.5
PED-12411,2025-03-06,2058,28.0,Belleza,Web,Córdoba,Tarjeta de crédito,7544.47,5,20,9.0,5.0,0,30177.88
PED-12379,2024-05-15,2348,30.0,BELLEZA,web, GBA ,Tarjeta de débito,7526.34,1,10,3.0,4.0,0,6773.71
PED-14930,2024-10-17,1198,,electrónica,Web,Santa Fe,MercadoPago,140029.04,1,0,5.0,3.0,0,140029.04
PED-12328,2024-07-19,2364,32.0, Hogar ,Marketplace,Otras,MercadoPago,16941.47,2,0,6.0,5.0,0,33882.94
PED-10887,31/10/2024,2394,18.0,Hogar,,santa fe,tarjeta de crédito,38667.11,1,15,5.0,5.0,0,32867.04
PED-14562,2025-01-30,2219,41.0,Indumentaria,App,GBA,Tarjeta de crédito,29758.81,1,0,5.0,3.0,0,29758.81
PED-11282,2024-03-24,1357,18.0,Hogar,App,GBA,Tarjeta de crédito,36458.47,1,0,5.0,5.0,0,36458.47
PED-11898,2024-09-17,1121,28.0,Juguetes,web,CABA,Transferencia,8949.67,2,15,8.0,5.0,0,15214.44
PED-14710,2024-09-05,1926,0.0,Belleza,APP,CABA,,18587.17,1,0,9.0,5.0,0,18587.17
PED-14460,2025-04-22,2772,45.0,Electrónica,App,CABA,Tarjeta de crédito,179861.5,1,0,7.0,4.0,0,179861.5
PED-13797,2024-06-04,2168,21.0,Juguetes,Marketplace,Córdoba,Tarjeta de crédito,19832.98,1,25,9.0,1.0,0,14874.74
PED-14418,08/11/2024,1285,32.0,belleza,WEB,GBA,MercadoPago,17410.25,1,10,3.0,4.0,0,15669.22
PED-10767,2024-03-29,1477,33.0,Electrónica,Web,CABA,tarjeta de crédito,167913.72,1,5,4.0,4.0,0,159518.03
PED-14518,2024-09-30,1980,35.0,Indumentaria, Web ,Córdoba,tarjeta de crédito,41307.96,1,0,6.0,4.0,0,41307.96
PED-13668,2024-02-25,2278,22.0,Deportes,web,CABA,MercadoPago,48730.6,1,15,5.0,5.0,0,41421.01
PED-14496,2025-01-17,1109,,Indumentaria,marketplace,Córdoba,transferencia,28563.55,1,0,5.0,5.0,0,28563.55
PED-11391,2024-05-01,1953,30.0,INDUMENTARIA,App,CABA,Tarjeta de crédito,21522.73,2,0,9.0,3.0,0,43045.46
PED-13070,2024-09-01,1136,60.0,Belleza,App,CABA,Tarjeta de crédito,7694.77,1,0,6.0,5.0,0,7694.77
PED-13720,2024-09-27,1365,30.0,Hogar,Web, Otras ,tarjeta de crédito,67682.57,1,0,9.0,,0,67682.57
PED-12208,2024-05-08,1147,45.0,Hogar,MARKETPLACE,CABA,mercadopago,59853.78,1,5,3.0,1.0,0,56861.09
PED-10782,2024-06-27,1530,28.0,Juguetes,Marketplace,CABA,tarjeta de débito,4537.08,1,5,4.0,1.0,0,4310.23
PED-10647,2024-02-25,2195,44.0,Indumentaria,Web,Córdoba,Tarjeta de crédito,23441.03,1,0,1.0,5.0,1,23441.03
PED-13044,2025-03-11,1985,54.0,Belleza,Web,,Tarjeta de crédito,4218.51,1,0,2.0,4.0,0,4218.51
PED-13605,2025-03-09,1005,58.0, Indumentaria ,Marketplace,CABA,Efectivo,14825.53,1,15,3.0,2.0,0,12601.7
PED-13997,2024-01-26,1022,,Hogar,Web,GBA,Tarjeta de débito,38544.86,1,0,3.0,5.0,0,38544.86
PED-11484,2024-07-16,1199,18.0,Indumentaria,App,,TRANSFERENCIA,27000.74,1,25,3.0,4.0,0,20250.56
PED-13535,2024-08-17,1075,26.0,Electrónica,MARKETPLACE,CABA,Transferencia,47383.91,3,5,4.0,5.0,0,135044.14
PED-12056,2025-04-25,2180,37.0,Indumentaria,Web,GBA,tarjeta de débito,10637.55,1,0,11.0,1.0,0,10637.55
PED-12473,2024-01-07,1618,27.0,Deportes,Marketplace,GBA,Efectivo,36879.77,1,0,10.0,3.0,1,36879.77
PED-11057,2025-05-03,2288,65.0,Indumentaria,Web,Córdoba, Tarjeta de crédito ,24688.95,1,10,4.0,5.0,0,22220.06
PED-10798,2025-05-31,2534,23.0,Belleza,App,CABA,tarjeta de crédito,10545.32,2,10,5.0,3.0,1,18981.58
PED-14218,2024-04-16,2156,47.0,Indumentaria,App,Otras,,18836.71,1,0,3.0,5.0,0,18836.71
PED-13390,2024-03-11,1359,29.0,Deportes,Web,CABA,Tarjeta de crédito,41354.04,2,0,3.0,5.0,0,82708.08
PED-11110,2024-09-28,2207,24.0, Belleza ,Marketplace,mendoza,MercadoPago,10790.07,3,0,4.0,4.0,0,32370.21
PED-13178,2024-08-06,2552,40.0,hogar,Web,mendoza,MERCADOPAGO,61307.2,5,0,1.0,4.0,0,306536.0
PED-14890,2024-11-12,2183,57.0,Juguetes,Marketplace,Córdoba,Tarjeta de crédito,18297.86,1,5,2.0,2.0,0,17382.97
PED-10256,2024-10-06,2456,31.0,Electrónica,Web,gba,Tarjeta de crédito,196685.24,1,25,9.0,4.0,1,147513.93
PED-13646,10/08/2024,1149,31.0,ELECTRÓNICA,Marketplace,GBA,Transferencia,175980.24,1,0,6.0,4.0,0,175980.24
PED-11692,2024-09-20,1416,30.0, Hogar ,Web,CABA,Tarjeta de crédito,35879.97,5,0,10.0,3.0,0,179399.85
PED-10696,2024-10-15,2133,57.0,Hogar,Web,Santa Fe,Tarjeta de débito,32313.98,2,0,3.0,3.0,0,64627.96
PED-10966,2024-12-24,1433,82.0,Belleza,Web,GBA,Efectivo,16386.42,1,15,6.0,3.0,0,0.0
PED-10132,2024-09-15,2467,18.0, Belleza ,Marketplace,Santa Fe,Tarjeta de débito,19274.08,2,0,7.0,1.0,0,38548.16
PED-10213,2025-04-17,1051,31.0,Indumentaria,web,GBA,Tarjeta de débito,37638.61,1,0,999.0,5.0,0,37638.61
PED-12445,2024-08-10,1336,27.0,ELECTRÓNICA, Marketplace ,caba,tarjeta de débito,154701.28,1,0,3.0,4.0,0,154701.28
PED-10200,2024-07-26,1394,34.0,Juguetes,WEB,GBA,TARJETA DE DÉBITO,15336.67,1,10,8.0,3.0,0,13803.0
PED-11288,2024-01-21,2719,22.0, Indumentaria ,app,GBA,Tarjeta de crédito,27349.66,3,10,1.0,4.0,0,73844.08
PED-10059,2024-06-10,1325,42.0, Indumentaria , Web ,gba,Tarjeta de débito,25238.99,1,15,2.0,4.0,0,21453.14
PED-11301,2024-07-26,1216,45.0,Belleza,Marketplace,GBA,Tarjeta de crédito,11679.07,1,0,4.0,1.0,0,11679.07
PED-12883,2024-06-09,1863,52.0,Hogar,Web,GBA,Transferencia,41552.9,1,0,3.0,4.0,0,41552.9
PED-14109,2025-01-09,1339,39.0,Electrónica,app,Otras,Transferencia,120690.48,1,5,1.0,,0,114655.96
PED-12872,21/03/2025,2326,58.0,Hogar,Web,GBA,Tarjeta de débito,47044.93,2,0,6.0,4.0,0,94089.86
PED-11315,2024-07-24,2642,56.0,Juguetes,Web,GBA,Tarjeta de débito,12950.06,1,0,7.0,2.0,0,12950.06
PED-12207,2024-01-16,2408,19.0,Deportes,Web,CABA,Tarjeta de crédito,52549.07,1,0,4.0,5.0,0,52549.07
PED-10429,2024-06-11,1446,20.0,Deportes,Web,GBA,MercadoPago,32939.94,1,0,7.0,,0,32939.94
PED-14583,2025-02-28,1099,,Indumentaria,App,CABA,Tarjeta de crédito,15157.86,4,0,7.0,4.0,0,60631.44
PED-11141,2024-08-30,2782,40.0,Indumentaria,Web,CABA,TARJETA DE DÉBITO,26365.07,5,0,3.0,5.0,0,131825.35
PED-10555,2024-03-18,1762,44.0, Electrónica ,Marketplace,GBA,TARJETA DE CRÉDITO,92092.48,1,15,5.0,5.0,1,78278.61
PED-10626,2024-08-20,1285,19.0,Indumentaria,Web,Mendoza,Tarjeta de débito,33477.07,1,10,6.0,4.0,0,30129.36
PED-11668,2024-06-15,1247,37.0,Deportes,App, CABA ,Tarjeta de crédito,33361.29,1,0,3.0,4.0,0,33361.29
PED-10762,2025-01-13,1242,18.0,Belleza,Marketplace,Otras, Tarjeta de débito ,12318.46,1,10,8.0,5.0,0,11086.61
PED-13218,2025-02-23,1420,46.0,Deportes, Marketplace ,Santa Fe, Efectivo ,24622.61,1,0,4.0,3.0,0,24622.61
PED-11247,2025-04-28,1565,31.0,Electrónica,app,CABA,Tarjeta de crédito,117206.74,1,0,2.0,,0,117206.74
PED-10616,2024-07-13,1087,62.0,Deportes,App,CABA,Tarjeta de débito,44101.42,2,20,7.0,4.0,0,70562.27
PED-13435,22/03/2024,2512,44.0, Belleza ,Web,CABA,Tarjeta de crédito,10778.36,4,0,1.0,,1,43113.44
PED-13145,2025-06-09,2057,22.0,Hogar,Web,Santa Fe,MercadoPago,70961.74,1,0,2.0,,0,70961.74
PED-14233,2025-02-13,2119,34.0,Hogar,App,CABA,Tarjeta de crédito,24560.34,1,20,1.0,,0,19648.27
PED-11498,2024-07-03,1820,36.0,ELECTRÓNICA,,caba,Tarjeta de crédito,166888.93,1,0,4.0,5.0,0,166888.93
PED-11273,2025-05-30,1474,43.0,Electrónica,web,Santa Fe,tarjeta de débito,188438.24,1,0,4.0,5.0,0,188438.24
PED-10794,2024-10-15,2014,55.0,Juguetes,Marketplace,Córdoba,Efectivo,18286.14,2,0,1.0,5.0,0,36572.28
PED-13400,2024-06-19,2350,,Juguetes,App, Santa Fe ,Tarjeta de débito,6168.99,1,25,5.0,4.0,0,4626.74
PED-13758,2025-02-15,2387,,Hogar,App,córdoba,Tarjeta de crédito,16096.43,1,0,3.0,,0,0.0
PED-10433,2024-03-14,2195,,INDUMENTARIA,App,Córdoba,Tarjeta de crédito,23786.81,1,0,,4.0,1,23786.81
PED-12727,2025-06-16,1747,39.0,BELLEZA,Web,CABA,Tarjeta de crédito,13107.2,1,10,5.0,5.0,0,11796.48
PED-10635,2024-08-01,2665,37.0,Belleza,Web,Córdoba, Tarjeta de débito ,17464.63,1,15,1.0,4.0,0,14844.94
PED-10948,2025-06-15,1440,34.0,Deportes,App,Otras,Tarjeta de crédito,58928.12,1,5,4.0,4.0,0,55981.71
PED-14377,2025-03-10,1075,30.0,Belleza,Web,gba,TARJETA DE CRÉDITO,9541.55,2,0,6.0,4.0,0,19083.1
PED-14276,2025-01-20,1102,18.0, Belleza , App ,GBA,TARJETA DE CRÉDITO,14241.78,2,15,4.0,5.0,0,24211.03
PED-11934,20/06/2024,2301,38.0,DEPORTES,Web, CABA ,Tarjeta de crédito,37539.12,1,0,6.0,5.0,0,37539.12
PED-13909,2024-04-14,2687,42.0,Indumentaria,web,Santa Fe,Transferencia,23636.63,2,0,1.0,1.0,0,47273.26
PED-11817,2024-08-18,2032,35.0,hogar,Web,otras,Tarjeta de crédito,56956.23,1,25,3.0,5.0,0,42717.17
PED-12183,2025-04-20,1876,41.0,BELLEZA,,Mendoza,efectivo,14121.63,2,0,1.0,4.0,0,28243.26
PED-12136,2025-02-26,1130,33.0, Hogar ,,Santa Fe,Tarjeta de débito,28107.32,1,0,2.0,5.0,0,28107.32
PED-10947,2025-01-30,1529,41.0,Indumentaria,Marketplace,Otras,Tarjeta de débito,40627.01,1,20,3.0,1.0,1,32501.61
PED-14384,2024-10-01,2760,19.0,electrónica, App ,GBA,TARJETA DE DÉBITO,80052.01,1,15,8.0,5.0,0,68044.21
PED-12501,2025-03-23,2102,35.0,Hogar,Marketplace,CABA,Tarjeta de débito,50541.16,1,0,4.0,,0,50541.16
PED-12635,2024-07-06,1815,18.0,Belleza,Web,Otras,Tarjeta de crédito,15293.44,1,0,5.0,5.0,0,15293.44
PED-12559,2024-04-26,1368,29.0,Deportes,app,GBA,efectivo,37094.22,1,0,4.0,5.0,0,37094.22
PED-14190,2025-01-22,2066,32.0,Juguetes,App, CABA ,TARJETA DE DÉBITO,14705.01,5,10,7.0,3.0,1,66172.54
PED-14782,2025-01-10,2137,28.0,Electrónica,App,GBA,efectivo,228677.1,1,0,5.0,5.0,0,228677.1
PED-10653,2025-01-20,1206,21.0,BELLEZA,Marketplace,GBA,Tarjeta de crédito,11169.09,2,5,5.0,4.0,0,21221.27
PED-13350,2024-01-18,1585,32.0,Indumentaria,Marketplace,CABA,Tarjeta de débito,19484.57,1,0,4.0,3.0,0,19484.57
PED-10768,2025-02-05,2017,42.0,Deportes,Marketplace,Otras,Tarjeta de débito,40096.56,1,0,7.0,5.0,0,40096.56
PED-14475,2024-07-05,1136,47.0,Electrónica,Marketplace,Santa Fe,Tarjeta de crédito,100275.11,1,0,5.0,,0,100275.11
PED-12276,2024-04-24,1649,43.0,Indumentaria,APP,Santa Fe,transferencia,30743.09,1,0,6.0,5.0,0,30743.09
PED-11039,2025-06-07,2688,31.0,Electrónica,Web,Otras,Tarjeta de crédito,130572.28,1,0,4.0,5.0,0,130572.28
PED-14957,2024-04-06,2161,,ELECTRÓNICA,Web,Otras,Tarjeta de débito,82746.14,5,10,3.0,5.0,0,372357.63
PED-13933,2024-03-10,2341,,Juguetes,Marketplace,GBA,Tarjeta de crédito,8719.5,1,0,1.0,3.0,0,8719.5
PED-11154,2024-04-08,1015,27.0,BELLEZA,App,Otras,,2270.68,3,0,4.0,3.0,0,6812.04
PED-14522,2025-02-24,2469,37.0,Belleza,App,otras, MercadoPago ,9939.92,2,5,3.0,4.0,0,18885.85
PED-12247,2024-03-15,1344,33.0,Electrónica,App,CABA,Tarjeta de crédito,156154.88,1,15,2.0,5.0,0,132731.65
PED-13754,2024-04-29,2457,47.0,Indumentaria,Web,CABA,MercadoPago,7690.3,1,0,5.0,4.0,0,7690.3
PED-10405,2025-03-20,1643,47.0,Electrónica,App,GBA,MercadoPago,171107.86,1,0,5.0,5.0,0,171107.86
PED-13199,2024-09-14,1593,43.0,Juguetes, App ,otras,Tarjeta de crédito,12602.06,2,0,8.0,5.0,0,25204.12
PED-10660,2025-05-22,2405,26.0,Belleza,App,CABA,Tarjeta de crédito,13383.24,2,0,4.0,,0,26766.48
PED-10260,29/06/2024,1481,33.0,hogar,App,otras, Transferencia ,67818.92,2,0,3.0,4.0,0,135637.84
PED-11157,2025-02-22,1127,0.0,Electrónica, Marketplace ,GBA,MercadoPago,126707.42,1,10,7.0,4.0,0,114036.68
PED-10625,2025-05-27,2736,28.0,deportes,,GBA,Tarjeta de débito,35121.63,1,0,1.0,1.0,0,35121.63
PED-13735,2024-08-14,2789,33.0,Belleza,Web,Córdoba,Transferencia,11487.5,1,0,6.0,1.0,0,11487.5
PED-12895,2024-12-22,2613,26.0,Belleza,App,CABA,TARJETA DE CRÉDITO,8712.32,1,15,9.0,4.0,0,7405.47
PED-14543,27/06/2024,1643,32.0,Belleza,App,CABA,MercadoPago,14190.13,1,20,3.0,4.0,0,11352.1
PED-11905,2024-08-07,2602,30.0,DEPORTES,Marketplace,córdoba,Tarjeta de débito,44243.8,1,0,4.0,5.0,1,44243.8
PED-10097,10/02/2025,2081,41.0,Hogar,Web,Santa Fe,Tarjeta de crédito,62075.1,1,25,13.0,1.0,0,46556.32
PED-10176,2024-12-14,2357,33.0,Electrónica,Marketplace,Mendoza,Tarjeta de crédito,220904.36,1,5,7.0,,0,209859.14
PED-10875,2024-05-27,1971,34.0,Juguetes,Web,OTRAS,Efectivo,17229.43,1,0,6.0,5.0,0,17229.43
PED-14853,2024-08-09,1486,45.0,Indumentaria,Marketplace,GBA,MERCADOPAGO,21458.15,1,0,3.0,5.0,0,21458.15
PED-10419,2025-04-28,1058,55.0, Belleza ,App,CABA,Tarjeta de crédito,16931.59,2,10,3.0,4.0,0,30476.86
PED-12432,2025-01-21,2120,42.0,Indumentaria,Web,GBA,Transferencia,-18285.22,1,10,4.0,5.0,0,16456.7
PED-14227,13/12/2024,1898,33.0,ELECTRÓNICA,marketplace,GBA,TARJETA DE CRÉDITO,141482.7,1,0,2.0,5.0,0,141482.7
PED-12906,2025-03-25,1045,18.0, Hogar ,App,GBA,Efectivo,37733.11,3,20,1.0,5.0,0,0.0
PED-14299,2024-05-27,2020,37.0,Hogar,Marketplace,GBA,Tarjeta de débito,30229.02,1,0,3.0,1.0,0,30229.02
PED-11193,14/12/2024,2752,28.0,Indumentaria,Web,CABA,Transferencia,17239.73,2,0,999.0,4.0,0,34479.46
PED-10113,2024-06-19,1406,38.0,Electrónica,App,CÓRDOBA, Tarjeta de crédito ,234115.55,1,0,8.0,3.0,0,234115.55
PED-12616,2024-10-18,2720,21.0,BELLEZA,Web,GBA,Tarjeta de crédito,11181.4,3,0,10.0,5.0,0,33544.2
PED-12099,2025-02-03,1275,32.0,Electrónica, App ,CABA,Transferencia,219307.16,1,0,1.0,5.0,0,219307.16
PED-14312,2024-11-12,1318,60.0,Deportes,Web,gba,tarjeta de crédito,69334.38,1,15,8.0,1.0,0,58934.22
PED-14243,2024-11-11,1433,46.0,Deportes,Marketplace, GBA ,tarjeta de crédito,54458.36,1,0,4.0,5.0,0,54458.36
PED-10594,2024-04-15,1193,19.0,JUGUETES,app,Santa Fe,Transferencia,13786.2,1,20,3.0,4.0,1,11028.96
PED-12073,2025-05-19,1274,22.0,Juguetes,web,GBA,MercadoPago,14147.67,1,5,5.0,5.0,0,13440.29
PED-12960,04/10/2024,2601,47.0,Belleza,App,Santa Fe,tarjeta de crédito,10924.49,1,15,7.0,5.0,0,9285.82
PED-11735,2025-02-09,2223,26.0,Belleza,Web,SANTA FE,Tarjeta de débito,12877.46,1,0,8.0,5.0,0,12877.46
PED-10549,2025-03-12,1880,30.0,Deportes, App ,Santa Fe,Tarjeta de débito,38019.86,1,5,4.0,5.0,0,36118.87
PED-10693,18/03/2025,2554,,Hogar,Web,GBA,Tarjeta de crédito,31899.52,1,0,6.0,5.0,0,31899.52
PED-10187,2024-10-24,1955,66.0,Hogar,Web,SANTA FE,Transferencia,61126.03,2,0,4.0,4.0,0,122252.06
PED-14084,27/01/2025,1907,38.0,Juguetes,Web,CABA,tarjeta de crédito,18953.54,1,0,11.0,4.0,0,18953.54
PED-11829,2025-02-08,2668,48.0,Deportes,Web,Otras,Tarjeta de crédito,50558.32,1,25,9.0,1.0,0,37918.74
PED-13507,13/07/2024,1197,39.0,Hogar,App,CABA,Transferencia,49805.54,1,0,1.0,4.0,0,49805.54
PED-13423,2024-02-26,1424,61.0,Electrónica,WEB,CABA,Tarjeta de débito,55294.05,1,0,2.0,5.0,1,55294.05
PED-10562,2024-02-03,1454,56.0,Indumentaria,Web,CABA,mercadopago,29253.81,1,25,8.0,2.0,0,21940.36
PED-11580,2024-12-08,2476,48.0,Electrónica,marketplace,Santa Fe,Efectivo,118935.41,1,0,,3.0,0,118935.41
PED-10913,2024-01-08,2207,21.0,Indumentaria,WEB,otras,Transferencia,32891.6,1,0,2.0,4.0,0,32891.6
PED-12047,2025-06-25,1516,41.0,Hogar,APP,GBA,Efectivo,53552.97,2,0,5.0,3.0,0,107105.94
PED-13943,10/12/2024,1929,37.0,JUGUETES,App,Córdoba,Tarjeta de crédito,16663.66,2,0,,5.0,0,33327.32
PED-13760,2025-02-09,1039,45.0,Juguetes,MARKETPLACE,,Tarjeta de crédito,12702.8,1,0,8.0,5.0,0,12702.8
PED-10662,2025-05-20,1687,41.0,Belleza,App,Mendoza,TARJETA DE CRÉDITO,11957.13,1,0,6.0,4.0,0,11957.13
PED-13813,29/12/2024,2498,19.0,Hogar,web,Otras,Transferencia,41002.51,1,0,4.0,5.0,0,41002.51
PED-11831,2025-04-15,2638,,Deportes, App ,GBA,Efectivo,531118.5271050604,1,0,3.0,,0,36923.68
PED-12998,2024-06-29,2684,18.0,Indumentaria,App,CABA,Tarjeta de débito,29557.27,1,0,7.0,5.0,0,29557.27
PED-13315,2024-10-03,1711,48.0,DEPORTES,Marketplace,Santa Fe,Tarjeta de débito,66144.71,1,0,2.0,5.0,0,66144.71
PED-14811,2025-01-18,1511,48.0,Belleza,App,Córdoba,MercadoPago,10506.97,2,15,5.0,1.0,0,17861.85
PED-11836,2024-08-29,2786,44.0,Hogar,APP,GBA,Tarjeta de débito,67420.62,5,15,5.0,1.0,0,286537.63
PED-11991,2025-05-05,1973,36.0,Juguetes,App,mendoza,Tarjeta de crédito,20956.33,1,0,5.0,4.0,0,20956.33
PED-11621,2025-01-19,1038,47.0,Indumentaria,WEB,GBA,TRANSFERENCIA,28822.75,1,0,3.0,3.0,0,28822.75
PED-14557,2024-12-04,1320,48.0,electrónica,Web,Santa Fe,Efectivo,206617.79,2,5,6.0,,0,392573.8
PED-13855,29/09/2024,1206,26.0,ELECTRÓNICA,App,Santa Fe, Tarjeta de crédito ,187346.38,1,0,4.0,5.0,0,187346.38
PED-14449,2025-05-10,2327,32.0,Hogar,Web,GBA,mercadopago,87587.72,1,0,5.0,4.0,0,87587.72
PED-13697,2025-04-30,1591,27.0,Deportes,APP,CABA, Transferencia ,25242.28,1,10,8.0,5.0,0,22718.05
PED-10454,2024-08-04,1718,28.0,Belleza, Web ,Mendoza,Efectivo,10012.89,1,0,3.0,4.0,0,10012.89
PED-13176,2025-03-14,1804,51.0,Hogar,Web,Córdoba,Tarjeta de crédito,65630.11,1,0,2.0,5.0,0,65630.11
PED-12547,2025-05-23,1504,29.0,Electrónica,Web,CABA,Tarjeta de crédito,105366.2,1,0,1.0,4.0,0,105366.2
PED-12970,2024-06-02,1733,43.0,INDUMENTARIA,Web,GBA,MercadoPago,16942.13,1,0,6.0,5.0,0,16942.13
PED-13104,2025-03-27,1080,46.0,Belleza,web,Otras,Efectivo,12960.17,2,0,7.0,4.0,0,25920.34
PED-10530,2024-01-05,1789,18.0,Belleza,Web,Otras,Efectivo,14801.67,2,0,8.0,5.0,0,29603.34
PED-13524,2024-03-10,1385,27.0,Electrónica,WEB,Córdoba,MercadoPago,173232.15,1,0,1.0,3.0,0,173232.15
PED-11964,2024-03-28,1961,37.0,Electrónica,App,GBA,EFECTIVO,157856.33,2,0,2.0,5.0,0,315712.66
PED-14417,2025-01-01,1772,42.0,Electrónica,Web,Santa Fe,Transferencia,229049.94,1,20,,4.0,0,183239.95
PED-11475,2024-09-07,1508,47.0,Electrónica,App,Otras,Efectivo,184704.94,2,0,5.0,1.0,0,369409.88
PED-11907,2024-08-10,2492,33.0,Electrónica,WEB,CABA,Tarjeta de crédito,142726.21,4,5,1.0,5.0,0,542359.6
PED-14840,2024-05-31,1120,35.0,Deportes,Marketplace,CABA,Tarjeta de crédito,14953.77,1,0,3.0,5.0,0,14953.77
PED-13556,2024-06-14,2715,34.0,Hogar,Web,GBA,MercadoPago,500.0,1,10,5.0,3.0,0,450.0
PED-11764,2024-04-04,1211,48.0,Hogar,App,CABA,Tarjeta de débito,67501.94,1,0,6.0,5.0,0,67501.94
PED-11850,2025-02-25,1988,23.0,Indumentaria,App,CABA,Transferencia,14661.93,1,20,3.0,4.0,1,11729.54
PED-12565,2025-04-20,1051,39.0,Indumentaria,App,córdoba,MercadoPago,23561.97,2,0,6.0,,0,47123.94
PED-11492,2024-08-29,2718,57.0,Electrónica,Web, Otras ,Tarjeta de crédito,215298.74,1,0,4.0,,0,215298.74
PED-11312,2025-01-12,1551,34.0,Indumentaria,App,Córdoba,Tarjeta de débito,9424.1,1,0,4.0,4.0,0,9424.1
PED-12782,2025-06-24,2180,65.0,ELECTRÓNICA,Web,,Tarjeta de débito,170933.94,2,0,9.0,4.0,0,341867.88
PED-14868,2024-01-01,1384,36.0,indumentaria,Marketplace,CABA,Transferencia,25635.83,1,0,2.0,1.0,1,25635.83
PED-13900,2024-05-31,2686,22.0,Hogar,App,otras, Tarjeta de débito ,23029.16,1,0,4.0,4.0,0,23029.16
PED-11481,2024-01-01,2016,,ELECTRÓNICA,Web,CABA,Tarjeta de crédito,23664.71,1,0,4.0,4.0,0,23664.71
PED-12693,2024-10-16,2495,28.0,Indumentaria,Web,santa fe,TARJETA DE CRÉDITO,24715.13,1,0,1.0,5.0,0,24715.13
PED-12137,2024-06-25,2503,32.0,Electrónica,WEB,Santa Fe,Tarjeta de débito,174048.99,1,5,3.0,5.0,0,165346.54
PED-14812,2024-08-03,1518,45.0,Belleza,web,GBA,MercadoPago,12174.56,1,0,6.0,4.0,0,12174.56
PED-13250,31/12/2024,1736,40.0, Deportes ,Web,Córdoba,Tarjeta de crédito,45949.61,1,25,3.0,4.0,0,34462.21
PED-11508,2025-01-18,2323,34.0,ELECTRÓNICA,App,Otras,Tarjeta de crédito,271215.04,1,0,8.0,4.0,0,271215.04
PED-11127,2024-12-09,1206,24.0,INDUMENTARIA,App,CABA,Tarjeta de débito,30463.1,1,5,3.0,4.0,0,28939.94
PED-14985,2025-03-01,2420,23.0,ELECTRÓNICA,Marketplace,Otras,Transferencia,336132.44,1,0,3.0,4.0,0,336132.44
PED-10101,05/08/2024,1515,30.0,ELECTRÓNICA,Web,GBA,Efectivo,156675.79,1,0,5.0,5.0,0,156675.79
PED-10568,13/03/2025,1045,27.0,Electrónica,App,GBA,MercadoPago,129855.19,2,0,5.0,5.0,0,259710.38
PED-13098,2025-06-08,1255,50.0,Indumentaria,Web,CABA,MercadoPago,25546.43,5,0,7.0,4.0,0,127732.15
PED-13557,2025-02-18,1848,53.0,Juguetes,Marketplace,CABA,Tarjeta de crédito,14056.35,1,5,9.0,5.0,0,13353.53
PED-12549,2024-04-08,2759,37.0,ELECTRÓNICA,App,GBA,Transferencia,178018.21,1,5,4.0,5.0,0,169117.3
PED-12599,2024-11-15,1919,39.0,ELECTRÓNICA,App, CABA ,MercadoPago,238531.35,1,20,2.0,5.0,0,190825.08
PED-10840,2024-12-11,1358,33.0,Belleza,Web,Mendoza,MercadoPago,11197.86,1,0,5.0,3.0,0,11197.86
PED-13533,2024-04-13,1118,27.0,juguetes,Web,,MercadoPago,22476.03,1,0,8.0,4.0,0,22476.03
PED-13570,2024-12-04,2116,46.0,BELLEZA,App,CABA,efectivo,13121.81,1,5,4.0,5.0,0,12465.72
PED-14437,2025-05-20,2574,41.0,hogar,Web,gba,TARJETA DE CRÉDITO,686317.9875952302,1,0,6.0,5.0,0,47713.24
PED-10818,2024-01-23,1238,47.0,indumentaria,App,Otras,Tarjeta de débito,8153.96,1,20,4.0,5.0,0,6523.17
PED-12010,2024-01-20,1392,41.0,Indumentaria, App ,CABA,Tarjeta de crédito,11797.63,1,0,7.0,5.0,0,11797.63
PED-12705,2024-11-20,2341,18.0,ELECTRÓNICA,Web,gba,TARJETA DE CRÉDITO,170273.26,1,0,5.0,4.0,0,170273.26
PED-12808,2024-06-08,2190,47.0,INDUMENTARIA,Web, Otras ,tarjeta de débito,15646.03,1,0,6.0,4.0,1,15646.03
PED-10859,2024-12-12,1734,37.0,Juguetes,APP,CABA,MercadoPago,8551.17,1,0,5.0,4.0,0,8551.17
PED-11291,2025-03-28,1740,22.0,Belleza,App,gba,Tarjeta de crédito,14844.17,1,0,5.0,,0,14844.17
PED-13497,2025-05-28,2486,37.0,HOGAR, App ,Otras,transferencia,28532.85,1,0,7.0,5.0,0,28532.85
PED-10170,23/05/2024,1104,45.0,Indumentaria,Web,Otras,Tarjeta de débito,25034.78,1,0,3.0,3.0,0,25034.78
PED-11837,2025-05-07,2146,22.0,Belleza,App,Santa Fe,Transferencia,10554.44,1,20,1.0,4.0,0,8443.55
PED-12133,2024-12-19,1125,43.0,Juguetes,Web,Otras,Transferencia,8391.6,1,10,5.0,4.0,1,7552.44
PED-14099,2024-01-30,2128,33.0,Belleza,app,Otras,Tarjeta de crédito,12964.29,1,0,6.0,5.0,0,12964.29
PED-13805,2024-08-25,2103,18.0,Deportes,Web,Otras,MercadoPago,44039.03,1,0,3.0,4.0,0,44039.03
PED-12352,13/12/2024,2075,26.0,Deportes,marketplace,Córdoba,Tarjeta de crédito,49115.78,1,0,8.0,,0,49115.78
PED-12577,2025-02-10,2323,54.0,Indumentaria,App,GBA,Tarjeta de crédito,10899.53,1,0,3.0,4.0,0,10899.53
PED-13124,2024-10-09,2533,32.0,Indumentaria,Marketplace,GBA,tarjeta de débito,15310.22,1,0,3.0,3.0,0,15310.22
PED-10869,2024-03-03,1263,51.0,Indumentaria,App,Otras,Tarjeta de crédito,31203.41,1,0,4.0,3.0,0,31203.41
PED-11716,2024-03-24,1219,29.0,Electrónica,marketplace,Córdoba,MercadoPago,154288.89,1,0,8.0,5.0,0,154288.89
PED-12000,2025-01-27,2610,18.0,JUGUETES,web,CABA,tarjeta de crédito,16134.7,1,0,1.0,4.0,0,16134.7
PED-14431,2024-08-04,1322,24.0,Deportes,App,Córdoba,MercadoPago,35097.14,1,15,5.0,4.0,0,29832.57
PED-11075,2025-05-04,2792,46.0,Hogar,App,OTRAS,Efectivo,49793.62,1,0,2.0,4.0,0,49793.62
PED-13197,2024-02-28,1205,18.0,Deportes,App,Otras,Tarjeta de crédito,66284.67,1,0,5.0,5.0,1,66284.67
PED-13675,2025-06-23,1355,36.0,Electrónica,App,,Transferencia,256121.56,3,0,4.0,4.0,0,768364.68
PED-13090,2024-11-10,2166,34.0,DEPORTES,WEB,mendoza,Tarjeta de débito,40613.54,1,0,5.0,3.0,0,40613.54
PED-14098,2024-09-12,1625,23.0,Hogar,Web,Otras,Tarjeta de débito,25710.64,2,0,5.0,5.0,0,51421.28
PED-10423,2024-04-18,1393,31.0,juguetes,App,GBA,Tarjeta de débito,-18605.22,2,0,4.0,4.0,1,37210.44
PED-14820,2025-04-11,1433,21.0,indumentaria,web,Otras,Transferencia,29560.35,2,0,8.0,5.0,0,59120.7
PED-11342,2024-02-15,1157,,BELLEZA,APP,mendoza,Tarjeta de crédito,2633.45,1,0,5.0,3.0,0,2633.45
PED-13620,2024-03-30,1778,26.0,electrónica,APP,Santa Fe,Tarjeta de débito,128180.91,3,0,1.0,3.0,0,384542.73
PED-13736,2024-02-17,2163,31.0,JUGUETES,WEB,CABA,TARJETA DE DÉBITO,14958.44,1,15,7.0,3.0,0,12714.67
PED-11658,19/09/2024,1666,45.0,Indumentaria,Marketplace,Córdoba, Tarjeta de crédito ,32105.33,1,5,5.0,3.0,0,30500.06
PED-11529,21/06/2025,2028,26.0,HOGAR,app,Santa Fe,Efectivo,36380.22,1,10,9.0,4.0,1,32742.2
PED-11173,2025-06-04,1582,27.0,Indumentaria,Web,caba,MercadoPago,34998.19,1,0,5.0,5.0,0,34998.19
PED-14554,07/09/2024,1462,39.0,Electrónica,Marketplace,Otras,MercadoPago,169147.4,2,15,3.0,5.0,0,287550.58
PED-10843,2024-01-01,2263,56.0,Indumentaria,Marketplace,santa fe,tarjeta de débito,20873.72,1,0,3.0,2.0,0,20873.72
PED-11385,2024-01-12,1322,29.0,Deportes,WEB,CABA,TARJETA DE CRÉDITO,44751.75,1,0,5.0,5.0,0,44751.75
PED-12657,2025-03-26,1076,31.0,belleza,App,santa fe,TARJETA DE CRÉDITO,19753.78,1,20,1.0,5.0,0,15803.02
PED-14028,2024-05-07,2154,18.0,Electrónica,Web,CABA,MercadoPago,118902.65,1,5,5.0,4.0,0,112957.52
PED-10300,31/10/2024,1258,48.0,belleza, Web ,CABA, Efectivo ,15931.44,1,0,1.0,3.0,0,15931.44
PED-13541,2024-10-02,2413,22.0,Juguetes,Web,Córdoba,Transferencia,12479.05,2,0,6.0,3.0,0,24958.1
PED-10458,2024-09-08,2134,34.0,JUGUETES,,GBA,Tarjeta de débito,6412.69,1,0,3.0,,1,6412.69
PED-11811,2024-12-24,1770,32.0,Hogar,Web,santa fe,Tarjeta de débito,48053.95,1,0,5.0,2.0,0,48053.95
PED-10517,2025-06-23,1689,32.0,Hogar, App ,CABA,Tarjeta de crédito,20110.19,1,0,3.0,5.0,0,20110.19
PED-14786,2024-03-13,1763,50.0,Indumentaria,app,CABA,Efectivo,20618.33,1,0,6.0,5.0,0,20618.33
PED-14813,2024-12-26,1244,41.0,Electrónica,Web,CÓRDOBA, Tarjeta de crédito ,74898.95,1,0,6.0,5.0,0,74898.95
PED-14528,2024-04-07,1142,37.0,Deportes,Web,GBA,tarjeta de débito,40107.82,2,10,6.0,4.0,0,72194.08
PED-13888,2024-10-13,1416,71.0,Deportes,Marketplace,Santa Fe,MercadoPago,42992.2,1,10,5.0,5.0,0,38692.98
PED-12963,2024-04-08,2050,51.0,INDUMENTARIA,Marketplace,CABA,transferencia,26114.69,1,0,1.0,5.0,0,26114.69
PED-12670,2024-12-02,2751,44.0,Hogar,app,CABA,Tarjeta de débito,40758.08,2,0,3.0,,0,81516.16
PED-11690,2025-04-15,1956,62.0,Electrónica,App,CABA,efectivo,202300.54,1,10,10.0,5.0,0,182070.49
PED-13326,2024-04-06,1989,23.0,hogar,web,Otras,Transferencia,41079.84,2,0,2.0,2.0,0,82159.68
PED-10462,2024-06-15,2190,29.0,Electrónica,App,santa fe,Tarjeta de crédito,244703.89,1,0,3.0,3.0,0,244703.89
PED-14615,2024-05-16,1925,28.0,Hogar,Web,CABA,MERCADOPAGO,60496.75,1,15,5.0,4.0,0,51422.24
PED-12367,2025-01-14,1504,32.0,Indumentaria,App,CÓRDOBA,Efectivo,27464.8,2,0,8.0,5.0,0,54929.6
PED-11199,18/09/2024,1309,34.0,Indumentaria,App,GBA,Tarjeta de débito,50148.22,3,0,8.0,,0,150444.66
PED-14168,2024-01-27,1005,,Electrónica, Marketplace ,Otras,Efectivo,179202.83,1,0,2.0,5.0,0,179202.83
PED-11708,2024-12-13,1537,55.0,Belleza,web,CÓRDOBA,Tarjeta de crédito,2627.47,3,0,5.0,4.0,0,7882.41
PED-12355,2024-03-16,2269,35.0,INDUMENTARIA,Web,GBA,MercadoPago,24119.55,1,25,3.0,4.0,1,18089.66
PED-10535,2024-08-11,1258,44.0,Hogar,Web,SANTA FE,Tarjeta de débito,87335.63,2,0,7.0,5.0,0,174671.26
PED-11874,2024-04-10,1598,30.0,Juguetes,Web,CABA,TARJETA DE CRÉDITO,18484.4,1,20,7.0,3.0,0,14787.52
PED-14981,2024-08-16,1936,41.0,Hogar,Marketplace,MENDOZA,Tarjeta de crédito,44559.76,1,10,3.0,5.0,1,40103.78
PED-10570,2024-11-01,1256,45.0,BELLEZA,Marketplace,Mendoza,Tarjeta de débito,11242.31,1,20,6.0,5.0,0,8993.85
PED-12419,2025-01-12,2510,27.0,indumentaria,Marketplace,mendoza,Tarjeta de crédito,19428.49,1,10,7.0,4.0,0,17485.64
PED-12391,2025-05-08,2354,40.0,Belleza,Web,GBA,Efectivo,11340.59,2,10,7.0,5.0,0,20413.06
PED-10510,2025-01-07,1962,32.0,electrónica,Web,Córdoba,Tarjeta de crédito,171606.84,4,0,7.0,5.0,0,686427.36
PED-13729,2025-03-22,1241,29.0,Electrónica,App,GBA,MercadoPago,197539.48,2,10,4.0,4.0,0,355571.06
PED-12248,2024-10-05,2305,30.0,Juguetes,Web,Córdoba,Tarjeta de crédito,12469.43,1,0,9.0,1.0,0,12469.43
PED-10872,2024-02-18,1988,39.0,Indumentaria,App,Santa Fe,Tarjeta de crédito,23311.45,1,0,7.0,5.0,0,23311.45
PED-10239,2024-10-10,2109,47.0,INDUMENTARIA,Web,GBA,Transferencia,31757.75,1,0,5.0,4.0,0,31757.75
PED-10093,2024-07-19,2197,38.0,Hogar,Web,GBA,,28382.05,1,25,2.0,5.0,1,21286.54
PED-12214,2024-04-11,2384,40.0,Electrónica,App,CABA,Tarjeta de crédito,208946.06,1,10,1.0,5.0,0,188051.45
PED-11271,2025-03-05,1523,26.0,Hogar,App,,Tarjeta de crédito,47807.28,1,0,9.0,4.0,0,47807.28
PED-14831,2024-01-07,1653,43.0,INDUMENTARIA,Web,OTRAS,Tarjeta de débito,12838.24,1,20,6.0,2.0,0,10270.59
PED-12876,2024-01-03,2481,18.0,Belleza,Web,Santa Fe,Tarjeta de débito,13961.55,1,10,10.0,3.0,0,12565.4
PED-13783,2025-05-14,2441,18.0,Deportes,Web,CABA,tarjeta de crédito,30698.25,1,0,3.0,4.0,0,30698.25
PED-12397,2024-11-27,2135,37.0,Indumentaria,App,Santa Fe,Tarjeta de crédito,46746.03,1,0,5.0,4.0,0,46746.03
PED-13415,13/05/2025,2747,40.0,Electrónica,web,CABA,Tarjeta de débito,85808.97,2,0,2.0,4.0,0,171617.94
PED-12185,2024-06-12,2748,38.0,Indumentaria,,CABA,Transferencia,29911.98,1,15,1.0,2.0,0,25425.18
PED-11781,2025-06-26,2253,54.0,Belleza,WEB,CABA,Tarjeta de débito,12673.95,1,10,6.0,5.0,0,11406.56
PED-11968,2025-02-24,1515,36.0,Indumentaria,Web,CABA,Tarjeta de débito,21092.34,1,10,3.0,4.0,0,18983.11
PED-10341,2024-08-05,1160,48.0,Hogar,app,Córdoba,Tarjeta de débito,45888.61,1,0,6.0,3.0,0,45888.61
PED-10061,2024-09-26,2381,18.0,Juguetes,WEB,GBA,MercadoPago,1915.2,1,15,4.0,4.0,0,1627.92
PED-12384,2025-01-16,2067,22.0,Indumentaria,Web,,Tarjeta de débito,25698.51,1,0,2.0,3.0,0,25698.51
PED-14505,2024-02-02,1117,46.0,Hogar,app,Otras,Tarjeta de débito,42540.54,1,0,3.0,4.0,0,42540.54
PED-14478,2025-02-24,1993,,Indumentaria,app,CABA,Transferencia,23536.71,1,15,4.0,4.0,0,20006.2
PED-13833,2024-02-11,1746,36.0,electrónica,App,gba,Efectivo,239477.6,1,0,8.0,5.0,0,239477.6
PED-12648,2024-11-17,2787,42.0,Electrónica,Marketplace,GBA,mercadopago,179266.47,2,10,4.0,4.0,0,322679.65
PED-10702,2025-03-21,1065,32.0,Belleza,Marketplace,Santa Fe,Tarjeta de crédito,11624.63,2,10,6.0,5.0,0,20924.33
PED-13078,2024-03-05,1345,41.0,Deportes, Web ,GBA,Transferencia,30339.01,1,0,7.0,3.0,0,30339.01
PED-11751,2024-01-07,2207,48.0,Electrónica,Web,GBA,Tarjeta de crédito,76722.34,3,0,8.0,5.0,0,230167.02
PED-13111,2025-06-02,2187,66.0,ELECTRÓNICA,Marketplace,Santa Fe,MercadoPago,173938.19,1,0,6.0,5.0,0,173938.19
PED-14705,2024-02-27,2520,,INDUMENTARIA,Web,Santa Fe,Tarjeta de crédito,22947.65,1,10,4.0,4.0,0,20652.89
PED-13742,2025-05-02,1194,50.0,Hogar,Web,CABA,Tarjeta de crédito,46854.01,1,10,6.0,1.0,0,42168.61
PED-12231,29/01/2025,2286,53.0,DEPORTES,App,CABA,Tarjeta de crédito,27758.33,2,0,,4.0,0,55516.66
PED-14078,29/03/2025,2441,59.0, Electrónica ,Web,GBA,Efectivo,116311.82,1,15,4.0,5.0,0,98865.05
PED-10165,2025-02-04,2043,31.0,INDUMENTARIA,Web,GBA,EFECTIVO,35146.62,1,10,8.0,2.0,0,31631.96
PED-10914,2024-11-08,2182,68.0,Deportes,WEB,SANTA FE,Tarjeta de crédito,59687.79,2,0,5.0,,0,119375.58
PED-11893,2025-01-25,1733,45.0,Hogar,Web,caba,MercadoPago,8911.23,1,25,10.0,4.0,0,6683.42
PED-13505,2025-05-19,1427,52.0,Electrónica,App,CABA,Tarjeta de débito,73151.86,1,5,4.0,4.0,0,69494.27
PED-10092,2024-05-14,1650,18.0,Deportes,App,GBA,tarjeta de débito,45429.73,1,25,6.0,3.0,1,34072.3
PED-12601,2024-10-03,2051,42.0,DEPORTES,Web,Mendoza,Tarjeta de crédito,40734.23,2,10,10.0,4.0,0,73321.61
PED-13434,18/02/2024,1217,38.0,Belleza,App,Santa Fe,,19330.4,1,10,5.0,5.0,0,17397.36
PED-10080,2025-04-16,1259,20.0,Indumentaria,WEB,CABA,Tarjeta de crédito,30575.23,1,15,6.0,4.0,0,25988.95
PED-10632,2024-09-05,2192,44.0,Belleza,Web,Córdoba,Transferencia,18674.42,1,0,4.0,3.0,0,18674.42
PED-11861,2024-01-29,1042,43.0,Hogar,Web,gba,TRANSFERENCIA,49882.47,1,15,6.0,3.0,0,42400.1
PED-14255,2025-06-17,2137,,hogar,Marketplace,Córdoba,Tarjeta de crédito,31083.47,1,0,2.0,4.0,0,31083.47
PED-12815,2024-02-28,1871,39.0,Indumentaria, Web ,GBA,tarjeta de crédito,42636.51,1,20,6.0,4.0,0,34109.21
PED-13957,2024-12-25,2017,31.0,Hogar,Marketplace,Córdoba,Efectivo,85060.09,1,0,9.0,5.0,0,85060.09
PED-13886,01/01/2025,2469,32.0,Hogar,web,GBA,MercadoPago,9804.07,1,0,1.0,5.0,0,9804.07
PED-14457,2024-09-16,2567,33.0,Deportes,app,CABA,Tarjeta de crédito,47321.67,1,0,4.0,5.0,1,47321.67
PED-13079,2025-04-18,1805,34.0, Deportes ,App,CABA,Transferencia,30944.15,1,15,8.0,5.0,0,26302.53
PED-14784,2024-03-14,2786,26.0,Indumentaria,App,Córdoba, Tarjeta de crédito ,15460.49,4,0,3.0,5.0,0,61841.96
PED-13584,22/04/2024,1068,36.0,Deportes,WEB,GBA,Tarjeta de crédito,45214.87,1,15,1.0,5.0,0,38432.64
PED-12078,2025-03-01,2606,47.0,Deportes,Web,gba,tarjeta de crédito,18500.72,1,0,4.0,5.0,1,18500.72
PED-12271,2025-04-04,2369,22.0,Hogar,App,SANTA FE,TARJETA DE DÉBITO,44524.6,1,0,8.0,5.0,0,44524.6
PED-14221,06/12/2024,1848,39.0,DEPORTES,Marketplace,CABA,Tarjeta de crédito,37359.75,2,25,1.0,3.0,1,56039.62
PED-12093,2025-02-17,2608,40.0,Hogar,Marketplace,Otras,efectivo,54193.39,3,0,3.0,3.0,1,162580.17
PED-11213,12/05/2024,2677,39.0,Indumentaria,Web,,TRANSFERENCIA,31335.66,1,20,1.0,5.0,1,25068.53
PED-14075,2025-03-27,1873,39.0,Juguetes,Web, Córdoba ,Tarjeta de crédito,13740.81,1,10,10.0,5.0,1,12366.73
PED-13521,2025-06-23,1164,26.0,Indumentaria,App,Santa Fe,Tarjeta de crédito,22916.43,1,0,1.0,5.0,1,22916.43
PED-10390,2024-04-08,2068,49.0,Electrónica,app,GBA,Efectivo,182739.01,2,0,5.0,1.0,0,365478.02
PED-14707,2024-10-23,2091,18.0,Juguetes,Marketplace,caba,,16931.86,2,5,3.0,5.0,0,32170.53
PED-13503,2025-01-18,1742,53.0,Juguetes,Web,CABA,Transferencia,14543.24,1,10,2.0,4.0,0,13088.92
PED-10828,2024-11-19,1000,37.0,Hogar, Marketplace ,gba, Transferencia ,-62256.32,2,0,4.0,3.0,0,124512.64
PED-11490,2025-05-04,1633,49.0,Electrónica,Web,CABA,Tarjeta de crédito,172265.4,1,15,4.0,5.0,1,146425.59
PED-12029,2024-04-28,1304,27.0,Indumentaria,WEB,CABA,Transferencia,24176.93,1,0,3.0,5.0,0,24176.93
PED-14217,2024-09-01,2373,27.0,Indumentaria,Web,CABA,Tarjeta de crédito,26371.16,1,0,3.0,5.0,1,26371.16
PED-13682,30/05/2025,1529,32.0,Hogar,app,CABA,Transferencia,60645.69,1,15,7.0,5.0,0,51548.84
PED-14079,2024-10-17,1146,39.0, Electrónica ,Web,Otras,Transferencia,167890.96,1,0,9.0,5.0,1,167890.96
PED-13386,2024-11-12,1394,27.0,Electrónica,Web,Mendoza, Tarjeta de débito ,258708.43,1,0,8.0,4.0,0,258708.43
PED-11939,2025-06-27,1506,60.0,Hogar,Marketplace,,Tarjeta de débito,35473.51,1,0,1.0,4.0,0,35473.51
PED-11906,2024-12-02,1134,26.0, Indumentaria ,Web,GBA,Tarjeta de crédito,23777.3,1,0,6.0,,0,23777.3
PED-11978,2024-05-07,2344,26.0,Deportes,,,Efectivo,25856.31,2,0,3.0,4.0,0,51712.62
PED-10854,2024-03-15,1201,47.0,Hogar,Marketplace,Santa Fe,Tarjeta de crédito,39819.99,1,10,3.0,4.0,0,35837.99
PED-12498,2024-06-03,1852,31.0,Hogar,WEB,CABA,TARJETA DE CRÉDITO,38932.09,3,10,2.0,4.0,0,105116.64
PED-13255,01/03/2024,1112,46.0,Deportes,App,GBA,TARJETA DE DÉBITO,52047.82,2,15,5.0,5.0,0,88481.29
PED-10682,2024-05-25,1184,25.0,INDUMENTARIA,Web,GBA,Tarjeta de crédito,13916.97,1,0,7.0,3.0,0,13916.97
PED-12797,2025-05-15,1421,35.0,Deportes,Web,GBA,tarjeta de crédito,23087.51,1,0,5.0,1.0,1,23087.51
PED-10946,2024-04-28,1972,51.0,Indumentaria,App,CABA,Tarjeta de crédito,26170.41,1,15,10.0,5.0,0,22244.85
PED-12620,06/07/2024,2323,44.0,Belleza,App,CABA,Tarjeta de crédito,13494.1,1,0,4.0,4.0,0,13494.1
PED-10599,2025-02-04,2368,26.0,Indumentaria,App,Santa Fe,Tarjeta de crédito,33131.8,5,25,10.0,4.0,0,124244.25
PED-11093,2024-01-16,2378,44.0,Hogar,Web,CABA,Tarjeta de crédito,35289.54,1,0,5.0,5.0,0,35289.54
PED-10313,2024-04-29,1705,24.0,Indumentaria,Web,GBA,MercadoPago,9589.13,1,5,4.0,4.0,1,9109.67
PED-11880,2025-01-19,1751,49.0,Indumentaria,App,Mendoza, Tarjeta de débito ,16927.15,2,20,6.0,2.0,0,27083.44
PED-11721,2025-05-14,1783,38.0,Electrónica,App,CABA,Tarjeta de débito,215277.75,4,5,2.0,5.0,0,818055.45
PED-10564,04/04/2024,2627,28.0,ELECTRÓNICA,web,córdoba,MercadoPago,132132.47,5,0,9.0,5.0,0,660662.35
PED-14464,2024-10-17,1704,34.0,Electrónica,Marketplace,CÓRDOBA,Tarjeta de crédito,227162.02,2,5,2.0,5.0,0,431607.84
PED-11176,2025-06-20,1186,18.0,Electrónica,Web,CABA,Tarjeta de crédito,221682.43,2,0,3.0,5.0,0,443364.86
PED-13815,2025-04-15,2640,73.0,Deportes,Web,GBA,TARJETA DE CRÉDITO,32121.08,1,0,2.0,5.0,0,32121.08
PED-13120,2024-04-22,1085,38.0,Indumentaria,App,CABA,Tarjeta de crédito,17381.29,1,0,,3.0,0,17381.29
PED-12537,2024-10-26,1126,49.0,electrónica,Marketplace, CABA ,Tarjeta de crédito,186985.18,2,0,1.0,5.0,0,373970.36
PED-10972,2025-03-17,1557,41.0,Hogar,APP, CABA ,Tarjeta de crédito,48248.8,2,0,4.0,4.0,0,96497.6
PED-14690,2024-12-05,1154,35.0,Indumentaria,Web,CABA,TARJETA DE DÉBITO,17443.74,1,0,,5.0,0,17443.74
PED-11571,2025-03-29,2370,34.0,Electrónica,Web,CABA,Tarjeta de débito,190745.66,3,0,7.0,5.0,0,572236.98
PED-13272,2024-03-13,1148,69.0,INDUMENTARIA,Web,CABA,MercadoPago,25292.31,1,0,10.0,5.0,0,25292.31
PED-13210,2024-10-10,1000,58.0,Indumentaria,Web,Córdoba,Tarjeta de débito,28766.79,4,0,4.0,4.0,0,115067.16
PED-10268,2024-05-07,2789,53.0,Deportes,Web, CABA ,TARJETA DE CRÉDITO,13951.23,1,0,4.0,5.0,0,13951.23
PED-13559,23/04/2024,1471,,Electrónica,APP,GBA,Tarjeta de débito,231128.3,5,5,4.0,4.0,0,1097859.42
PED-10137,2024-08-12,1314,42.0,ELECTRÓNICA,Web,Mendoza,TARJETA DE CRÉDITO,164236.75,1,0,5.0,5.0,0,164236.75
PED-14767,2024-11-25,2522,50.0,Deportes,App,Santa Fe,Transferencia,41522.66,1,0,3.0,4.0,0,41522.66
PED-14311,2024-05-21,1859,18.0,JUGUETES,App,GBA,Tarjeta de crédito,14672.36,1,0,1.0,3.0,0,14672.36
PED-13001,2024-09-10,1564,45.0,Indumentaria,App,CABA,Tarjeta de crédito,26972.94,1,10,3.0,5.0,0,24275.65
PED-14136,2024-10-24,2254,,Hogar,App,,Tarjeta de débito,932524.4269239104,3,0,6.0,,0,194488.98
PED-14817,2025-05-06,1867,42.0,electrónica,APP,Córdoba,Tarjeta de débito,209320.85,2,0,2.0,1.0,0,418641.7
PED-13478,2025-02-04,2221,44.0,belleza,app, Mendoza ,Tarjeta de crédito,15744.25,1,0,4.0,4.0,0,15744.25
PED-14645,2024-08-20,2782,45.0,Belleza, Web ,GBA,Tarjeta de débito,13526.76,2,10,8.0,3.0,0,24348.17
PED-14688,2024-02-19,1714,51.0,Hogar,Web,Córdoba, Tarjeta de crédito ,49228.97,1,0,,1.0,0,49228.97
PED-13836,2025-04-25,2526,25.0,Belleza,Web,GBA, Tarjeta de débito ,12151.84,1,0,3.0,5.0,0,12151.84
PED-13439,2024-08-08,2118,48.0,Hogar,Marketplace,caba,TARJETA DE CRÉDITO,54121.68,1,0,999.0,5.0,0,54121.68
PED-12509,2024-05-04,1265,18.0,Belleza,Marketplace,Santa Fe,Tarjeta de débito,19513.48,1,0,5.0,5.0,0,19513.48
PED-13310,2024-05-19,1567,42.0,Indumentaria,Marketplace,Otras,Tarjeta de débito,20998.22,1,15,5.0,,0,17848.49
PED-10324,2025-05-02,2647,21.0,Hogar,app, Santa Fe ,Tarjeta de crédito,61833.48,1,0,3.0,5.0,0,61833.48
PED-14026,2024-06-12,1224,48.0,Electrónica,Web,OTRAS,Efectivo,213958.88,1,0,6.0,5.0,1,213958.88
PED-10772,2025-02-25,1343,32.0,Belleza,App,GBA,Tarjeta de débito,13735.59,1,0,,3.0,0,13735.59
PED-11044,2025-05-11,2532,27.0,Hogar,Web,CABA,EFECTIVO,26944.95,1,15,4.0,5.0,1,22903.21
PED-11259,2024-09-26,2040,25.0,HOGAR,Web,Otras,Transferencia,47203.08,1,0,4.0,5.0,0,47203.08
PED-12413,2025-02-23,1768,52.0, Belleza , App ,Córdoba, MercadoPago ,6731.98,5,0,6.0,5.0,0,33659.9
PED-14854,2024-11-23,2420,32.0,Indumentaria,Web,CABA,Tarjeta de crédito,5944.0,1,0,7.0,3.0,0,5944.0
PED-10937,2024-03-25,2024,34.0,Hogar,App,Santa Fe,Efectivo,38686.43,1,0,6.0,5.0,0,38686.43
PED-12113,2024-07-17,2590,40.0, Indumentaria ,App,Santa Fe,Efectivo,25089.23,2,0,6.0,5.0,0,50178.46
PED-12294,2024-06-21,1670,22.0,Deportes,Web,MENDOZA,TRANSFERENCIA,40168.97,1,0,7.0,,1,40168.97
PED-13577,2024-03-14,2358,38.0,indumentaria,App,GBA,Transferencia,36129.3,1,0,,3.0,1,36129.3
PED-12343,2025-06-10,1771,, Juguetes ,App,CABA,Transferencia,13106.43,1,0,4.0,4.0,0,13106.43
PED-11635,2024-06-02,1011,19.0,Deportes, App ,santa fe,Efectivo,21488.8,3,10,5.0,,0,58019.76
PED-12902,2024-05-04,1897,55.0,Indumentaria,Marketplace,Mendoza,,41223.14,1,0,4.0,4.0,0,41223.14
PED-12933,2025-03-26,2580,25.0,Electrónica,App,GBA,Efectivo,250416.05,1,0,3.0,5.0,0,250416.05
PED-11457,29/01/2025,1342,48.0,Electrónica,Web,MENDOZA,Transferencia,-188832.11,1,0,1.0,4.0,0,188832.11
PED-10637,2024-02-25,1786,61.0, Juguetes ,web,CABA,Tarjeta de crédito,18437.65,1,5,6.0,4.0,0,17515.77
PED-11700,2025-03-21,1421,40.0,DEPORTES,Web,GBA,Transferencia,18137.45,2,0,3.0,,0,36274.9
PED-12977,2024-08-08,1768,84.0,JUGUETES,App, Córdoba ,Tarjeta de crédito,5991.44,1,0,4.0,2.0,0,5991.44
PED-10892,2025-02-27,1690,18.0,Electrónica,Web,,Tarjeta de débito,195443.74,1,0,6.0,3.0,0,195443.74
PED-14124,23/02/2024,1843,18.0,HOGAR,app,CABA,Tarjeta de crédito,32321.29,2,15,3.0,5.0,0,54946.19
PED-12325,2024-11-20,1503,30.0, Indumentaria ,App,Córdoba,Tarjeta de crédito,31118.53,2,0,9.0,5.0,0,62237.06
PED-13348,2025-03-25,2267,58.0,Indumentaria,APP,CABA,Tarjeta de crédito,23348.59,1,10,8.0,5.0,0,21013.73
PED-10757,2024-08-16,1275,37.0,ELECTRÓNICA,App,Mendoza,Efectivo,107840.32,5,0,5.0,4.0,1,539201.6
PED-10965,2024-10-07,1161,30.0,Electrónica,Web,Santa Fe,Tarjeta de débito,85238.64,2,15,6.0,3.0,0,144905.69
PED-11988,2024-04-13,2169,18.0,Indumentaria,Web,Santa Fe,Tarjeta de débito,21856.31,1,0,8.0,5.0,0,21856.31
PED-12525,03/05/2025,1810,24.0,Indumentaria,Web,CABA,Tarjeta de débito,43358.77,1,10,7.0,3.0,0,39022.89
PED-10126,2024-08-18,2203,41.0,HOGAR,Web,CABA,,44089.07,1,0,3.0,5.0,0,44089.07
PED-13109,2024-01-22,1757,52.0,Electrónica,App,Otras,Tarjeta de crédito,110877.95,1,0,5.0,3.0,0,110877.95
PED-12507,2025-04-29,1792,44.0,Belleza,App,CABA,Tarjeta de crédito,6038.89,4,20,4.0,3.0,0,19324.45
PED-13753,2025-02-25,2797,41.0,Belleza,App,GBA,Efectivo,18397.16,1,10,6.0,5.0,0,16557.44
PED-12846,2024-12-04,2495,18.0,Belleza,App,CABA,Tarjeta de crédito,2245.55,1,5,7.0,,0,2133.27
PED-10415,08/04/2024,2136,47.0,Belleza,WEB,CABA,Tarjeta de crédito,16792.29,1,0,4.0,4.0,0,16792.29
PED-10304,2024-02-22,2166,50.0,Indumentaria,App,GBA,Tarjeta de débito,26953.9,1,10,2.0,5.0,0,0.0
PED-11703,2025-02-03,2354,34.0,Belleza,Web,Otras,MercadoPago,16893.52,1,0,7.0,5.0,0,16893.52
PED-14507,2025-06-07,2069,26.0,Deportes,App,GBA,Tarjeta de débito,39024.7,1,0,1.0,3.0,0,39024.7
PED-12272,2025-02-04,2735,61.0,Deportes, App ,GBA,Tarjeta de crédito,60471.89,1,0,3.0,5.0,0,60471.89
PED-13053,2024-04-13,2647,45.0,Indumentaria,Marketplace,,tarjeta de crédito,24301.32,1,0,,5.0,0,24301.32
PED-12731,2024-10-30,1174,43.0,belleza,Marketplace,CABA, Transferencia ,12855.17,1,5,,5.0,0,12212.41
PED-12630,2024-09-16,2111,23.0,Belleza,Web,Córdoba,Tarjeta de débito,14608.02,4,15,8.0,4.0,0,49667.27
PED-14155,11/03/2024,2497,43.0,Deportes,Marketplace,CABA,Transferencia,31680.81,1,5,8.0,1.0,0,30096.77
PED-14396,2024-11-12,2099,61.0,Indumentaria,Web,CABA,Tarjeta de débito,25550.22,1,25,7.0,,0,19162.66
PED-14077,2025-05-18,1160,39.0, Belleza ,App,GBA, Tarjeta de débito ,11757.22,1,0,2.0,4.0,0,11757.22
PED-10441,2025-01-27,1658,25.0,Indumentaria,WEB,gba,Tarjeta de crédito,9967.87,1,0,1.0,5.0,0,9967.87
PED-14405,2024-03-15,1728,37.0,Electrónica,web,Mendoza,Transferencia,207833.03,1,0,6.0,5.0,0,207833.03
PED-12329,2025-03-20,2164,48.0,Hogar,Web,CABA,MercadoPago,23499.02,1,0,4.0,3.0,0,23499.02
PED-10265,2024-06-09,2055,41.0,Electrónica,web,Otras,Tarjeta de crédito,138994.85,2,0,3.0,3.0,0,277989.7
PED-13633,2024-02-14,2350,36.0,Deportes,APP,CABA,Tarjeta de crédito,39104.71,1,20,5.0,5.0,0,31283.77
PED-14515,2024-09-27,1912,46.0,indumentaria,Web,GBA,Transferencia,18358.79,1,0,3.0,4.0,0,18358.79
PED-12634,2024-12-20,2193,,Electrónica,Web,córdoba,TARJETA DE CRÉDITO,79550.65,1,10,7.0,5.0,0,71595.58
PED-14689,2025-03-07,2473,35.0,Indumentaria,App,Córdoba,Tarjeta de débito,24344.5,2,5,5.0,1.0,0,46254.55
PED-12877,2025-06-01,1617,35.0,Electrónica,Web,santa fe,Tarjeta de crédito,204317.42,1,0,1.0,5.0,0,204317.42
PED-13128,2025-05-31,2736,40.0,Indumentaria,App,GBA,Tarjeta de crédito,26945.86,1,5,3.0,2.0,1,25598.57
PED-11842,2025-04-09,2455,44.0,Juguetes,Web,santa fe,mercadopago,14479.62,1,0,2.0,2.0,0,14479.62
PED-12400,2024-09-24,1386,44.0,Deportes,web,CABA,tarjeta de débito,22977.81,1,15,5.0,2.0,0,19531.14
PED-13803,2024-01-13,1132,52.0,Deportes,App,CABA,Tarjeta de crédito,33905.63,1,10,1.0,5.0,0,30515.07
PED-14913,2024-12-14,1715,36.0,Hogar,Web,GBA,mercadopago,53154.16,1,0,2.0,5.0,1,53154.16
PED-10836,2024-10-22,1896,28.0,Deportes,App,OTRAS,tarjeta de crédito,60598.64,5,5,10.0,5.0,0,287843.54
PED-12072,03/02/2025,2073,29.0,electrónica,App,MENDOZA,Tarjeta de crédito,222644.78,1,0,3.0,4.0,0,222644.78
PED-11807,2024-03-20,1862,29.0,Deportes,Web,,Tarjeta de débito,43958.14,2,0,5.0,5.0,0,87916.28
PED-13924,2025-03-08,1964,58.0,Hogar,APP,Otras,tarjeta de crédito,36507.22,2,20,1.0,4.0,0,58411.55
PED-11017,2024-12-30,2365,28.0,JUGUETES,app,Otras,MercadoPago,16509.16,1,0,6.0,5.0,0,16509.16
PED-14305,2025-02-03,1491,46.0,Electrónica,Marketplace,Mendoza,Efectivo,258814.13,2,10,4.0,4.0,0,465865.43
PED-10860,2025-06-12,1691,40.0,Deportes,Web, Mendoza ,TRANSFERENCIA,21273.32,2,0,999.0,5.0,0,42546.64
PED-11052,2024-07-18,1624,25.0,BELLEZA,App,Mendoza,tarjeta de crédito,4782.38,1,0,1.0,5.0,0,4782.38
PED-14493,30/03/2025,1824,41.0, Electrónica ,,caba,Tarjeta de crédito,47115.35,1,5,3.0,4.0,0,44759.58
PED-12908,2025-06-03,2255,29.0,Electrónica,WEB,CABA,Tarjeta de crédito,109452.13,1,5,3.0,3.0,0,103979.52
PED-13136,19/01/2024,2245,18.0,Indumentaria,Marketplace,CABA,Tarjeta de crédito,33727.34,1,10,1.0,4.0,0,30354.61
PED-13598,2025-04-02,1330,46.0,Indumentaria,Web,CABA,Efectivo,16290.44,1,0,5.0,5.0,1,16290.44
PED-14809,2024-11-13,1172,48.0, Deportes ,App,Santa Fe, Tarjeta de crédito ,56280.74,4,5,5.0,5.0,0,213866.81
PED-12725,2025-03-27,1080,59.0,Indumentaria, Web ,MENDOZA,Transferencia,34633.41,1,5,4.0,,0,32901.74
PED-10297,29/05/2024,2079,41.0,deportes,APP,CABA,Transferencia,41970.76,1,15,4.0,4.0,1,35675.15
PED-10428,2024-05-12,1973,29.0,Belleza,MARKETPLACE,Córdoba,Tarjeta de débito,8385.7,1,0,5.0,5.0,0,8385.7
PED-10314,2024-02-27,2158,36.0,Indumentaria,App,santa fe,Tarjeta de crédito,20920.66,1,0,,4.0,0,20920.66
PED-12742,2024-04-09,1627,27.0,Belleza,Web,CABA,tarjeta de débito,13311.96,1,0,3.0,4.0,0,13311.96
PED-13309,2024-07-14,1605,62.0,Indumentaria,App,Mendoza,Tarjeta de crédito,13712.77,3,5,7.0,5.0,0,39081.39
PED-11241,2025-02-15,2665,56.0,Indumentaria,web,Otras,Tarjeta de crédito,17936.32,1,0,,5.0,0,17936.32
PED-14566,2024-03-07,1349,51.0,Juguetes,MARKETPLACE,GBA,tarjeta de débito,18315.81,1,10,6.0,3.0,0,16484.23
PED-14992,2024-10-22,1431,51.0,Juguetes,Web,mendoza,Tarjeta de débito,14467.52,1,0,2.0,5.0,0,14467.52
PED-12166,2024-02-27,1154,33.0, Hogar ,App,CABA,tarjeta de débito,44272.68,1,0,5.0,4.0,0,44272.68
PED-11213,2024-05-12,2677,39.0,Indumentaria,Web,,TRANSFERENCIA,31335.66,1,20,1.0,5.0,1,25068.53
PED-13759,2024-08-24,1454,39.0,belleza,Web, Córdoba ,Tarjeta de débito,7940.22,1,0,3.0,5.0,0,7940.22
PED-13728,2024-07-19,1276,44.0,electrónica, App ,GBA,Transferencia,226772.05,1,0,4.0,5.0,1,226772.05
PED-10252,2025-01-07,1758,18.0,Electrónica,Marketplace,CABA,Tarjeta de débito,316063.57,2,0,5.0,4.0,0,632127.14
PED-13432,2024-11-30,1220,52.0,Belleza,App,caba,,12840.28,1,0,6.0,5.0,1,12840.28
PED-14569,2024-12-05,2485,29.0,Electrónica,App,Córdoba,EFECTIVO,206267.17,2,0,7.0,5.0,0,412534.34
PED-12589,2024-05-26,1335,36.0,indumentaria, Web ,mendoza,tarjeta de crédito,11112.85,1,15,3.0,3.0,0,9445.92
PED-12845,2024-10-27,2049,45.0,Electrónica,Marketplace,GBA,Tarjeta de crédito,270811.28,1,20,6.0,1.0,0,216649.02
PED-13195,2025-03-18,1914,19.0,Juguetes,App,CABA,Transferencia,15018.16,2,0,6.0,4.0,0,30036.32
PED-12858,2024-06-07,1642,18.0,Indumentaria,Marketplace,Otras,TARJETA DE DÉBITO,29148.56,1,0,3.0,5.0,0,29148.56
PED-11784,2025-01-24,2068,20.0,Indumentaria,App,CÓRDOBA,transferencia,28321.0,2,0,4.0,5.0,0,56642.0
PED-13601,2024-07-11,2299,57.0,Indumentaria,Marketplace,Santa Fe,,19513.31,1,15,3.0,5.0,0,16586.31
PED-10259,2024-10-28,1410,24.0,Electrónica,Web,CABA,,168437.73,1,0,1.0,5.0,0,168437.73
PED-14948,2024-09-21,2619,,HOGAR,Web,Santa Fe,Tarjeta de débito,40897.17,2,0,1.0,5.0,0,81794.34
PED-10986,2024-01-27,2189,65.0,Electrónica,Marketplace,GBA,Tarjeta de crédito,198623.85,2,0,8.0,,0,397247.7
PED-13153,2024-12-26,2179,18.0,Belleza,Web,OTRAS,Tarjeta de crédito,9499.84,3,0,4.0,4.0,0,28499.52
PED-13322,2025-01-23,1240,53.0,Juguetes, Web ,GBA,Tarjeta de débito,10449.04,1,15,,5.0,0,8881.68
PED-14263,2025-04-18,1718,60.0,Deportes,Marketplace,Otras,Tarjeta de crédito,45722.82,1,20,7.0,4.0,0,36578.26
PED-14680,2025-04-07,2153,20.0,ELECTRÓNICA,Web,Córdoba,Tarjeta de débito,211825.76,1,0,11.0,5.0,0,211825.76
PED-11352,12/07/2024,2316,34.0,Juguetes, Web ,GBA,MercadoPago,16910.72,1,5,7.0,4.0,0,16065.18
PED-12999,2024-09-04,1515,25.0,juguetes,Marketplace,GBA,Efectivo,10567.6,1,0,4.0,5.0,0,10567.6
PED-10924,2024-03-28,1593,46.0,Belleza,Web,otras,Tarjeta de crédito,16708.16,5,0,8.0,5.0,0,83540.8
PED-10954,2025-05-20,1080,25.0,HOGAR,App,mendoza,Tarjeta de débito,36387.29,1,20,4.0,,0,29109.83
PED-13038,2024-06-10,2530,49.0,Belleza,Web,GBA,MercadoPago,5067.54,2,10,4.0,4.0,1,9121.57
PED-12007,2025-02-21,1350,27.0,BELLEZA,web,CABA,tarjeta de débito,8050.67,1,10,2.0,,0,7245.6
PED-10802,2024-08-03,1055,21.0,Indumentaria,Marketplace,Otras,MercadoPago,35815.81,3,0,1.0,,0,107447.43
PED-10500,22/05/2024,1843,34.0,Indumentaria,Marketplace,Otras,Tarjeta de crédito,14985.05,3,0,5.0,5.0,0,44955.15
PED-14552,2025-03-18,1061,31.0,Electrónica,App,CABA,Transferencia,151661.58,1,5,5.0,4.0,0,144078.5
PED-13381,2024-04-02,1863,45.0,Juguetes,App,córdoba,MercadoPago,12796.83,1,20,9.0,5.0,0,10237.46
PED-13152,2024-12-03,1531,39.0,Hogar,web, Mendoza ,Tarjeta de crédito,32080.42,2,25,4.0,3.0,0,48120.63
PED-14341,2024-07-11,1132,18.0,Hogar,app,Otras,Transferencia,47767.85,1,0,10.0,3.0,1,47767.85
PED-10228,14/04/2025,2048,35.0,Deportes,app,GBA,MercadoPago,6129.54,1,10,3.0,1.0,0,5516.59
PED-10380,2025-05-15,1510,46.0,Belleza,web,Córdoba,Efectivo,10486.84,1,0,4.0,5.0,0,10486.84
PED-14631,2024-03-06,2516,29.0,ELECTRÓNICA,App,Otras,MercadoPago,136912.99,2,0,1.0,5.0,0,273825.98
PED-14162,2025-03-06,2480,45.0,Indumentaria,Web,GBA,Tarjeta de crédito,17524.35,3,0,3.0,4.0,0,52573.05
PED-13711,2024-04-15,1659,28.0,Belleza,app,GBA,tarjeta de crédito,14372.26,1,0,7.0,5.0,1,14372.26
PED-10416,2025-01-30,2053,68.0,deportes,Marketplace,Otras,MercadoPago,46597.78,1,0,3.0,5.0,0,46597.78
PED-14991,2024-05-25,1680,47.0,Indumentaria,Web,Santa Fe,Transferencia,33911.91,2,0,3.0,5.0,0,67823.82
PED-13257,2024-06-09,1295,37.0,Indumentaria,WEB,GBA,Transferencia,30475.54,1,0,3.0,3.0,0,30475.54
PED-12141,2025-05-31,1587,47.0, Electrónica ,App,Otras,TARJETA DE DÉBITO,188187.6,3,0,10.0,1.0,0,564562.8
PED-14293,2024-01-22,1535,21.0,Deportes,App,CABA,Tarjeta de débito,11269.99,1,0,2.0,4.0,1,11269.99
PED-11960,2025-03-11,2641,51.0,Deportes,Web,,Transferencia,66316.05,1,0,2.0,5.0,0,66316.05
PED-14466,2024-10-18,1531,18.0,hogar,App,CABA,Tarjeta de débito,35090.27,1,0,8.0,4.0,0,35090.27
PED-12749,2024-06-21,2552,52.0,indumentaria,WEB,CABA,Tarjeta de débito,31309.18,1,15,10.0,5.0,0,26612.8
PED-12979,2024-05-26,1169,29.0,Belleza,Web,CABA,MercadoPago,12119.68,1,0,6.0,5.0,0,12119.68
PED-11423,2024-09-02,1776,39.0,Deportes,App,GBA, Tarjeta de crédito ,33561.35,1,0,3.0,5.0,0,33561.35
PED-12119,2024-11-09,2674,43.0,Deportes,Marketplace,GBA,MercadoPago,70807.32,3,15,6.0,4.0,0,180558.67
PED-12655,2024-10-16,2781,,Deportes,App,CABA,Tarjeta de crédito,35116.72,1,5,4.0,5.0,0,0.0
PED-10753,2025-05-27,2061,18.0,Hogar,Web,,tarjeta de crédito,62420.96,1,10,5.0,4.0,0,56178.86
PED-12688,2024-07-23,1982,47.0,Electrónica,web,GBA,Tarjeta de crédito,151104.55,1,0,6.0,4.0,0,151104.55
PED-12370,2025-03-16,2301,41.0,Indumentaria,App,CABA,Tarjeta de crédito,26472.22,1,25,6.0,5.0,0,19854.16
PED-11377,2024-07-26,2055,46.0,juguetes,MARKETPLACE,GBA,MercadoPago,8579.17,2,0,8.0,5.0,0,17158.34
PED-13854,2024-04-13,2479,43.0,Indumentaria,Web, CABA ,Tarjeta de débito,14607.27,1,0,,4.0,0,14607.27
PED-14924,2024-12-22,2130,61.0,Indumentaria,App,Mendoza,mercadopago,31802.05,1,10,3.0,5.0,0,28621.84
PED-10895,2025-01-05,2148,40.0,Juguetes,MARKETPLACE,,Tarjeta de débito,10650.76,1,5,1.0,5.0,0,10118.22
PED-10900,2024-04-23,1219,37.0,DEPORTES,Web,GBA,Tarjeta de crédito,58737.12,3,0,12.0,5.0,0,176211.36
PED-10740,2024-01-13,1984,39.0,belleza,Marketplace,Mendoza,Tarjeta de crédito,5940.93,1,10,2.0,5.0,0,5346.84
PED-11214,2024-01-31,1764,41.0,electrónica,Marketplace,Córdoba,EFECTIVO,26925.42,1,15,2.0,5.0,0,22886.61
PED-14596,2025-05-08,1752,45.0,Deportes,App,Mendoza,MercadoPago,61968.47,1,0,2.0,,0,61968.47
PED-10466,2024-05-05,1428,18.0,Indumentaria,App,CABA,MercadoPago,37628.88,1,5,4.0,4.0,1,35747.44
PED-10981,2024-02-03,1739,45.0,INDUMENTARIA,Marketplace, Córdoba ,MercadoPago,26016.77,3,0,8.0,5.0,0,78050.31
PED-10280,2025-04-21,1292,35.0,Indumentaria,Web,gba,Transferencia,28188.98,1,0,2.0,5.0,0,28188.98
PED-13105,2025-03-03,1452,33.0,belleza,marketplace, GBA ,Tarjeta de crédito,12954.16,4,0,6.0,,0,51816.64
PED-13593,2024-10-03,1096,,Hogar,Web,OTRAS,Tarjeta de crédito,61209.08,1,0,8.0,5.0,0,61209.08
PED-13383,2024-07-23,1592,37.0,Belleza,MARKETPLACE,CABA,TARJETA DE DÉBITO,19134.57,2,15,2.0,4.0,0,32528.77
PED-12201,2024-05-08,2066,21.0,indumentaria,Web,CABA,Tarjeta de crédito,18695.92,1,0,6.0,5.0,0,18695.92
PED-11534,2024-10-13,1930,33.0,Hogar,Web,GBA,Tarjeta de débito,68636.0,1,0,2.0,4.0,0,68636.0
PED-12469,27/04/2024,2128,69.0,Hogar,app,Otras,MercadoPago,54531.28,1,25,4.0,,0,40898.46
PED-10536,2024-08-26,1216,39.0,Deportes,App,CABA,Tarjeta de débito,54908.73,1,0,4.0,3.0,0,54908.73
PED-10615,2024-07-13,1751,48.0, Hogar ,Web,Otras,Tarjeta de crédito,53222.3,5,0,,3.0,0,266111.5
PED-12286,2024-10-07,1723,18.0,Indumentaria,App,Mendoza,Transferencia,30289.99,2,5,4.0,,0,57550.98
PED-11218,2024-12-28,1035,43.0,ELECTRÓNICA,,gba,Tarjeta de crédito,211439.35,2,0,6.0,5.0,0,422878.7
PED-14772,2025-05-10,2077,26.0,Belleza,marketplace,CABA,Tarjeta de crédito,16744.42,1,0,3.0,5.0,0,16744.42
PED-10804,05/06/2024,1728,37.0,Indumentaria,app,GBA,Tarjeta de crédito,27607.0,1,0,9.0,5.0,1,27607.0
PED-10717,2025-03-16,2722,50.0,ELECTRÓNICA,App,CABA,,200390.13,1,25,3.0,3.0,0,150292.6
PED-14862,2024-02-04,2628,50.0,Indumentaria,Web,GBA,Efectivo,21161.51,2,0,4.0,5.0,0,42323.02
PED-10142,2024-04-22,2100,19.0,deportes,App,Otras,Transferencia,40462.16,2,0,4.0,,0,80924.32
PED-11495,2024-05-05,2222,77.0,electrónica,web,Córdoba,tarjeta de crédito,170996.03,1,0,3.0,5.0,0,170996.03
PED-11516,2024-12-23,2389,30.0,hogar,Web,Otras,Tarjeta de crédito,77457.46,2,0,1.0,5.0,0,154914.92
PED-12803,2025-01-07,1099,45.0,Juguetes,Web,GBA,Tarjeta de débito,16704.4,1,0,11.0,5.0,0,16704.4
PED-13455,26/04/2025,1122,38.0,indumentaria,App,CÓRDOBA,Transferencia,19533.75,3,0,3.0,4.0,0,58601.25
PED-10689,2025-02-28,2383,35.0,Belleza,Web,GBA, Tarjeta de crédito ,12129.39,3,10,6.0,5.0,1,32749.35
PED-13086,2025-02-22,1013,37.0,Belleza,App,CABA,Tarjeta de débito,13843.32,2,0,7.0,3.0,0,27686.64
PED-10363,2025-06-28,2372,57.0,Hogar,Web,GBA,Tarjeta de débito,48684.87,1,5,3.0,1.0,0,46250.63
PED-14976,2024-02-25,1318,18.0,INDUMENTARIA,Web,Santa Fe,Tarjeta de crédito,32180.94,3,0,8.0,5.0,0,96542.82
PED-14565,2024-05-26,2715,33.0,Hogar,web,CABA,Tarjeta de débito,29506.69,1,20,1.0,5.0,0,23605.35
PED-10760,2024-06-13,2720,34.0,Belleza,Web,GBA,Transferencia,8123.1,1,0,11.0,,0,8123.1
PED-14399,2024-02-15,1848,41.0,HOGAR,app,GBA,EFECTIVO,36101.6,2,0,8.0,,0,72203.2
PED-10291,2024-05-22,1370,23.0,Indumentaria,Web, Córdoba ,Tarjeta de débito,18631.01,2,0,4.0,5.0,0,37262.02
PED-11833,2024-03-05,1889,33.0,Indumentaria,Web,CABA,Efectivo,33341.8,1,0,6.0,4.0,0,0.0
PED-10672,2024-05-05,2095,27.0,Belleza,Web,CABA,MercadoPago,13874.44,3,0,4.0,4.0,1,41623.32
PED-14870,2024-08-17,1209,55.0,Indumentaria,Web,Córdoba,Transferencia,24709.41,1,0,3.0,4.0,0,24709.41
PED-12363,2024-08-01,1294,18.0,Deportes,Web, Santa Fe ,Tarjeta de débito,28159.38,2,0,9.0,,0,56318.76
PED-12570,2025-06-12,2285,43.0,Belleza,WEB,CABA,Efectivo,17728.11,1,0,7.0,5.0,0,17728.11
PED-12091,2025-06-26,2680,20.0,Hogar,App,Otras, Tarjeta de débito ,44325.02,1,0,3.0,4.0,0,44325.02
PED-14352,2025-04-19,1207,27.0,electrónica,App, CABA ,tarjeta de débito,179656.74,1,10,8.0,5.0,0,161691.07
PED-14900,2024-09-27,2577,42.0,Juguetes,App,Mendoza,Efectivo,10597.83,5,0,4.0,5.0,1,52989.15
PED-13509,2024-03-01,2518,37.0,DEPORTES,MARKETPLACE,Mendoza,MercadoPago,50531.48,1,0,2.0,5.0,0,50531.48
PED-11129,2024-07-05,1882,52.0,Juguetes,Web,Mendoza,EFECTIVO,9307.15,2,0,2.0,5.0,0,18614.3
PED-10190,2024-12-11,1465,42.0,Electrónica,App,Córdoba,tarjeta de crédito,138572.43,2,0,1.0,5.0,0,277144.86
PED-10159,19/02/2025,2612,36.0,JUGUETES,Web,CABA,Tarjeta de débito,7460.52,1,0,7.0,3.0,0,7460.52
PED-14891,2025-02-18,1800,32.0,Belleza,App,gba,MercadoPago,16126.48,1,0,6.0,2.0,0,16126.48
PED-14309,2025-01-30,1013,32.0,Deportes,App,CABA,MercadoPago,29777.91,1,0,1.0,3.0,0,29777.91
PED-12806,2024-11-02,1843,18.0,Indumentaria,Web,caba,Tarjeta de crédito,26741.69,1,5,3.0,5.0,0,25404.61
PED-11142,2025-05-07,2584,38.0,Juguetes,Web,MENDOZA,MercadoPago,14490.61,1,0,4.0,5.0,0,14490.61
PED-13005,2024-12-22,1726,57.0,Electrónica,APP,CABA,,232830.88,1,0,2.0,3.0,0,232830.88
PED-11875,2024-01-08,2355,35.0,Hogar,App,CABA,Tarjeta de crédito,45729.72,2,0,7.0,5.0,0,91459.44
PED-13129,2024-03-09,1012,33.0,Belleza, App ,CABA, Tarjeta de crédito ,20739.21,1,0,5.0,5.0,0,20739.21
PED-13032,2024-07-31,2198,34.0,Indumentaria,App,GBA,Tarjeta de crédito,34313.63,2,0,4.0,5.0,0,68627.26
PED-12081,2024-02-18,1016,35.0,Hogar,Web,Santa Fe, Tarjeta de crédito ,41739.8,4,0,8.0,4.0,0,166959.2
PED-12732,2025-06-23,2448,42.0,Electrónica,App, CABA , Tarjeta de débito ,56725.85,2,0,4.0,2.0,0,113451.7
PED-10049,2025-05-23,2105,38.0,Hogar,Marketplace,caba,Transferencia,33641.34,1,0,1.0,5.0,0,33641.34
PED-10813,09/10/2024,2795,34.0,INDUMENTARIA,Marketplace,SANTA FE,TARJETA DE CRÉDITO,21345.15,2,10,5.0,5.0,0,38421.27
PED-11284,2025-04-03,2382,57.0,BELLEZA,App,CABA,Tarjeta de débito,10820.35,1,15,3.0,5.0,0,9197.3
PED-14422,2025-04-11,2281,24.0,Indumentaria,Marketplace,CABA,tarjeta de crédito,8687.53,2,0,4.0,5.0,0,17375.06
PED-11466,2024-10-10,1261,50.0,Hogar,App,Otras,Tarjeta de crédito,33221.86,1,0,3.0,5.0,0,33221.86
PED-13688,2025-04-15,1340,35.0,Juguetes,Marketplace,GBA,TRANSFERENCIA,21152.07,2,0,8.0,5.0,0,42304.14
PED-10744,2024-11-24,1169,20.0,Juguetes,web,Santa Fe,Tarjeta de crédito,10419.7,1,0,8.0,2.0,0,10419.7
PED-14080,2025-06-17,2771,33.0,Hogar,Marketplace,gba,Tarjeta de crédito,48159.5,2,0,2.0,4.0,0,96319.0
PED-13077,2024-07-10,1157,24.0,indumentaria,Web,Mendoza, Tarjeta de débito ,8084.77,1,0,10.0,4.0,0,8084.77
PED-10877,20/04/2025,1008,,Deportes,Web,Córdoba,TRANSFERENCIA,47359.26,2,0,4.0,3.0,0,94718.52
PED-14934,2024-09-29,2726,24.0,Hogar,app,CABA,MercadoPago,42315.56,2,0,6.0,,0,84631.12
PED-14354,2024-07-22,1893,27.0,electrónica,Web,caba,tarjeta de crédito,301422.71,2,0,,5.0,0,602845.42
PED-14895,2025-05-16,2098,50.0,Belleza,MARKETPLACE,CABA,efectivo,11900.93,5,5,4.0,,0,56529.42
PED-10057,21/04/2025,1492,41.0,belleza, Marketplace , Otras ,MercadoPago,8152.21,72,0,5.0,2.0,0,8152.21
PED-14886,2024-09-26,1258,63.0,Indumentaria,web,GBA,TARJETA DE DÉBITO,26239.12,1,0,7.0,5.0,0,26239.12
PED-14685,2024-10-29,1331,,hogar,Web,CABA,MercadoPago,38689.23,1,0,10.0,4.0,0,38689.23
PED-11976,2025-01-01,1712,47.0,Electrónica,Web,CABA,Tarjeta de crédito,121130.25,2,15,3.0,1.0,0,205921.42
PED-12500,2024-12-28,1629,49.0,Electrónica,WEB,OTRAS,TARJETA DE CRÉDITO,243488.34,4,0,,5.0,0,973953.36
PED-10886,2024-10-11,2015,46.0,Belleza,Web,Santa Fe,Tarjeta de crédito,12967.93,1,25,1.0,4.0,0,9725.95
PED-14204,2025-02-18,2736,28.0,INDUMENTARIA,WEB,OTRAS,MercadoPago,6095.35,1,0,4.0,1.0,0,6095.35
PED-11408,2025-02-07,2366,46.0,Juguetes,App,córdoba, Transferencia ,4711.86,3,5,2.0,4.0,0,13428.8
PED-12662,2024-08-20,1209,35.0,Electrónica,App,GBA,Tarjeta de crédito,121332.2,1,10,7.0,5.0,0,109198.98
PED-14877,2025-01-17,2047,18.0,Indumentaria,App,GBA,Tarjeta de crédito,14983.99,1,20,1.0,5.0,1,11987.19
PED-10223,2024-05-14,2471,34.0,Juguetes,Web, GBA ,Efectivo,17319.17,2,0,7.0,3.0,0,34638.34
PED-11309,2025-01-21,1646,34.0, Electrónica , Marketplace ,CABA,Tarjeta de crédito,120147.36,2,15,3.0,5.0,1,204250.51
PED-12524,2024-06-13,2030,27.0,Juguetes,marketplace,CABA,Tarjeta de crédito,12661.6,1,10,2.0,4.0,0,11395.44
PED-10374,2025-05-13,1769,30.0,Electrónica,Web,Santa Fe,Tarjeta de crédito,162051.0,1,0,5.0,2.0,0,162051.0
PED-14612,2024-02-25,2511,18.0, Indumentaria ,App,GBA,Tarjeta de crédito,25624.78,1,25,7.0,5.0,0,19218.58
PED-13576,2025-03-25,1683,,HOGAR,App,caba,Tarjeta de crédito,48867.56,1,0,4.0,5.0,0,48867.56
PED-13393,31/10/2024,1176,41.0,Juguetes,APP,SANTA FE,MercadoPago,17545.4,2,0,6.0,4.0,0,35090.8
PED-10929,27/03/2025,1035,28.0,Hogar,app,GBA,Transferencia,40946.09,1,0,3.0,4.0,0,40946.09
PED-11407,2024-01-24,1918,42.0,Electrónica,Marketplace,otras,Efectivo,235704.58,1,0,,3.0,0,235704.58
PED-13045,2024-04-20,1341,50.0,Hogar,app,otras,Tarjeta de crédito,59811.3,1,25,11.0,5.0,0,44858.48
PED-12216,2024-09-03,1948,37.0,Deportes,App,,transferencia,29221.34,4,0,5.0,3.0,0,116885.36
PED-14767,2024-11-25,2522,50.0,Deportes,App,Santa Fe,Transferencia,41522.66,1,0,3.0,4.0,0,41522.66
PED-14560,2024-02-04,2553,54.0,HOGAR,Marketplace,CABA,Tarjeta de débito,67657.49,1,0,6.0,4.0,1,67657.49
PED-14376,2024-07-29,2042,48.0, Indumentaria , Marketplace ,CABA,Transferencia,28755.83,1,20,,5.0,0,23004.66
PED-10978,2024-02-11,1877,18.0,belleza,Marketplace,Córdoba,tarjeta de crédito,11081.55,2,0,3.0,,0,22163.1
PED-13080,2024-04-09,1838,25.0,Deportes,Marketplace,Mendoza,MercadoPago,55960.92,1,25,7.0,3.0,0,41970.69
PED-14950,2024-10-04,1180,42.0,Electrónica,Marketplace,GBA,Tarjeta de crédito,136189.77,1,0,4.0,5.0,0,136189.77
PED-14640,04/11/2024,1207,39.0,HOGAR,Web,CABA,Tarjeta de débito,50211.01,1,5,4.0,5.0,0,47700.46
PED-10261,2024-04-08,1815,51.0,Deportes,Web,GBA,MercadoPago,33354.37,72,0,7.0,3.0,0,33354.37
PED-14821,2025-06-02,2021,60.0, Electrónica ,Web,Mendoza, Tarjeta de débito ,215874.7,1,0,2.0,5.0,0,215874.7
PED-12075,2024-05-17,2180,32.0,Indumentaria,Marketplace,CÓRDOBA, Tarjeta de débito ,29260.69,1,5,4.0,4.0,1,27797.66
PED-13824,2024-05-19,1322,41.0,Hogar,Web,Mendoza,Efectivo,26268.93,1,0,8.0,4.0,0,26268.93
PED-11092,2024-06-09,1868,25.0,Belleza,App,GBA,Tarjeta de débito,19654.35,1,5,3.0,5.0,0,18671.63
PED-12281,2024-12-19,1815,30.0,Indumentaria,Web,GBA,TARJETA DE DÉBITO,6893.46,2,0,3.0,,0,13786.92
PED-10902,2024-09-20,2612,39.0,Belleza,Marketplace,CABA,TARJETA DE CRÉDITO,20004.31,2,0,5.0,5.0,0,40008.62
PED-11541,2024-03-29,2705,49.0,Electrónica,Web,gba,Transferencia,231363.99,1,0,2.0,4.0,0,231363.99
PED-14209,2024-05-17,2667,50.0,Electrónica,Web,Otras,tarjeta de crédito,258474.74,1,0,5.0,1.0,0,258474.74
PED-14510,2024-09-02,2117,47.0,hogar,App,CABA,Tarjeta de débito,56154.65,1,10,7.0,,0,50539.19
PED-10826,2025-04-04,1919,20.0,BELLEZA,APP,Otras,Tarjeta de crédito,16338.49,1,0,3.0,,0,16338.49
PED-10774,2024-05-22,2576,31.0,Indumentaria,app,caba,TARJETA DE CRÉDITO,24314.61,1,10,9.0,5.0,0,21883.15
PED-13756,2024-02-22,1523,35.0,Electrónica,app,CABA,TRANSFERENCIA,141666.12,1,0,8.0,5.0,0,141666.12
PED-10464,2025-06-14,2522,39.0,Juguetes,APP,mendoza,MercadoPago,161272.48035557216,2,0,1.0,2.0,0,22423.52
PED-13000,2024-10-05,2276,32.0,Indumentaria,app,GBA,Tarjeta de débito,14851.67,2,5,2.0,5.0,0,28218.17
PED-11890,2025-03-11,2422,51.0,BELLEZA,App,Mendoza,Transferencia,12308.84,1,0,4.0,5.0,0,12308.84
PED-10079,2024-05-08,2129,35.0,Juguetes,App,GBA, Tarjeta de débito ,13162.78,1,10,6.0,4.0,0,11846.5
PED-12586,2024-11-24,1925,46.0,electrónica,marketplace, Otras ,Transferencia,84976.95,1,0,1.0,4.0,0,84976.95
PED-13159,2025-06-01,2737,54.0,Hogar,App,CABA, Efectivo ,43667.19,1,0,,2.0,0,43667.19
PED-10596,12/05/2024,1382,,Indumentaria,App,Otras,Tarjeta de crédito,20281.97,1,0,8.0,4.0,0,20281.97
PED-14861,2024-11-07,1636,25.0,Deportes,Web,Otras,Tarjeta de crédito,42839.64,1,0,1.0,5.0,0,42839.64
PED-14435,2024-09-02,1979,30.0,electrónica,Web,GBA,Tarjeta de débito,141747.96,1,25,7.0,5.0,0,106310.97
PED-12758,2025-05-02,1569,18.0,Indumentaria,web,santa fe,Tarjeta de débito,25664.41,2,0,3.0,2.0,0,51328.82
PED-12654,2025-05-22,1750,65.0,Hogar,App,CABA,MercadoPago,44775.98,2,0,4.0,5.0,0,89551.96
PED-13016,2024-06-17,1378,37.0,Juguetes,,Otras,Tarjeta de débito,18159.6,1,0,3.0,,0,18159.6
PED-13784,2024-12-02,2190,52.0,Belleza,App,CABA,Tarjeta de débito,16288.93,1,0,5.0,5.0,0,16288.93
PED-10723,2024-10-26,2008,19.0,Juguetes,MARKETPLACE,GBA,,10158.6,3,0,2.0,5.0,0,30475.8
PED-11077,2025-06-09,1544,,Indumentaria,App,CABA,Transferencia,30125.86,1,0,5.0,5.0,0,30125.86
PED-10100,05/01/2024,1648,34.0,Indumentaria,app,CABA,Tarjeta de débito,39037.97,1,0,6.0,5.0,0,39037.97
PED-11416,2024-04-26,1840,22.0,ELECTRÓNICA,Web,Mendoza,Tarjeta de crédito,280691.49,1,0,5.0,,0,280691.49
PED-12324,2025-04-13,2264,,Hogar,WEB,Córdoba,Tarjeta de crédito,47963.3,2,0,1.0,3.0,0,95926.6
PED-10381,2025-05-07,2786,41.0,Hogar,App,CABA,Tarjeta de crédito,32806.29,2,0,8.0,4.0,0,65612.58
PED-14016,2025-03-07,1716,49.0,Juguetes,Web, Otras ,MercadoPago,18991.67,1,0,6.0,5.0,0,18991.67
PED-13414,2025-02-28,1081,21.0,Electrónica,Marketplace,GBA,Tarjeta de débito,233528.7,2,0,4.0,5.0,0,467057.4
PED-11263,2025-04-04,1145,26.0,Electrónica,App,CABA,TRANSFERENCIA,154784.3,1,0,2.0,2.0,0,154784.3
PED-10952,2024-02-22,2615,27.0,Deportes, App ,Córdoba, Efectivo ,63877.38,1,0,5.0,4.0,0,63877.38
PED-14827,2024-08-19,1529,54.0,Indumentaria,App,Córdoba,tarjeta de crédito,22681.34,1,15,7.0,4.0,0,19279.14
PED-14814,2024-11-19,1983,20.0,Indumentaria,App,CABA,Efectivo,24410.46,1,0,4.0,,0,24410.46
PED-10636,2024-08-26,2557,27.0,Juguetes,App,Santa Fe,tarjeta de débito,20254.31,2,0,5.0,3.0,0,40508.62
PED-11477,2025-05-25,2314,35.0,Hogar,Web,,Efectivo,39036.3,1,0,13.0,5.0,0,39036.3
PED-10785,2024-01-15,2522,45.0,indumentaria,App,CABA,Tarjeta de débito,24404.8,1,0,4.0,5.0,0,24404.8
PED-12579,2025-05-13,1687,81.0,JUGUETES, Marketplace ,CABA,Tarjeta de crédito,19800.13,5,0,2.0,4.0,1,99000.65
PED-10460,2025-03-20,1665,35.0,Electrónica,App,caba,Tarjeta de crédito,40403.19,1,5,5.0,5.0,0,38383.03
PED-13254,21/07/2024,2510,37.0,Hogar,Marketplace, Mendoza ,tarjeta de débito,44139.45,1,10,4.0,,0,39725.5
PED-14241,2025-05-04,1940,25.0,Deportes,Marketplace,Otras,Tarjeta de débito,40063.23,1,10,4.0,5.0,1,36056.91
PED-10542,14/04/2024,1278,30.0,Indumentaria,Web,Otras,TRANSFERENCIA,23852.78,1,25,3.0,4.0,0,17889.58
PED-10812,2024-10-18,2305,25.0,Hogar,Web,Otras,Transferencia,20016.73,1,0,5.0,4.0,0,20016.73
PED-12554,2024-10-10,2368,51.0,Indumentaria,Web,CABA, Tarjeta de crédito ,26323.65,2,0,1.0,3.0,0,52647.3
PED-10898,2025-05-16,2640,37.0, Belleza , Marketplace ,GBA,tarjeta de débito,10901.02,2,0,3.0,1.0,0,21802.04
PED-12014,2024-05-11,1439,47.0,Hogar,App, Córdoba ,EFECTIVO,35267.76,2,0,6.0,4.0,0,70535.52
PED-12380,2025-02-07,2632,32.0,Hogar,web,GBA, Tarjeta de crédito ,44869.05,1,0,4.0,5.0,0,44869.05
PED-12331,2024-02-04,1715,54.0,Deportes,Web,GBA,tarjeta de crédito,32692.04,1,5,6.0,4.0,0,31057.44
PED-13771,2024-12-14,2512,42.0,Belleza,App,GBA,Tarjeta de débito,6062.55,1,0,5.0,5.0,0,6062.55
PED-13622,2024-01-13,2448,47.0,Belleza,Web,caba,MercadoPago,9536.65,2,0,6.0,4.0,0,19073.3
PED-12222,2024-08-14,1497,23.0,Belleza,App,CABA,MercadoPago,11422.46,1,0,8.0,3.0,0,11422.46
PED-10386,2024-10-03,2626,54.0,Indumentaria,Web, Córdoba ,tarjeta de crédito,16208.72,1,20,1.0,5.0,0,12966.98
PED-10186,2025-02-18,2126,48.0,Hogar,Marketplace,CABA,EFECTIVO,45649.36,1,0,5.0,2.0,1,45649.36
PED-10453,2024-11-22,2264,19.0,Belleza,App,GBA,MercadoPago,14508.67,2,0,1.0,5.0,0,29017.34
PED-12776,2024-05-17,1898,26.0,Hogar,app,GBA,Tarjeta de débito,32246.74,1,0,2.0,4.0,0,32246.74
PED-14412,2025-03-13,1745,18.0,Electrónica, App ,Otras,Tarjeta de crédito,200251.73,1,0,1.0,5.0,0,200251.73
PED-10498,2024-10-31,1193,34.0,Hogar,Web,Córdoba,Tarjeta de crédito,56299.27,5,0,7.0,1.0,1,281496.35
PED-14550,22/02/2024,2719,,BELLEZA,WEB, CABA ,tarjeta de débito,13508.59,2,5,7.0,5.0,1,25666.32
PED-14866,2025-06-02,2534,72.0,Deportes,web,CABA,MercadoPago,32002.19,1,0,11.0,,0,32002.19
PED-13461,2024-07-19,1310,46.0,belleza,Web,,TARJETA DE CRÉDITO,11943.41,1,0,3.0,1.0,0,11943.41
PED-12018,19/06/2025,1382,44.0,Juguetes,,Santa Fe,Tarjeta de débito,9402.9,2,0,2.0,4.0,0,18805.8
PED-13642,2024-06-27,2095,27.0,Belleza,APP,CABA,TARJETA DE DÉBITO,13549.87,1,10,6.0,4.0,1,12194.88
PED-11701,2024-02-24,1471,52.0,BELLEZA,App,Otras,Efectivo,11334.57,1,0,5.0,,0,11334.57
PED-13395,2024-01-07,1009,49.0,Indumentaria,App,GBA,MERCADOPAGO,23978.56,1,25,7.0,1.0,0,17983.92
PED-11181,2024-02-07,2192,44.0,Indumentaria, App ,Otras, Tarjeta de crédito ,16441.85,1,0,6.0,4.0,0,16441.85
PED-13845,2025-05-13,2371,28.0,Deportes,App,CABA, Tarjeta de crédito ,40371.11,1,0,5.0,4.0,0,40371.11
PED-14956,2024-11-22,2732,18.0,Hogar,app,Otras,tarjeta de crédito,52785.43,1,0,7.0,5.0,0,52785.43
PED-13934,2024-04-21,1482,59.0,Hogar,App,,Tarjeta de crédito,48647.25,1,0,6.0,,0,48647.25
PED-14196,2024-05-26,1500,56.0,Electrónica,WEB,CABA,Tarjeta de crédito,2926645.090826763,2,10,1.0,4.0,0,366231.83
PED-14248,24/10/2024,2598,51.0,Electrónica,Web,CABA,Tarjeta de débito,180035.51,1,0,3.0,4.0,0,180035.51
PED-10527,2024-01-10,1030,44.0,Juguetes,app,CABA,transferencia,11059.63,2,0,,5.0,0,22119.26
PED-12111,2024-05-27,1397,68.0,Deportes,Web,gba,Tarjeta de débito,48699.4,2,0,5.0,,0,97398.8
PED-10427,2024-08-10,1131,42.0,Deportes,Marketplace,Mendoza,MERCADOPAGO,31452.16,1,0,,3.0,0,31452.16
PED-12544,2024-04-20,1574,42.0,Electrónica,App,GBA,transferencia,192562.35,1,0,5.0,1.0,0,192562.35
PED-10552,2024-03-23,1411,27.0,Hogar,Web, Mendoza ,TRANSFERENCIA,70159.42,1,10,4.0,5.0,0,63143.48
PED-14252,2025-02-24,2398,36.0,Hogar,APP,Mendoza,Tarjeta de crédito,52553.84,1,0,6.0,5.0,0,52553.84
PED-11108,2024-11-13,2629,47.0,Electrónica,App,Mendoza,Tarjeta de débito,107971.12,1,10,4.0,,0,97174.01
PED-11528,2024-05-24,1953,47.0, Hogar ,Web,GBA,Tarjeta de débito,39824.76,1,0,8.0,5.0,0,39824.76
PED-10669,2024-08-18,2430,33.0,hogar,marketplace,GBA,Tarjeta de crédito,52045.69,1,15,6.0,5.0,0,44238.84
PED-13425,2025-03-10,1990,28.0,Electrónica,Web,GBA,tarjeta de débito,143424.31,1,15,6.0,5.0,0,121910.66
PED-14611,27/06/2024,1258,, Belleza ,App,Mendoza,efectivo,17540.08,1,0,1.0,5.0,0,17540.08
PED-10311,2025-01-04,1802,32.0,Electrónica,App,Santa Fe,Tarjeta de crédito,95831.82,1,0,6.0,1.0,0,95831.82
PED-13936,2024-10-29,1446,25.0,belleza,Marketplace,Santa Fe,Tarjeta de débito,10947.44,1,0,6.0,4.0,0,10947.44
PED-11177,2024-09-17,1877,57.0,HOGAR,App,GBA,Transferencia,38382.53,2,5,5.0,5.0,0,72926.81
PED-10784,2025-05-14,2228,42.0,Belleza,Web,GBA,Efectivo,10871.55,1,0,8.0,4.0,0,10871.55
PED-11718,2025-03-31,1508,18.0,Indumentaria,App,CABA,TARJETA DE CRÉDITO,26235.2,1,0,3.0,3.0,0,26235.2
PED-10230,2024-01-22,2796,30.0, Hogar ,Web,gba,TARJETA DE CRÉDITO,30162.55,3,0,7.0,5.0,1,90487.65
PED-11206,2024-12-28,1007,22.0,Indumentaria,App,Santa Fe,Tarjeta de débito,7199.53,1,0,1.0,4.0,0,7199.53
PED-12059,2025-04-20,1985,39.0,Juguetes,Web,GBA,Efectivo,15450.74,1,0,4.0,4.0,0,15450.74
PED-14806,2024-11-20,1647,31.0,Hogar,,CABA,Tarjeta de débito,56332.2,2,0,1.0,1.0,0,112664.4
PED-12167,2024-01-26,1868,56.0,Hogar,App,Santa Fe,MercadoPago,48684.19,1,0,5.0,3.0,0,48684.19
PED-10299,2024-12-07,1998,32.0,Hogar,Web,Otras,Transferencia,35056.88,1,0,1.0,2.0,0,35056.88
PED-12399,2024-04-18,1790,35.0,Deportes,WEB,Santa Fe,Tarjeta de débito,61055.19,1,0,8.0,3.0,0,61055.19
PED-14579,2024-11-28,2186,36.0,Hogar,Marketplace,CABA, Tarjeta de crédito ,34622.92,1,0,3.0,3.0,0,34622.92
PED-12453,2025-02-23,1342,53.0,Belleza,App,Córdoba,TARJETA DE CRÉDITO,15542.91,1,0,3.0,5.0,0,15542.91
PED-13479,2025-02-03,1482,41.0,indumentaria,Marketplace,CABA,TRANSFERENCIA,31307.2,1,5,8.0,3.0,0,29741.84
PED-12100,2024-06-30,1361,28.0,Belleza,App,Otras,MercadoPago,18024.25,2,20,3.0,5.0,0,28838.8
PED-12429,2024-03-24,1883,18.0,DEPORTES,Marketplace,Córdoba,,53262.57,1,0,7.0,1.0,0,53262.57
PED-14920,2024-12-12,2194,33.0,Electrónica,App,CABA,Tarjeta de crédito,189042.3,2,0,5.0,,0,378084.6
PED-14382,2025-06-06,1096,29.0,Electrónica,web,GBA,Tarjeta de débito,183452.57,1,0,4.0,1.0,0,183452.57
PED-13996,2024-08-04,2727,34.0,electrónica,App,Santa Fe,TARJETA DE CRÉDITO,157484.68,1,0,5.0,,0,157484.68
PED-11025,2024-01-17,2022,,Hogar,Web,CABA, Tarjeta de crédito ,45186.99,1,10,3.0,1.0,0,40668.29
PED-10538,2024-10-08,1269,49.0,juguetes,Web,Córdoba,Tarjeta de crédito,13984.96,1,15,4.0,4.0,1,11887.22
PED-14969,2024-04-15,1824,28.0,Indumentaria,App,gba,Tarjeta de débito,19630.45,1,0,5.0,5.0,0,19630.45
PED-12711,2024-03-23,1801,46.0,hogar,Web,Santa Fe,Tarjeta de débito,29181.81,1,0,3.0,4.0,0,29181.81
PED-12560,2024-09-23,2213,39.0,Electrónica,Web,Santa Fe,Tarjeta de débito,135850.29,1,0,1.0,,0,135850.29
PED-11549,2025-03-29,1694,30.0,BELLEZA,App,córdoba,MercadoPago,12274.66,2,0,4.0,3.0,0,24549.32
PED-13442,2024-07-24,1147,,Electrónica,Marketplace,CABA,Tarjeta de crédito,43609.79,2,0,5.0,4.0,0,87219.58
PED-13820,2024-01-01,1302,18.0,Deportes,Web,Otras,,66422.75,1,0,,,0,66422.75
PED-11215,18/06/2025,2713,50.0,Electrónica,Marketplace,CABA,MercadoPago,80686.18,1,0,7.0,5.0,0,80686.18
PED-13095,2024-10-09,1829,64.0,Electrónica,Web,CABA,MERCADOPAGO,113763.94,1,0,1.0,4.0,0,113763.94
PED-11581,2024-11-21,1578,53.0,Hogar,App,Otras,tarjeta de crédito,49298.4,1,10,4.0,3.0,0,44368.56
PED-10796,2024-07-14,1384,39.0,Electrónica,web,GBA,MercadoPago,107053.41,1,0,6.0,3.0,0,107053.41
PED-14944,2025-06-11,1404,59.0,Juguetes,WEB,GBA,Efectivo,14416.81,1,0,4.0,5.0,0,14416.81
PED-14977,2024-01-13,1213,61.0,Indumentaria,App,CABA,MercadoPago,17320.23,5,15,1.0,5.0,0,73610.98
PED-12077,2024-09-10,1810,28.0,Deportes,Web,GBA,Tarjeta de crédito,27608.91,2,15,7.0,4.0,0,46935.15
PED-13289,2024-05-18,2557,50.0,electrónica,WEB,caba,TRANSFERENCIA,198772.8,1,0,6.0,4.0,0,198772.8
PED-11418,2024-11-30,2357,33.0,Belleza,App,GBA,tarjeta de crédito,10334.26,2,0,2.0,,0,20668.52
PED-14525,2025-01-12,1827,36.0,Indumentaria,Marketplace,Santa Fe,Transferencia,12899.1,1,5,7.0,5.0,0,12254.14
PED-14368,2024-07-29,2233,43.0,Indumentaria,Marketplace,GBA,Tarjeta de débito,28673.21,1,0,6.0,3.0,0,28673.21
PED-13514,2024-07-25,2729,36.0,Hogar,Web,Mendoza,Transferencia,65811.29,1,0,3.0,4.0,0,65811.29
PED-14753,2024-07-09,1686,48.0,Hogar,Web,Santa Fe,tarjeta de débito,29046.16,2,0,4.0,4.0,0,58092.32
PED-14062,2024-10-14,2238,18.0,Deportes,App,CABA, Tarjeta de crédito ,41932.29,1,0,4.0,1.0,0,41932.29
PED-13162,2024-11-13,1458,43.0,Hogar,app,GBA,TARJETA DE DÉBITO,59998.73,2,5,7.0,3.0,0,113997.59
PED-13274,2025-01-24,1651,41.0,Belleza,Web,Mendoza,,18530.79,1,0,2.0,3.0,0,18530.79
PED-12417,2024-04-22,2762,44.0,Indumentaria,Web,Otras,Tarjeta de crédito,24096.23,2,0,5.0,5.0,0,48192.46
PED-14775,2025-06-04,1512,18.0,Electrónica,marketplace,GBA,Tarjeta de crédito,237749.88,1,0,5.0,4.0,0,237749.88
PED-13081,2025-06-27,1904,32.0,Belleza,Marketplace,Córdoba,Tarjeta de débito,8119.63,1,0,3.0,5.0,0,8119.63
PED-13160,20/11/2024,1502,52.0,Belleza,Marketplace,GBA,Efectivo,5753.77,2,0,,5.0,0,11507.54
PED-14161,2024-08-15,1479,51.0,Indumentaria,App,SANTA FE,Efectivo,37436.8,1,0,4.0,4.0,0,37436.8
PED-14374,2024-01-20,1829,41.0,Hogar,Marketplace,CABA,MercadoPago,41296.95,3,10,6.0,5.0,0,111501.76
PED-14391,2024-02-21,1552,40.0,Indumentaria,App,,efectivo,45590.9,1,0,,4.0,0,45590.9
PED-11616,2025-03-20,2134,18.0,Juguetes,Web,CABA,Transferencia,5606.52,1,15,7.0,5.0,0,4765.54
PED-13581,2025-06-23,2383,33.0,BELLEZA,app,GBA,Transferencia,8505.75,1,20,6.0,3.0,0,6804.6
PED-14652,2025-06-23,1257,47.0,Indumentaria,Web,GBA,Transferencia,21481.67,1,5,4.0,4.0,0,20407.59
PED-13942,2024-05-17,2742,26.0,Indumentaria,Marketplace,gba,Tarjeta de débito,17334.52,1,0,3.0,5.0,0,17334.52
PED-12765,2024-08-14,2395,48.0,Juguetes,Web,caba,Tarjeta de crédito,10155.97,1,10,5.0,2.0,0,9140.37
PED-11819,29/04/2025,2158,41.0,Indumentaria,WEB,Mendoza,Tarjeta de débito,23248.96,4,20,6.0,3.0,0,74396.67
PED-14128,2025-04-27,1982,50.0,INDUMENTARIA,Web,Otras,MercadoPago,21739.27,1,0,8.0,4.0,0,21739.27
PED-14259,2024-10-09,2212,48.0,Deportes,Web,GBA,Tarjeta de débito,29271.21,1,0,2.0,5.0,0,29271.21
PED-10262,2024-04-25,1491,29.0,Juguetes,Marketplace,GBA,Tarjeta de débito,16430.91,1,5,3.0,4.0,0,15609.36
PED-10366,2025-02-20,1951,30.0,DEPORTES,web,CABA,Tarjeta de crédito,32515.79,2,0,2.0,5.0,0,65031.58
PED-11717,2025-02-09,1027,38.0,Deportes,Marketplace,CABA,TARJETA DE CRÉDITO,36016.25,1,0,1.0,5.0,0,36016.25
PED-12719,2024-01-23,1388,35.0,Indumentaria,App,Otras,Transferencia,26330.0,1,0,7.0,5.0,1,26330.0
PED-11776,2024-03-19,1083,49.0,juguetes, Web ,CABA,MercadoPago,26295.85,1,10,4.0,4.0,1,23666.26
PED-12042,2024-11-14,1206,38.0,Belleza,Web,Mendoza,Tarjeta de crédito,11559.82,1,0,3.0,4.0,0,11559.82
PED-14468,2025-06-27,2197,18.0,Belleza,Web,Santa Fe, Tarjeta de crédito ,9500.71,1,15,7.0,5.0,0,8075.6
PED-12689,2024-02-28,2384,43.0,Indumentaria,App, GBA ,tarjeta de crédito,14765.4,1,0,1.0,2.0,0,14765.4
PED-12001,2025-05-14,1484,26.0,Belleza,WEB, GBA ,MercadoPago,13580.1,1,0,4.0,5.0,0,13580.1
PED-10128,2024-08-12,1625,57.0,Electrónica,MARKETPLACE,GBA,Tarjeta de crédito,161880.9,1,20,10.0,5.0,0,129504.72
PED-11798,2025-04-01,2384,49.0,indumentaria,,mendoza,MercadoPago,35525.13,2,0,3.0,5.0,0,71050.26
PED-14506,2024-08-16,2697,31.0,Indumentaria,Web,otras,Transferencia,39860.26,2,0,,5.0,0,79720.52
PED-13732,2024-07-29,2502,30.0,Hogar,Web,Santa Fe,Tarjeta de débito,584896.110524734,1,0,1.0,3.0,0,40662.33
PED-10046,2025-01-01,1428,38.0,Juguetes,App,SANTA FE,MercadoPago,13317.57,1,0,1.0,4.0,0,13317.57
PED-14004,2024-09-05,1035,58.0, Belleza ,Web,Mendoza,TARJETA DE DÉBITO,13988.92,2,0,2.0,,0,27977.84
PED-10531,2024-04-28,1731,18.0,Juguetes,Web,CABA,Tarjeta de débito,12799.8,3,0,5.0,2.0,0,38399.4
PED-13303,2024-01-21,2436,63.0,Belleza,Web,Córdoba,transferencia,6302.43,1,15,9.0,3.0,0,5357.07
PED-14502,2024-04-10,2722,44.0,Deportes,Web, GBA ,Tarjeta de crédito,17112.55,1,15,3.0,5.0,0,14545.67
PED-11472,2025-05-11,1600,26.0,Electrónica,Web,Mendoza,efectivo,133791.89,1,0,6.0,5.0,0,133791.89
PED-11268,2025-04-03,1383,28.0,indumentaria,App,CABA,tarjeta de crédito,24791.13,1,5,7.0,4.0,0,23551.57
PED-10804,2024-06-05,1728,37.0,Indumentaria,app,GBA,Tarjeta de crédito,27607.0,1,0,9.0,5.0,1,27607.0
PED-11397,2024-12-17,1613,55.0,Electrónica,Marketplace,Otras,mercadopago,134031.55,1,20,4.0,4.0,1,107225.24
PED-14125,2024-11-26,1258,43.0,Belleza,Web,Otras,Transferencia,9802.45,2,5,3.0,5.0,0,18624.66
PED-12497,2024-03-15,1791,50.0,Indumentaria,Web,CABA,Tarjeta de débito,24224.77,2,0,4.0,5.0,0,48449.54
PED-13809,2025-04-11,1635,18.0,Deportes,App,Mendoza,tarjeta de débito,19191.22,1,0,3.0,1.0,1,19191.22
PED-10816,2024-09-10,1211,42.0,HOGAR,Marketplace,GBA,MercadoPago,17582.55,1,0,6.0,4.0,0,17582.55
PED-14684,2024-03-28,2409,32.0,Electrónica,App,Otras,Tarjeta de débito,294658.17,1,0,6.0,4.0,0,294658.17
PED-10091,2024-01-28,1225,37.0,Belleza,Web,GBA,Tarjeta de crédito,14338.29,1,0,6.0,4.0,0,14338.29
PED-12249,2024-06-24,1789,45.0,juguetes,App,,Tarjeta de débito,15943.29,2,0,7.0,,0,31886.58
PED-10657,2024-01-07,1308,25.0,Deportes,App,CABA,EFECTIVO,56946.91,2,0,2.0,4.0,0,113893.82
PED-14287,2024-11-09,1285,39.0,HOGAR,Marketplace, CABA ,Tarjeta de crédito,67660.91,2,10,4.0,5.0,0,121789.64
PED-13743,2024-08-16,2385,24.0,Belleza,Marketplace,Otras,Tarjeta de crédito,10241.35,1,5,6.0,4.0,0,9729.28
PED-14627,2025-06-20,2011,45.0,Hogar,app,córdoba,Tarjeta de crédito,28561.58,1,0,7.0,5.0,0,28561.58
PED-12653,2024-04-20,1824,55.0, Hogar ,Marketplace,Santa Fe, Transferencia ,38169.74,1,0,4.0,3.0,0,38169.74
PED-13241,30/07/2024,2278,19.0,Indumentaria,marketplace,GBA,MercadoPago,25087.57,1,10,4.0,5.0,0,22578.81
PED-12984,2024-09-27,2011,52.0,Electrónica,Web,CABA,Tarjeta de crédito,74571.08,1,15,4.0,4.0,0,63385.42
PED-12418,2024-11-27,1273,57.0,Electrónica,Marketplace,GBA,Efectivo,184241.32,1,10,4.0,4.0,0,165817.19
PED-11393,21/12/2024,1769,60.0,Electrónica,Web,córdoba,mercadopago,133957.4,1,15,4.0,4.0,0,113863.79
PED-12752,2024-09-30,2426,42.0,Electrónica,APP,Otras,transferencia,102688.73,1,0,5.0,5.0,0,102688.73
PED-12262,2024-07-09,2394,39.0,Electrónica,APP,CABA,Tarjeta de débito,203823.82,1,0,3.0,4.0,0,203823.82
PED-13893,2024-09-06,2764,41.0,deportes,Web,OTRAS,Tarjeta de débito,35157.5,1,0,1.0,1.0,0,35157.5
PED-14030,2025-04-07,1167,47.0, Indumentaria ,Web,Mendoza,MercadoPago,18674.65,4,0,6.0,4.0,0,74698.6
PED-10743,2024-11-14,2185,48.0,Belleza,Web,CABA,MercadoPago,4975.9,2,15,3.0,1.0,1,8459.03
PED-10090,2024-02-10,2301,59.0,Indumentaria,APP, CABA ,MercadoPago,30576.59,1,0,10.0,4.0,1,30576.59
PED-11033,2024-08-16,2067,50.0,JUGUETES,,Otras,MercadoPago,24225.69,2,5,5.0,5.0,0,0.0
PED-14592,2024-11-01,2712,41.0,Indumentaria,Marketplace,CABA,Tarjeta de crédito,14624.91,3,25,6.0,4.0,0,32906.05
PED-14564,2024-12-14,1599,24.0,INDUMENTARIA,Web,Córdoba,Tarjeta de crédito,14619.48,2,0,2.0,5.0,0,29238.96
PED-10852,2024-08-31,1836,21.0,Indumentaria,App,Santa Fe,Tarjeta de débito,29820.7,1,0,7.0,,0,29820.7
PED-11274,2024-04-08,1757,33.0,Hogar,Marketplace,GBA,Transferencia,60463.19,1,0,4.0,2.0,0,60463.19
PED-14908,2024-01-01,1154,35.0,Electrónica,Web,,efectivo,229052.25,1,0,4.0,,0,229052.25
PED-14001,2025-03-23,2238,,Hogar, Web ,GBA,TARJETA DE CRÉDITO,71518.64,1,0,1.0,4.0,1,71518.64
PED-12378,2024-07-08,2530,37.0,INDUMENTARIA,App, GBA ,Tarjeta de débito,12054.93,1,0,4.0,3.0,1,12054.93
PED-13094,2025-03-28,1553,18.0,ELECTRÓNICA,Marketplace,OTRAS,transferencia,247509.09,2,0,3.0,4.0,0,495018.18
PED-14999,2024-12-28,2013,35.0,Electrónica,Marketplace,CABA,Transferencia,336361.69,1,0,8.0,1.0,0,336361.69
PED-13219,2024-03-13,1857,28.0,Juguetes,App,GBA, MercadoPago ,20522.81,1,5,5.0,5.0,0,19496.67
PED-12357,2024-07-12,2031,52.0,INDUMENTARIA,Web,CABA,Efectivo,17949.43,1,0,1.0,4.0,0,17949.43
PED-11068,16/05/2024,1666,68.0,INDUMENTARIA,WEB,GBA,MercadoPago,25765.74,1,0,3.0,4.0,0,25765.74
PED-13874,2025-05-08,1371,53.0,Juguetes,Web,CABA,Tarjeta de débito,7161.78,2,0,6.0,2.0,0,14323.56
PED-12108,2024-03-10,1010,58.0,Indumentaria,Web,GBA,TRANSFERENCIA,11267.77,1,10,5.0,5.0,0,10140.99
PED-13945,2025-05-17,1924,40.0,Indumentaria,,CÓRDOBA,MercadoPago,24712.11,1,0,6.0,3.0,0,24712.11
PED-10608,2024-04-20,2343,37.0,Hogar,MARKETPLACE,Otras,MercadoPago,40335.44,1,0,3.0,5.0,0,40335.44
PED-11778,2024-01-12,2129,25.0,Juguetes,WEB,CÓRDOBA,transferencia,13071.97,1,15,1.0,4.0,0,11111.17
PED-14101,2024-08-24,2375,40.0,Electrónica,marketplace,Otras, Tarjeta de débito ,235232.71,1,15,7.0,5.0,0,199947.8
PED-13463,2024-11-09,1647,23.0,hogar,App,GBA,efectivo,5779.15,2,10,6.0,4.0,0,10402.47
PED-13307,2024-03-09,1276,47.0,JUGUETES,Web,Córdoba,Tarjeta de crédito,26833.06,1,0,6.0,4.0,0,26833.06
PED-12236,10/05/2024,1447,38.0,Belleza,web,GBA, Tarjeta de crédito ,14600.89,1,15,4.0,5.0,0,12410.76
PED-10347,2024-12-22,1854,,Belleza,App,, Efectivo ,14569.22,2,0,5.0,5.0,0,29138.44
PED-14198,2025-04-22,1569,42.0,electrónica, Web ,MENDOZA, Transferencia ,135331.37,1,0,2.0,4.0,0,135331.37
PED-14987,30/06/2024,1029,50.0,HOGAR,App,CABA,Tarjeta de crédito,51525.3,2,0,,4.0,0,103050.6
PED-12105,2025-06-16,2045,29.0,hogar,app,caba,MercadoPago,40688.26,1,0,1.0,1.0,0,40688.26
PED-11820,2025-04-27,1947,26.0,Belleza,App,Córdoba,MercadoPago,11197.43,1,20,3.0,5.0,0,8957.94
PED-13215,2024-05-16,1178,44.0,Indumentaria,Marketplace,GBA, Tarjeta de crédito ,27472.94,2,10,5.0,5.0,0,49451.29
PED-13716,13/06/2025,1604,19.0,INDUMENTARIA, Web ,GBA, Efectivo ,28986.53,1,25,5.0,4.0,0,21739.9
PED-13573,2025-06-24,1034,51.0,Indumentaria,APP,córdoba, Tarjeta de crédito ,15617.51,1,5,5.0,5.0,0,14836.63
PED-12088,30/06/2024,1005,27.0,Hogar,App,santa fe,Tarjeta de crédito,29853.78,2,10,8.0,1.0,0,53736.8
PED-12663,2025-03-12,2665,18.0,Indumentaria,Web,GBA,Tarjeta de crédito,25319.92,1,0,3.0,3.0,0,25319.92
PED-10389,2024-07-10,1375,42.0,Hogar,Web,,Tarjeta de débito,32924.92,2,0,3.0,4.0,0,65849.84
PED-13801,2025-05-25,2410,23.0,indumentaria,App,Mendoza,Tarjeta de crédito,8998.63,2,15,5.0,5.0,1,15297.67
PED-11929,05/02/2025,1023,22.0,Electrónica,Web,CABA,Tarjeta de crédito,116519.49,1,10,4.0,4.0,0,104867.54
PED-10331,2024-06-02,1015,34.0,Electrónica,Web,caba,,268768.73,1,0,3.0,4.0,0,268768.73
PED-12852,2025-02-15,1906,18.0,belleza,App,Otras,Tarjeta de crédito,3462.6,1,0,3.0,2.0,0,3462.6
PED-10335,2024-08-07,1039,37.0,Indumentaria,WEB,CABA,Transferencia,25162.17,1,0,5.0,5.0,0,25162.17
PED-10196,2024-06-08,1549,29.0,Electrónica, App ,Mendoza,Efectivo,152519.26,3,0,4.0,5.0,0,457557.78
PED-12468,2024-03-15,2333,0.0,Indumentaria,App, Córdoba ,Tarjeta de débito,17618.9,1,0,3.0,4.0,0,17618.9
PED-10123,2025-05-20,1420,36.0,hogar,App,CABA,Transferencia,38823.14,1,5,4.0,3.0,0,36881.98
PED-14725,2024-05-05,1931,35.0,Deportes,Marketplace,MENDOZA,efectivo,43049.64,2,0,5.0,1.0,0,86099.28
PED-14043,2025-05-01,2335,49.0,Juguetes,App, GBA ,transferencia,13323.63,2,0,10.0,5.0,0,26647.26
PED-13364,2024-04-27,1836,45.0,Belleza,Web,Córdoba,Tarjeta de crédito,12347.09,1,0,2.0,,0,12347.09
PED-13901,2024-01-05,2531,46.0,Belleza,web,Mendoza,Tarjeta de crédito,14601.03,1,0,4.0,3.0,0,14601.03
PED-12791,2024-04-13,2251,33.0,Indumentaria,Web,gba,MercadoPago,22961.53,1,0,1.0,4.0,0,22961.53
PED-11688,2024-07-27,1302,37.0, Indumentaria ,Web,Santa Fe, MercadoPago ,37852.56,2,0,3.0,4.0,0,75705.12
PED-14277,2024-03-18,2353,18.0,Hogar,Web,gba,Tarjeta de débito,58015.14,1,20,4.0,,0,46412.11
PED-10620,2025-02-06,2615,51.0,Deportes,Web,CABA,Tarjeta de débito,22464.44,1,5,5.0,4.0,0,21341.22
PED-11265,2024-01-29,2283,39.0,Belleza,App,CABA,efectivo,8232.2,1,5,3.0,,0,7820.59
PED-12799,2024-02-24,2242,40.0,indumentaria,Web,GBA,Transferencia,17172.41,1,0,3.0,3.0,0,17172.41
PED-14219,2024-03-28,2071,33.0,Deportes,App,GBA,Tarjeta de crédito,38098.71,1,0,3.0,4.0,0,38098.71
PED-10340,2024-07-22,1784,35.0,Deportes,WEB,caba,Tarjeta de crédito,45431.03,2,0,1.0,4.0,0,90862.06
PED-14547,2025-02-19,1356,35.0,BELLEZA,App,Santa Fe,MercadoPago,17593.45,3,10,4.0,5.0,0,47502.32
PED-11946,2025-01-31,1164,35.0,Electrónica,Web,otras,Tarjeta de débito,139671.8,2,0,8.0,4.0,0,279343.6
PED-12311,09/08/2024,2549,33.0,Hogar,Web,GBA,Tarjeta de débito,57727.22,2,15,7.0,4.0,0,98136.27
PED-12388,2024-07-01,1512,54.0,Hogar,Marketplace,Otras,Tarjeta de crédito,39483.67,1,0,2.0,5.0,0,39483.67
PED-13656,2025-05-08,2029,43.0,Belleza, App ,Santa Fe,Tarjeta de crédito,2718.1,4,10,1.0,5.0,0,9785.16
PED-12495,2024-12-09,1636,31.0,Hogar,WEB,Mendoza,Transferencia,41451.5,1,20,4.0,3.0,0,33161.2
PED-14815,2024-01-15,2253,46.0,HOGAR,web,CABA,Tarjeta de crédito,19525.35,1,0,5.0,5.0,0,19525.35
PED-11824,2025-06-09,2183,51.0,Indumentaria,App,CABA,MercadoPago,21695.96,2,5,2.0,2.0,0,41222.32
PED-12015,2025-01-15,1710,50.0,Indumentaria,App,Córdoba,MercadoPago,24830.34,1,0,6.0,,0,24830.34
PED-10010,03/04/2025,2341,47.0,Indumentaria,Web,Córdoba,Tarjeta de crédito,28944.29,1,0,4.0,5.0,0,28944.29
PED-12061,2024-04-27,2640,51.0,Juguetes,Web,GBA,,15940.25,1,0,3.0,4.0,0,15940.25
PED-12254,2025-04-27,2289,21.0,indumentaria,App,gba,TARJETA DE CRÉDITO,12830.45,1,0,3.0,4.0,1,12830.45
PED-13624,2025-06-21,1757,18.0,Hogar,Web, GBA ,Tarjeta de débito,30640.18,1,0,3.0,3.0,0,30640.18
PED-11827,2024-07-01,1231,39.0,hogar,App,CABA,Transferencia,46366.9,1,5,7.0,5.0,0,44048.56
PED-12966,2024-04-18,1933,50.0,Juguetes,Web,CABA,Tarjeta de crédito,20306.44,1,5,1.0,5.0,0,19291.12
PED-12218,10/05/2024,2778,33.0,Juguetes,App,GBA, Tarjeta de débito ,13368.42,2,0,3.0,5.0,1,26736.84
PED-14682,2024-11-08,2644,53.0,electrónica,WEB,Otras,Tarjeta de crédito,208550.07,1,0,6.0,5.0,0,208550.07
PED-14014,2025-02-22,2784,37.0, Juguetes ,Web,Córdoba,MercadoPago,17989.34,2,0,,5.0,0,35978.68
PED-12012,29/07/2024,1659,35.0, Juguetes ,Marketplace,Córdoba,TARJETA DE CRÉDITO,14140.54,1,0,4.0,,0,14140.54
PED-10274,2025-01-20,1281,62.0,Electrónica,App,Córdoba,Tarjeta de débito,179741.15,2,0,8.0,4.0,0,359482.3
PED-14928,2025-03-20,1331,43.0,DEPORTES,Web,CABA,Efectivo,50887.24,2,0,10.0,4.0,0,101774.48
PED-13737,2024-01-18,1441,18.0, Hogar ,Web,Otras,MercadoPago,40513.61,1,5,2.0,4.0,0,38487.93
PED-10667,2024-02-08,2157,49.0,Hogar,Web,CABA,MercadoPago,46457.05,1,10,3.0,4.0,0,41811.34
PED-10766,2024-02-11,2553,20.0,Electrónica,Web,Córdoba,Transferencia,140318.07,1,0,2.0,5.0,0,140318.07
PED-14207,2024-10-14,1713,61.0,Belleza,Web,,Tarjeta de crédito,11484.73,1,0,5.0,5.0,1,11484.73
PED-10298,2024-11-09,2198,32.0,deportes,App,Mendoza,tarjeta de débito,43958.88,1,5,4.0,5.0,1,41760.94
PED-11514,2024-05-08,2571,29.0,Indumentaria,App,Mendoza,,26354.07,4,0,3.0,4.0,0,105416.28
PED-10279,08/02/2024,1765,41.0,Hogar,App, CABA ,Tarjeta de débito,34448.75,1,0,2.0,5.0,0,34448.75
PED-11235,2024-11-21,2507,45.0,deportes,App,Córdoba,transferencia,29219.91,1,20,8.0,5.0,0,23375.93
PED-11497,2024-11-01,2146,31.0,INDUMENTARIA,Web,CABA,Tarjeta de crédito,51225.49,3,10,6.0,5.0,0,138308.82
PED-13889,2025-04-16,1099,26.0,BELLEZA,web,Otras,Tarjeta de crédito,22121.26,1,0,6.0,3.0,0,22121.26
PED-12878,2024-04-02,2528,41.0,Deportes,APP,CABA,MercadoPago,41050.91,1,0,5.0,4.0,0,41050.91
PED-10399,2024-03-02,1748,,Hogar,Web,Santa Fe,Tarjeta de crédito,62666.4,1,0,,5.0,0,62666.4
PED-11753,2024-03-13,2393,37.0,DEPORTES,App,,transferencia,26960.15,1,0,7.0,3.0,0,26960.15
PED-11869,2024-06-21,2180,31.0,Electrónica,MARKETPLACE,Santa Fe,Tarjeta de crédito,113277.37,1,5,4.0,4.0,0,107613.5
PED-13082,2024-05-07,2352,24.0,Deportes,App,Santa Fe,Tarjeta de crédito,17295.01,1,0,3.0,3.0,0,17295.01
PED-11194,2024-04-24,2567,30.0,Belleza,Web,Santa Fe,Tarjeta de crédito,7599.59,2,0,1.0,5.0,0,15199.18
PED-12000,2025-01-27,2610,18.0,JUGUETES,web,CABA,tarjeta de crédito,16134.7,1,0,1.0,4.0,0,16134.7
PED-11189,09/02/2024,1247,18.0,Deportes,App,Santa Fe,Transferencia,43855.73,2,5,2.0,4.0,1,83325.89
PED-11046,2024-11-13,2595,37.0,Hogar,web,CABA,MercadoPago,39625.61,1,10,8.0,4.0,0,35663.05
PED-11767,2024-08-25,2736,30.0,ELECTRÓNICA,App, Santa Fe ,Tarjeta de débito,181746.37,1,10,7.0,3.0,0,163571.73
PED-10604,2025-03-25,1367,62.0, Juguetes ,Marketplace,CABA,Tarjeta de crédito,19720.79,1,10,6.0,5.0,0,17748.71
PED-12990,2024-07-07,1947,54.0, Belleza ,Marketplace,Otras,Tarjeta de débito,7501.05,1,10,3.0,2.0,0,6750.95
PED-11216,2025-03-01,2662,18.0,ELECTRÓNICA,Web,CABA,Tarjeta de crédito,87813.56,2,0,5.0,5.0,0,175627.12
PED-12647,2024-07-06,1499,50.0,Indumentaria,App,,Efectivo,17256.58,1,0,1.0,,0,17256.58
PED-14359,2024-04-11,2146,40.0,Indumentaria,Web,OTRAS,Tarjeta de débito,38157.0,1,0,2.0,5.0,0,38157.0
PED-12802,2025-06-11,1987,42.0,Electrónica,app,Otras,Tarjeta de crédito,175654.78,2,5,1.0,4.0,0,333744.08
PED-14175,2024-01-30,1992,36.0,Indumentaria,APP,GBA,MercadoPago,11025.83,2,0,8.0,5.0,0,22051.66
PED-14642,2024-01-14,1003,52.0,INDUMENTARIA,Marketplace,CABA,Transferencia,5852.59,1,0,5.0,5.0,0,5852.59
PED-10038,2024-09-30,2237,18.0,Belleza,APP,Mendoza,MERCADOPAGO,12279.69,3,5,5.0,4.0,0,34997.12
PED-14257,2025-04-12,1658,38.0,BELLEZA,App,CABA,Tarjeta de débito,7853.22,1,0,2.0,3.0,0,7853.22
PED-10888,2025-03-04,2524,57.0,hogar,App,CABA,Transferencia,64329.1,2,0,6.0,,0,128658.2
PED-10198,2024-08-20,2648,40.0,Belleza,Web,córdoba,MercadoPago,10859.97,1,0,5.0,4.0,0,10859.97
PED-10855,20/01/2025,2254,55.0,Indumentaria,App,CABA, Tarjeta de crédito ,32457.53,1,0,3.0,4.0,0,32457.53
PED-13674,2024-02-08,2399,24.0,Hogar,Web,Córdoba,Tarjeta de débito,56670.09,1,0,2.0,4.0,0,56670.09
PED-13792,2024-11-10,1519,32.0,Electrónica,web,caba,Efectivo,290129.29,1,0,7.0,5.0,0,290129.29
PED-14933,2024-05-07,1990,18.0,Belleza,Web,,Tarjeta de débito,15451.97,3,10,4.0,5.0,0,41720.32
PED-11366,2025-01-04,2797,41.0,DEPORTES,App,gba,transferencia,37789.13,4,0,7.0,4.0,0,151156.52
PED-11340,2024-03-28,2238,39.0,Belleza,Web,Santa Fe,Transferencia,12909.59,1,15,5.0,1.0,0,10973.15
PED-13192,2025-04-25,1573,30.0,Belleza,App,CABA,Efectivo,12401.53,1,0,7.0,2.0,0,12401.53
PED-10787,22/04/2025,1600,45.0,Indumentaria, Web ,CABA,Tarjeta de crédito,23764.94,1,10,8.0,5.0,0,21388.45
PED-11770,2025-04-27,2579,18.0,hogar,Web,CÓRDOBA,Tarjeta de crédito,16084.58,1,0,7.0,5.0,0,16084.58
PED-10432,2024-01-09,2398,55.0,Belleza,Web,Otras,Tarjeta de crédito,16534.81,1,15,4.0,5.0,0,14054.59
PED-11223,2025-06-07,1277,41.0,Electrónica,Marketplace,Otras,TARJETA DE CRÉDITO,181907.87,1,10,11.0,5.0,0,163717.08
PED-12950,2024-04-23,1952,47.0,Electrónica,App,CABA,TARJETA DE DÉBITO,254088.3,1,10,10.0,3.0,0,228679.47
PED-13468,2025-05-14,1222,45.0,Hogar,app,,Tarjeta de débito,18761.92,1,0,3.0,5.0,0,18761.92
PED-11624,2024-12-27,2385,46.0,HOGAR,App,CABA,tarjeta de débito,70001.17,1,0,6.0,5.0,0,70001.17
PED-11264,2024-01-07,1756,52.0,Belleza,Web,Córdoba,tarjeta de débito,17601.28,1,0,4.0,4.0,0,17601.28
PED-10244,2024-02-18,2167,36.0,Indumentaria,App,CÓRDOBA,tarjeta de crédito,6282.75,3,0,3.0,4.0,0,18848.25
PED-11728,2024-06-28,2702,25.0,Hogar,App,CABA,Tarjeta de débito,54313.29,1,10,8.0,5.0,0,48881.96
PED-11323,2024-12-09,2024,22.0,Electrónica,web,GBA,Tarjeta de débito,212571.02,1,0,6.0,3.0,0,212571.02
PED-11967,2024-10-04,1979,66.0,Indumentaria,Marketplace,GBA,TARJETA DE DÉBITO,35400.4,2,25,5.0,5.0,0,53100.6
PED-14599,2024-06-19,1007,58.0,Belleza,App, Córdoba ,Efectivo,782.5,1,10,6.0,5.0,0,0.0
PED-14230,20/01/2025,1754,34.0,Belleza,WEB,CABA,transferencia,5999.5,1,0,5.0,4.0,0,0.0
PED-12884,2024-11-26,1853,37.0,Belleza,App,Santa Fe,Tarjeta de crédito,17356.72,2,0,1.0,4.0,1,34713.44
PED-14105,2024-01-25,2516,42.0,Hogar,App,CABA,Tarjeta de débito,71505.6,2,0,3.0,4.0,0,143011.2
PED-11078,2024-06-07,2108,18.0,Indumentaria,Marketplace,Otras,TARJETA DE CRÉDITO,26180.72,1,5,7.0,5.0,0,24871.68
PED-14858,2024-11-22,2628,41.0,juguetes,app,CABA,Tarjeta de débito,15176.9,1,0,5.0,,0,15176.9
PED-13110,2024-11-08,1068,42.0,Deportes,Web,CABA,Tarjeta de crédito,20199.99,2,20,3.0,,0,32319.98
PED-12523,2024-03-09,1361,48.0,Deportes,App,córdoba,Efectivo,56893.8,2,0,5.0,3.0,0,113787.6
PED-11292,2025-01-21,1713,18.0,Indumentaria,App,GBA,Efectivo,27734.24,1,15,6.0,4.0,0,23574.1
PED-14672,2024-03-25,1012,50.0,Indumentaria,Web,caba,Tarjeta de débito,40118.35,2,0,7.0,5.0,0,80236.7
PED-12267,2025-06-16,1483,51.0,Belleza, App ,GBA,Tarjeta de crédito,11702.75,1,0,5.0,4.0,0,11702.75
PED-12239,2024-06-04,2747,45.0,Electrónica,App,GBA,Tarjeta de crédito,156593.44,2,10,3.0,4.0,0,281868.19
PED-12392,28/11/2024,1853,27.0,Indumentaria,Web,OTRAS,MercadoPago,31775.59,2,0,4.0,5.0,0,63551.18
PED-11088,11/05/2025,1553,28.0,Juguetes,Web,CABA,MercadoPago,20494.9,1,0,5.0,5.0,0,20494.9
PED-12827,2024-04-13,2763,21.0,deportes,marketplace,CABA,Tarjeta de crédito,28982.4,5,0,4.0,4.0,0,144912.0
PED-12285,2025-05-21,1823,18.0,Indumentaria,Web,GBA,,38712.96,1,0,3.0,3.0,0,38712.96
PED-11896,2025-05-05,1696,64.0,Electrónica, App ,CABA,MercadoPago,134418.57,1,0,3.0,5.0,0,134418.57
PED-14701,2024-04-10,1075,42.0,Indumentaria,web,CABA,Tarjeta de crédito,10418.55,1,5,3.0,5.0,0,9897.62
PED-10181,2024-05-27,2075,42.0,juguetes,App, CABA ,Tarjeta de crédito,7109.93,1,5,2.0,,0,6754.43
PED-10410,2025-01-18,1928,38.0, Indumentaria , Marketplace ,gba, Tarjeta de crédito ,26692.31,1,0,5.0,5.0,0,26692.31
PED-11903,2024-05-17,1097,40.0,Deportes,App,CABA,Tarjeta de débito,39161.7,1,20,11.0,4.0,0,31329.36
PED-14446,2024-11-25,2764,23.0,juguetes,,Córdoba,tarjeta de crédito,9120.27,3,0,3.0,3.0,0,27360.81
PED-12881,07/05/2025,1440,36.0,Belleza,Web,OTRAS,efectivo,12535.42,1,0,6.0,5.0,0,12535.42
PED-12492,2025-01-22,1947,46.0,BELLEZA,Marketplace,Otras,Tarjeta de crédito,5586.2,1,10,6.0,5.0,0,5027.58
PED-11069,2025-05-12,2320,36.0,Deportes,app,Otras,Transferencia,34187.29,4,5,7.0,5.0,0,129911.7
PED-12656,2024-10-21,2686,54.0, Deportes ,MARKETPLACE,Córdoba,Transferencia,54137.94,2,0,9.0,1.0,1,108275.88
PED-13323,2024-06-25,1099,18.0,Hogar,MARKETPLACE,gba,Transferencia,52330.56,1,15,6.0,3.0,0,44480.98
PED-11918,2024-05-28,2785,37.0,INDUMENTARIA,marketplace,Otras,Tarjeta de crédito,35018.22,3,0,9.0,5.0,0,105054.66
PED-13878,2024-12-20,2147,18.0,deportes,Marketplace,Otras,Tarjeta de crédito,56783.65,1,0,2.0,5.0,0,56783.65
PED-13705,2024-12-08,2772,80.0,ELECTRÓNICA,App,córdoba,Tarjeta de crédito,174942.22,1,15,6.0,5.0,0,148700.89
PED-12350,2024-05-11,1295,33.0,HOGAR,,Otras,Tarjeta de débito,38233.58,2,0,6.0,5.0,0,76467.16
PED-11566,2024-09-23,2509,44.0,Hogar,App,GBA,Tarjeta de crédito,58334.45,1,0,5.0,,0,58334.45
PED-12592,2024-01-13,1869,,Deportes,Web,GBA,MERCADOPAGO,34183.24,1,0,3.0,3.0,0,34183.24
PED-13611,2024-02-12,1679,33.0,HOGAR,Web,GBA,MercadoPago,39000.61,1,0,2.0,4.0,0,39000.61
PED-11782,2025-06-15,1888,35.0,Electrónica,Web,Santa Fe,TARJETA DE CRÉDITO,152569.23,1,0,1.0,4.0,0,152569.23
PED-12051,2025-03-07,1445,,BELLEZA,Web,gba,Tarjeta de crédito,19696.35,2,0,4.0,5.0,0,39392.7
PED-10958,2024-02-28,2567,49.0,electrónica,App,Otras, Transferencia ,202039.16,1,0,6.0,4.0,0,202039.16
PED-14295,2024-12-21,2007,28.0,Indumentaria,Web,Otras,tarjeta de débito,28126.42,2,10,2.0,5.0,0,50627.56
PED-14160,2024-07-13,2170,18.0,hogar,web,GBA,tarjeta de débito,51233.34,1,0,6.0,1.0,0,51233.34
PED-14470,2024-06-04,1984,46.0,Belleza,Marketplace, Otras ,Tarjeta de crédito,13228.66,1,0,4.0,3.0,0,13228.66
PED-13051,2024-03-28,1690,39.0,Hogar,App,Otras,tarjeta de débito,61335.59,1,15,8.0,5.0,0,52135.25
PED-10968,2024-10-04,2289,52.0,INDUMENTARIA,Marketplace,,Tarjeta de crédito,9437.82,1,15,2.0,,0,8022.15
PED-12098,2024-09-26,1277,21.0,Hogar,App,CABA,Tarjeta de crédito,71249.73,3,0,6.0,5.0,0,213749.19
PED-14071,2024-04-15,1934,38.0,Indumentaria,Web,CABA,Tarjeta de crédito,26262.26,1,15,9.0,5.0,0,22322.92
PED-14764,2024-09-17,1102,21.0,ELECTRÓNICA,App,Santa Fe,MERCADOPAGO,222559.62,1,0,4.0,5.0,0,222559.62
PED-13679,2024-02-05,1557,34.0,HOGAR,Marketplace,GBA,Efectivo,46758.25,1,20,4.0,4.0,0,37406.6
PED-13864,2024-08-05,1094,18.0,Hogar,Marketplace,Córdoba,Tarjeta de crédito,40640.89,1,15,6.0,5.0,0,34544.76
PED-12414,2025-04-29,1379,50.0,electrónica,Web,Santa Fe,Transferencia,106607.79,1,0,9.0,5.0,0,106607.79
PED-12610,2024-09-20,1322,65.0,HOGAR,App,Santa Fe,Transferencia,48385.27,1,0,4.0,4.0,0,48385.27
PED-11739,2024-04-10,2099,44.0,Electrónica,App,GBA,TARJETA DE DÉBITO,307832.66,1,5,4.0,5.0,0,292441.03
PED-13033,2024-11-05,2150,23.0,Deportes,Web,Santa Fe,Tarjeta de crédito,46752.03,1,15,8.0,5.0,0,39739.23
PED-11601,2024-05-23,2605,46.0,Indumentaria,Web,caba,Tarjeta de débito,35146.39,1,10,4.0,3.0,1,31631.75
PED-13275,2024-10-21,1147,18.0,Hogar,Marketplace,Otras,Tarjeta de crédito,76596.22,1,0,5.0,1.0,0,76596.22
PED-14508,2024-06-03,2650,43.0,DEPORTES,Marketplace,CABA,Tarjeta de débito,33951.89,3,0,7.0,4.0,0,101855.67
PED-14200,2025-01-18,1144,47.0,Belleza, Marketplace ,MENDOZA,Transferencia,17663.54,2,10,4.0,4.0,0,31794.37
PED-13061,2025-05-23,1506,,Hogar,Web,Otras,MercadoPago,741636.1215302629,2,0,7.0,4.0,0,103117.98
PED-14428,2025-05-14,1150,28.0,Deportes,App,OTRAS,Tarjeta de crédito,43177.89,1,0,5.0,3.0,0,43177.89
PED-11948,2024-12-25,2502,52.0,Deportes,Marketplace,Otras,Efectivo,29543.89,1,0,1.0,2.0,0,29543.89
PED-10944,2025-01-20,2555,23.0,Electrónica,Web,GBA,Tarjeta de crédito,157513.61,1,0,7.0,4.0,0,157513.61
PED-12213,2024-09-16,2143,37.0,Electrónica,Marketplace,CABA,Tarjeta de débito,166797.92,4,0,5.0,4.0,0,667191.68
PED-12840,2025-03-16,2753,18.0,Belleza,App,CABA,Tarjeta de débito,11171.56,2,0,3.0,5.0,0,22343.12
PED-13040,2025-06-04,1652,18.0,Hogar, Web ,Mendoza,Transferencia,41523.14,2,20,4.0,5.0,0,66437.02
PED-13807,03/12/2024,1051,32.0,JUGUETES,web,CABA,TARJETA DE DÉBITO,14006.61,5,0,5.0,3.0,0,70033.05
PED-10111,10/02/2025,1294,44.0,Electrónica,app,Córdoba,Tarjeta de crédito,201474.67,1,0,5.0,2.0,0,201474.67
PED-13448,2024-04-05,1783,46.0,ELECTRÓNICA,Marketplace,CABA,Transferencia,210291.29,1,0,1.0,4.0,0,210291.29
PED-10967,2024-07-19,2169,35.0,Hogar,marketplace,GBA,Tarjeta de débito,32622.36,1,5,2.0,5.0,0,30991.24
PED-14735,25/04/2025,1762,31.0,Belleza,marketplace,GBA,transferencia,14334.08,3,25,4.0,5.0,0,32251.68
PED-12675,14/03/2024,1341,47.0,Indumentaria,Web,Otras, Tarjeta de crédito ,21512.97,1,0,4.0,4.0,0,21512.97
PED-11444,2024-05-09,1743,25.0,Juguetes,Web,GBA,Tarjeta de crédito,15787.6,1,10,2.0,3.0,0,14208.84
PED-12837,2025-05-06,1436,24.0,Deportes,web,GBA,Tarjeta de crédito,48514.99,1,0,2.0,4.0,0,48514.99
PED-12703,2024-03-28,1427,43.0,electrónica,Web,gba,Tarjeta de débito,127943.84,1,25,7.0,4.0,0,95957.88
PED-14176,2024-02-14,2670,32.0,Hogar,App,Santa Fe,Tarjeta de débito,-26490.86,1,10,6.0,2.0,0,23841.77
PED-13211,2025-03-24,2559,39.0,hogar,App,Santa Fe,Tarjeta de crédito,50297.3,1,0,5.0,4.0,0,50297.3
PED-14860,2024-07-18,1584,43.0,Hogar, Web ,Córdoba,Efectivo,66998.49,1,25,7.0,5.0,0,50248.87
PED-10524,2025-01-24,2593,51.0,Hogar,App,CABA,Tarjeta de crédito,42071.67,1,0,1.0,5.0,0,42071.67
PED-14351,2024-07-06,1018,44.0,BELLEZA,Marketplace,CABA, Tarjeta de débito ,171782.31447365877,1,0,1.0,3.0,0,11942.41
PED-13616,2024-08-09,2094,51.0,Indumentaria,App,GBA,Tarjeta de crédito,21401.98,2,0,5.0,,0,42803.96
PED-14832,2024-06-03,1142,35.0,Belleza,App,CABA,Tarjeta de débito,16720.7,1,0,10.0,3.0,0,16720.7
PED-10086,2024-10-15,1842,39.0,Hogar,WEB,GBA,Tarjeta de crédito,40249.77,1,0,7.0,5.0,0,40249.77
PED-11983,2024-07-04,1905,55.0,Electrónica,App,CABA,TRANSFERENCIA,251028.62,1,0,7.0,5.0,1,251028.62
PED-12476,2024-07-11,2092,29.0,belleza,Marketplace,GBA,tarjeta de crédito,16291.33,5,5,5.0,3.0,0,77383.82
PED-14283,2024-12-05,1906,46.0,Deportes,App,CABA,Tarjeta de crédito,48728.37,1,0,1.0,5.0,0,48728.37
PED-13686,2025-01-17,1218,39.0,Electrónica,App,CABA,Tarjeta de débito,182776.59,2,0,8.0,4.0,0,365553.18
PED-10040,2024-11-11,2030,44.0,Electrónica,Marketplace,,Tarjeta de crédito,180808.2,1,0,4.0,3.0,0,180808.2
PED-12768,2024-02-18,1071,39.0,Electrónica,app,CABA,TARJETA DE DÉBITO,114343.94,1,0,2.0,4.0,0,114343.94
PED-11161,2024-01-03,2313,29.0,INDUMENTARIA,App,Córdoba,Efectivo,33509.36,1,0,5.0,4.0,0,33509.36
PED-14708,2024-05-13,1431,51.0,Indumentaria,App,CABA,Tarjeta de crédito,12208.38,1,0,8.0,,0,12208.38
PED-11665,2024-08-05,2361,54.0,Electrónica,Marketplace,Mendoza,Transferencia,61187.34,1,20,1.0,,0,48949.87
PED-11540,2024-06-09,2725,24.0,hogar,Web,Otras,Efectivo,41463.26,1,0,1.0,4.0,0,41463.26
PED-14495,2024-09-13,1775,18.0,Belleza,App,CABA,Tarjeta de débito,13334.18,2,0,1.0,5.0,0,26668.36
PED-13602,2025-02-09,1109,41.0,Indumentaria,App,CABA,Tarjeta de crédito,33610.73,1,0,7.0,5.0,0,33610.73
PED-10491,2024-08-16,2101,24.0,Indumentaria,App,GBA,Efectivo,29205.96,1,0,4.0,3.0,0,29205.96
PED-10973,29/01/2024,2037,23.0,Deportes,Marketplace,CABA,Transferencia,29410.32,2,5,1.0,,0,55879.61
PED-11796,2024-02-25,2564,30.0,Belleza,Web,Otras,EFECTIVO,18703.58,1,0,7.0,2.0,1,18703.58
PED-11394,2024-11-04,1858,48.0,Electrónica,Marketplace,GBA,MercadoPago,156124.0,1,0,2.0,5.0,0,156124.0
PED-14879,2025-03-07,2304,30.0,Electrónica,app,Santa Fe,Tarjeta de débito,210719.61,2,0,1.0,5.0,0,421439.22
PED-11382,2025-05-29,2389,34.0, Electrónica ,Web,CABA,tarjeta de débito,224363.89,1,15,2.0,5.0,0,190709.31
PED-10642,26/01/2024,1796,,Electrónica,Web,santa fe,EFECTIVO,161698.28,1,0,3.0,4.0,0,161698.28
PED-11919,2025-05-02,1764,61.0,Electrónica,Web,GBA, Transferencia ,239868.03,1,0,1.0,5.0,0,239868.03
PED-14494,09/09/2024,2267,30.0,DEPORTES,App,CABA,Transferencia,25450.29,2,0,8.0,5.0,1,50900.58
PED-11736,2024-05-22,2163,18.0,hogar,Web,CABA,Tarjeta de crédito,49619.02,1,10,8.0,3.0,0,44657.12
PED-11130,2024-03-01,1145,35.0,HOGAR,Web,GBA,MercadoPago,65531.1,2,0,4.0,2.0,0,131062.2
PED-11203,2024-06-16,2315,21.0,Hogar,Web,Córdoba,Tarjeta de crédito,36825.34,5,0,7.0,5.0,0,184126.7
PED-11201,2024-05-26,2601,45.0,Indumentaria,Web, GBA , Tarjeta de crédito ,44906.15,1,0,2.0,1.0,0,44906.15
PED-11695,2025-04-21,2239,51.0,Indumentaria,Web,Santa Fe,transferencia,20732.32,3,0,4.0,3.0,0,62196.96
PED-14694,2024-04-18,1498,19.0,INDUMENTARIA,Marketplace,GBA,transferencia,40134.89,4,0,3.0,2.0,0,160539.56
PED-11035,2024-06-20,1254,38.0,Hogar,App,GBA,transferencia,28178.62,2,0,5.0,4.0,0,56357.24
PED-10307,2024-07-14,2334,25.0,hogar, Web ,GBA,Tarjeta de crédito,38340.92,1,5,3.0,1.0,0,36423.87
PED-11678,08/06/2024,2787,56.0,BELLEZA,app,Mendoza,TARJETA DE CRÉDITO,10946.02,1,5,5.0,4.0,0,10398.72
PED-14191,2024-02-19,1651,53.0,HOGAR,APP,Santa Fe,Tarjeta de débito,51837.33,2,0,6.0,5.0,0,103674.66
PED-11659,2025-01-08,2323,43.0,Electrónica,Web,CABA,MercadoPago,119424.07,1,0,,2.0,0,119424.07
PED-12499,2025-03-05,2602,23.0,ELECTRÓNICA, App ,Mendoza,Tarjeta de crédito,144555.25,1,5,3.0,2.0,0,137327.49
PED-11031,2024-05-10,1435,40.0,Electrónica,App,Santa Fe,MercadoPago,137390.6,2,0,8.0,,0,274781.2
PED-14235,2024-06-19,2437,19.0,Belleza,APP,Otras,tarjeta de débito,8707.55,2,0,,1.0,1,17415.1
PED-13064,2025-04-21,1308,48.0,Belleza,Web,caba,Tarjeta de crédito,6191.07,1,0,4.0,,0,0.0
PED-12659,2024-01-27,1594,31.0,Deportes,App,CABA,Transferencia,29448.86,1,0,7.0,3.0,0,29448.86
PED-10183,2024-12-03,2725,60.0,Indumentaria,App,Mendoza,Tarjeta de débito,13275.08,2,0,1.0,5.0,0,26550.16
PED-12165,2025-01-15,2795,44.0,Deportes,APP,Otras,Tarjeta de crédito,34652.07,1,0,7.0,5.0,0,34652.07
PED-14577,2024-01-09,1185,22.0,Belleza,Web,CABA,Efectivo,14112.62,1,5,5.0,5.0,0,13406.99
PED-13520,2024-06-09,1766,38.0,HOGAR,Web,GBA,Tarjeta de crédito,15664.23,1,5,3.0,3.0,0,14881.02
PED-13141,2024-05-20,1072,22.0,Belleza,WEB,GBA,MercadoPago,12354.67,1,5,5.0,,0,11736.94
PED-10384,2025-01-10,1589,37.0,Hogar, App ,Otras,Tarjeta de crédito,51307.59,1,0,5.0,4.0,0,51307.59
PED-11625,2024-05-20,1508,50.0,Indumentaria,WEB,OTRAS,tarjeta de crédito,32511.51,1,0,7.0,5.0,1,32511.51
PED-13954,2024-07-15,1270,22.0,Indumentaria,Web,Córdoba,EFECTIVO,18692.78,1,0,4.0,,0,18692.78
PED-13006,2025-01-25,1003,22.0,HOGAR,Web,CABA,MERCADOPAGO,47540.65,2,5,4.0,4.0,1,90327.24
PED-12135,2024-02-12,1694,33.0,Hogar,Marketplace,caba,transferencia,21666.59,1,0,2.0,3.0,0,21666.59
PED-11326,2024-03-12,1889,39.0,Juguetes,Web,caba,Efectivo,15338.7,1,0,7.0,5.0,0,15338.7
PED-14635,2024-04-23,1024,39.0,Indumentaria,Web,GBA,Tarjeta de crédito,22163.1,1,10,2.0,,0,19946.79
PED-11094,2025-05-07,2463,22.0,Hogar,Web,GBA,Tarjeta de débito,13832.83,4,10,6.0,5.0,0,0.0
PED-12085,2024-09-16,1928,31.0,ELECTRÓNICA, Web ,caba,Tarjeta de débito,266878.46,1,15,1.0,5.0,1,226846.69
PED-13071,2025-05-29,1107,39.0,Deportes,web,Mendoza,Tarjeta de débito,35347.9,1,5,9.0,2.0,1,33580.5
PED-13659,11/03/2024,1604,58.0,Electrónica,Web,GBA,Transferencia,81265.06,3,0,4.0,,0,243795.18
PED-14578,2024-11-29,2460,38.0,Indumentaria,Web,Santa Fe,Tarjeta de crédito,32814.35,2,0,5.0,4.0,0,65628.7
PED-11188,2024-04-23,2283,32.0,Hogar,Web,GBA,Tarjeta de débito,10956.71,2,0,1.0,4.0,0,21913.42
PED-13947,2024-07-10,2095,40.0,Indumentaria,App,GBA,Tarjeta de débito,9953.64,3,0,7.0,5.0,0,29860.92
PED-11660,2024-06-15,1046,28.0,Belleza,App,Otras,Tarjeta de débito,500.0,2,5,3.0,5.0,0,950.0
PED-14483,2025-06-25,1867,37.0,Indumentaria,Web,mendoza,efectivo,6396.39,1,0,1.0,4.0,0,6396.39
PED-13775,2024-05-06,2236,49.0,juguetes,Web,Santa Fe,Efectivo,16110.55,2,0,6.0,1.0,0,32221.1
PED-12788,2024-04-28,2223,39.0, Deportes ,MARKETPLACE,Córdoba,Transferencia,34293.75,3,0,4.0,,0,102881.25
PED-12936,2024-09-21,1957,51.0,Electrónica,App,caba,Efectivo,118115.59,1,15,1.0,4.0,0,100398.25
PED-14356,2024-10-02,1329,45.0,deportes,Marketplace,caba,Tarjeta de débito,46477.81,1,0,1.0,,0,46477.81
PED-13267,2024-11-14,1015,57.0,Indumentaria,App, Santa Fe ,Tarjeta de crédito,27930.66,3,0,4.0,4.0,0,83791.98
PED-13761,2025-02-25,1711,24.0,Belleza, App ,CABA,Tarjeta de débito,19124.9,1,0,8.0,4.0,0,19124.9
PED-11234,2024-12-30,2782,18.0,Juguetes,Web,,tarjeta de débito,13219.62,1,0,5.0,,1,13219.62
PED-13894,2025-05-24,2132,32.0,Juguetes,App,GBA,MERCADOPAGO,7463.23,1,20,5.0,4.0,1,5970.58
PED-14833,2025-06-05,1340,45.0,Juguetes,App,Mendoza,TARJETA DE CRÉDITO,25651.38,4,0,6.0,5.0,0,102605.52
PED-14997,2025-05-08,1941,25.0,INDUMENTARIA,WEB,Santa Fe,Tarjeta de débito,13112.29,1,0,2.0,5.0,0,13112.29
PED-11804,2024-07-08,1637,35.0,Electrónica,APP, Santa Fe ,MercadoPago,205872.53,1,5,3.0,4.0,0,195578.9
PED-14857,2024-02-28,1019,33.0,Deportes,Web,GBA,tarjeta de débito,41019.57,1,0,2.0,5.0,0,41019.57
PED-13840,2025-02-10,1562,60.0,Electrónica,App,Otras,Tarjeta de crédito,322850.88,1,15,6.0,5.0,1,274423.25
PED-13483,2025-03-20,2545,19.0,Deportes,App,Santa Fe,Tarjeta de débito,17466.86,4,15,6.0,5.0,0,59387.32
PED-10472,2025-03-31,2371,41.0,Belleza,Web,GBA, Tarjeta de débito ,12427.51,2,0,1.0,5.0,0,24855.02
PED-10023,2025-04-04,1751,43.0,Hogar, Marketplace ,CABA, Efectivo ,68751.75,1,0,3.0,4.0,0,68751.75
PED-11237,2025-02-17,1530,34.0,Indumentaria,App,GBA,Transferencia,19359.56,3,0,7.0,,1,58078.68
PED-11626,2024-04-27,1806,63.0,Electrónica,App,GBA,MERCADOPAGO,176244.58,1,15,,4.0,0,149807.89
PED-11425,2024-08-24,1777,46.0,Indumentaria, Web ,OTRAS,MERCADOPAGO,19458.02,1,0,3.0,4.0,0,19458.02
PED-13580,2024-07-29,2353,29.0, Hogar ,Web,GBA,Tarjeta de crédito,50883.45,1,0,1.0,3.0,0,0.0
PED-10994,2024-12-28,2363,35.0,Hogar,APP,MENDOZA,transferencia,46908.62,2,15,5.0,5.0,0,79744.65
PED-14487,2024-04-17,2570,29.0,Belleza,App,santa fe,Tarjeta de crédito,16560.39,72,10,5.0,5.0,0,29808.7
PED-14115,08/04/2024,2226,22.0,Belleza,App, Santa Fe ,TARJETA DE CRÉDITO,12042.63,1,0,6.0,4.0,0,12042.63
PED-12968,2024-10-29,2036,53.0,Hogar,app,Córdoba,MercadoPago,66590.12,1,0,7.0,4.0,0,66590.12
PED-10401,2025-01-31,2188,23.0,Deportes,App,Mendoza,Tarjeta de crédito,59981.56,1,5,7.0,1.0,1,56982.48
PED-11089,2025-05-30,1806,54.0,Deportes,App,Santa Fe,Tarjeta de crédito,66357.55,1,0,6.0,4.0,0,66357.55
PED-12863,2025-04-03,2404,41.0,Indumentaria,Marketplace,Otras,Tarjeta de crédito,37702.79,1,0,1.0,5.0,0,37702.79
PED-12973,2024-05-11,1134,51.0,Indumentaria,Marketplace,Otras,Tarjeta de débito,43506.29,1,10,5.0,5.0,0,39155.66
PED-12039,2024-06-07,1056,25.0,Indumentaria,App,caba,MercadoPago,18680.28,1,10,3.0,5.0,1,16812.25
PED-13938,2024-03-31,2406,20.0,Electrónica, Web ,, Tarjeta de débito ,156264.06,1,0,6.0,5.0,0,156264.06
PED-11454,2024-10-27,2660,33.0,HOGAR,Marketplace,GBA,TARJETA DE DÉBITO,39836.61,3,0,4.0,1.0,0,119509.83
PED-13680,10/04/2024,1717,36.0,Deportes,App,CABA,Tarjeta de débito,42597.06,1,0,6.0,5.0,0,42597.06
PED-13583,2024-11-10,1381,18.0,ELECTRÓNICA,Web, GBA ,Tarjeta de crédito,188168.46,1,0,3.0,4.0,0,188168.46
PED-10444,2024-01-29,2046,43.0,Indumentaria,Web,GBA,MercadoPago,34684.28,1,0,4.0,5.0,0,34684.28
PED-14282,2024-06-04,2126,31.0,BELLEZA,WEB, Otras ,Transferencia,1135.28,3,0,3.0,2.0,0,3405.84
PED-12347,2025-06-16,1581,32.0,Electrónica,WEB,Santa Fe,MercadoPago,268598.31,1,0,6.0,3.0,0,268598.31
PED-13608,2024-04-21,1226,26.0,Deportes,Marketplace,santa fe,Tarjeta de débito,47461.4,1,10,1.0,5.0,0,42715.26
PED-12801,2024-01-12,2362,31.0,electrónica,App,GBA,Tarjeta de crédito,316026.96,1,0,7.0,,0,316026.96
PED-10603,2024-02-22,1913,37.0,Indumentaria,App,CABA,Efectivo,35357.73,1,10,5.0,4.0,0,31821.96
PED-13916,2024-05-11,2701,53.0,Juguetes,marketplace,CABA,Tarjeta de débito,12653.54,1,10,3.0,,0,11388.19
PED-12721,2024-01-13,1780,20.0,Deportes,WEB,CABA,Tarjeta de crédito,24576.35,1,0,1.0,4.0,0,24576.35
PED-14297,2024-04-05,2190,51.0,JUGUETES,Marketplace,Santa Fe,Tarjeta de débito,12501.74,1,0,5.0,5.0,0,12501.74
PED-10963,2025-06-04,1683,44.0,Hogar,,Mendoza,tarjeta de débito,35791.75,1,15,3.0,4.0,0,30422.99
PED-11351,2024-04-12,2140,44.0,Belleza,Marketplace,Córdoba,Transferencia,13882.28,1,15,6.0,5.0,0,11799.94
PED-11570,2025-03-25,2319,36.0,Indumentaria,App,GBA,Tarjeta de crédito,27714.32,1,0,8.0,4.0,0,27714.32
PED-11604,02/01/2024,2740,40.0,Deportes,Marketplace,SANTA FE,Tarjeta de débito,35799.17,2,0,8.0,5.0,0,71598.34
PED-11317,29/09/2024,2406,56.0,Deportes,Marketplace,Otras, Tarjeta de crédito ,18346.44,1,0,5.0,5.0,0,18346.44
PED-12151,2024-12-09,1761,18.0,Hogar,Web,CABA,TARJETA DE CRÉDITO,23802.38,1,10,10.0,5.0,0,21422.14
PED-13547,2024-12-30,2150,0.0,Electrónica,MARKETPLACE,Mendoza,EFECTIVO,212989.26,1,10,3.0,4.0,0,191690.33
PED-13825,2025-04-25,2231,44.0,Indumentaria,App,CABA,Tarjeta de crédito,19358.0,1,0,2.0,5.0,0,19358.0
PED-14261,2024-06-10,1406,62.0,electrónica,app,santa fe,Tarjeta de crédito,104650.99,2,10,5.0,1.0,0,188371.78
PED-10350,2024-04-09,1954,55.0,Belleza,App,mendoza,Tarjeta de crédito,10716.9,1,0,1.0,1.0,0,10716.9
PED-14492,2024-09-11,1113,46.0,Indumentaria,App,GBA,Tarjeta de débito,19208.03,1,0,4.0,5.0,0,19208.03
PED-12491,2024-01-31,2430,22.0,Electrónica,App,CABA,Tarjeta de débito,140181.7,1,15,2.0,4.0,0,119154.44
PED-11686,2024-05-09,2758,53.0,Electrónica,Web,Otras,Transferencia,176160.81,1,10,2.0,5.0,1,158544.73
PED-13341,11/10/2024,1337,39.0,HOGAR,App,CABA,Tarjeta de débito,64572.35,1,0,5.0,5.0,0,64572.35
PED-10360,2024-06-08,2517,47.0,Hogar,Web,Córdoba,Tarjeta de crédito,32795.9,1,10,2.0,3.0,0,29516.31
PED-12377,2024-10-28,2652,62.0, Hogar ,App,GBA,Tarjeta de crédito,9285.48,1,10,6.0,5.0,0,8356.93
PED-10120,2024-01-28,2245,44.0,Deportes,Marketplace,CABA,mercadopago,50894.99,1,0,7.0,5.0,0,50894.99
PED-11643,2025-03-14,2487,59.0,Electrónica,Web,Otras,TARJETA DE CRÉDITO,161937.5,1,0,7.0,5.0,0,161937.5
PED-12221,2025-01-16,1237,30.0,Deportes,App,Córdoba,Transferencia,65701.37,1,0,2.0,4.0,0,65701.37
PED-13019,2025-06-25,1657,30.0,Belleza,web,CABA,TARJETA DE CRÉDITO,4219.43,2,20,8.0,4.0,0,6751.09
PED-13065,2024-03-13,2432,51.0,Deportes,Web,GBA,Efectivo,41430.35,1,0,7.0,5.0,0,41430.35
PED-10814,2024-03-09,1925,47.0,Electrónica,web,CABA,tarjeta de crédito,179394.22,1,15,,5.0,0,152485.09
PED-14132,2025-05-05,2111,36.0,Juguetes,Web,Córdoba,Tarjeta de crédito,19647.78,2,5,5.0,5.0,0,37330.78
PED-11588,2024-04-26,2668,50.0,Electrónica,App,GBA,TRANSFERENCIA,255497.25,1,0,8.0,5.0,0,255497.25
PED-10496,2024-02-16,2491,37.0,DEPORTES,App,,Tarjeta de crédito,44336.88,1,0,3.0,,0,44336.88
PED-11882,2025-02-11,1161,38.0,Electrónica,App, Córdoba ,tarjeta de crédito,158840.81,5,0,7.0,5.0,0,794204.05
PED-14157,2024-05-03,1105,38.0,Belleza,WEB,Córdoba,Tarjeta de crédito,8884.68,3,0,7.0,4.0,0,26654.04
PED-13810,2024-05-22,2356,46.0,Indumentaria,Marketplace, Otras ,Tarjeta de crédito,21510.01,1,10,4.0,1.0,0,19359.01
PED-12813,2024-02-14,2122,36.0,Hogar,Marketplace,CABA,Tarjeta de crédito,47754.68,1,10,5.0,2.0,0,42979.21
PED-13262,2025-05-17,2054,29.0,Indumentaria,Web,CABA,Efectivo,31199.1,2,0,5.0,5.0,0,62398.2
PED-13788,2024-11-23,1065,18.0,Electrónica,App,Córdoba,Transferencia,250616.01,1,0,6.0,4.0,0,250616.01
PED-11358,2025-03-03,1292,31.0,deportes,Web,Otras,Tarjeta de crédito,33961.25,1,0,4.0,,0,33961.25
PED-10029,25/05/2025,1970,18.0,Indumentaria,Web,Otras,Tarjeta de débito,23061.76,3,0,5.0,5.0,0,69185.28
PED-10566,2024-06-02,2287,43.0,indumentaria,Web,CABA,Tarjeta de débito,22100.24,1,0,3.0,4.0,1,22100.24
PED-10031,2024-07-08,2775,32.0,DEPORTES,WEB,Otras, Efectivo ,43472.26,2,0,3.0,5.0,0,86944.52
PED-12898,2024-11-06,2664,36.0,Electrónica,web,CABA,Tarjeta de crédito,199424.97,3,10,4.0,4.0,1,538447.42
PED-11998,2024-04-21,1129,39.0,Belleza,web,GBA,Transferencia,14936.93,2,5,3.0,4.0,0,28380.17
PED-11064,2024-09-06,2126,37.0,indumentaria,Web,GBA,Tarjeta de crédito,17884.22,1,20,3.0,3.0,0,14307.38
PED-14112,2024-12-20,1082,56.0,Hogar,Web,GBA,Tarjeta de débito,41871.44,2,0,4.0,1.0,0,83742.88
PED-12965,2025-02-06,1912,46.0,Belleza,Marketplace,GBA,Transferencia,18422.2,1,0,4.0,5.0,0,18422.2
PED-11805,2025-05-08,1780,46.0,hogar,App,MENDOZA,Tarjeta de débito,25165.1,1,0,5.0,5.0,0,25165.1
PED-10683,2024-04-20,2086,40.0,Hogar,Marketplace,gba, Transferencia ,25703.36,1,5,1.0,,0,24418.19
PED-12739,2024-01-13,1752,62.0,Indumentaria,Web,GBA,Tarjeta de débito,26027.57,2,0,4.0,2.0,0,52055.14
PED-13312,2024-10-09,1583,46.0,juguetes,Web,CABA,Tarjeta de crédito,8742.63,2,20,5.0,2.0,0,13988.21
PED-13663,2024-12-23,1654,18.0,Electrónica,Web,,Tarjeta de crédito,126481.96,1,0,5.0,,0,126481.96
PED-12475,2025-02-24,1621,47.0, Deportes ,Web,Mendoza,,24650.65,1,0,8.0,,0,24650.65
PED-12583,11/06/2024,1257,39.0,INDUMENTARIA,Web, Otras ,MercadoPago,15197.66,1,20,7.0,4.0,0,12158.13
PED-13058,2025-02-10,2355,18.0,Hogar,App,Santa Fe,MercadoPago,55939.48,1,0,4.0,5.0,0,55939.48
PED-13391,2024-09-25,2080,73.0,Deportes,Web,Córdoba,Tarjeta de débito,42543.56,1,0,1.0,4.0,0,42543.56
PED-13660,2024-12-29,1853,,Belleza,App,Córdoba,TARJETA DE DÉBITO,13081.14,1,0,3.0,1.0,0,13081.14
PED-14889,2024-09-09,2103,28.0,Electrónica,MARKETPLACE,CABA,mercadopago,44173.59,1,25,2.0,5.0,1,33130.19
PED-11258,2024-11-01,2026,30.0,Belleza,Web,GBA,transferencia,15880.73,1,0,6.0,4.0,1,15880.73
PED-12625,12/07/2024,2668,41.0,Belleza,app,Santa Fe,Tarjeta de crédito,10538.84,1,5,,5.0,0,10011.9
PED-13963,2025-05-09,1648,29.0,JUGUETES,App,CABA,Tarjeta de crédito,11797.02,1,0,8.0,4.0,0,11797.02
PED-11614,07/11/2024,1181,56.0,Deportes,app,Otras,efectivo,32005.37,1,10,5.0,3.0,0,28804.83
PED-11726,2024-12-06,2656,32.0,Hogar,App,Otras,tarjeta de débito,41210.79,1,0,3.0,4.0,0,41210.79
PED-10359,2025-05-11,1395,49.0,Juguetes,Web,Otras,MercadoPago,4973.17,1,0,11.0,4.0,0,4973.17
PED-10168,2024-07-16,2437,18.0,Deportes,Web,Otras,MercadoPago,20301.62,1,0,7.0,5.0,0,20301.62
PED-12421,2024-04-14,2602,18.0,Hogar,Marketplace,GBA,Transferencia,34171.68,1,0,1.0,4.0,0,34171.68
PED-13536,2024-09-14,2580,54.0,Electrónica,App,Mendoza,Tarjeta de crédito,193905.32,1,25,4.0,5.0,0,145428.99
PED-14807,2025-04-11,2561,30.0,Deportes,APP,otras,TARJETA DE DÉBITO,35217.41,2,0,3.0,5.0,0,70434.82
PED-13470,2025-04-29,1782,40.0,Indumentaria,App,GBA,,26873.64,1,0,,5.0,0,26873.64
PED-11451,2025-03-24,2607,24.0,Indumentaria,Web,caba,Tarjeta de crédito,24949.67,1,10,8.0,4.0,0,22454.7
PED-12611,2024-04-22,2499,67.0,Juguetes,Web,CABA,MercadoPago,11140.51,2,15,6.0,5.0,0,18938.87
PED-11431,2024-10-24,1381,53.0,Indumentaria,WEB,CABA,,19576.13,1,5,6.0,3.0,0,18597.32
PED-12721,2024-01-13,1780,20.0,Deportes,WEB,CABA,Tarjeta de crédito,24576.35,1,0,1.0,4.0,0,24576.35
PED-12031,2024-08-08,2353,66.0,Electrónica, App ,GBA,Tarjeta de débito,166772.97,1,0,5.0,5.0,0,166772.97
PED-12714,2025-02-24,1216,23.0,Electrónica,App,Córdoba,Tarjeta de crédito,150183.22,1,0,5.0,5.0,0,150183.22
PED-10408,2024-09-21,1085,56.0,BELLEZA,Web,Santa Fe,Transferencia,4062.13,1,0,6.0,,0,4062.13
PED-13882,2025-04-16,2227,45.0,Deportes,App,Córdoba,efectivo,9759.67,1,0,7.0,,0,9759.67
PED-12045,2024-04-18,1826,,Belleza,Web,MENDOZA,Tarjeta de crédito,13128.63,1,0,4.0,1.0,0,13128.63
PED-10971,2024-01-04,1510,38.0,Hogar,Web,Córdoba,Tarjeta de crédito,33582.78,1,0,2.0,3.0,0,33582.78
PED-14451,2024-11-01,2203,31.0,Belleza,Marketplace,Córdoba,tarjeta de crédito,5264.84,1,0,2.0,,0,5264.84
PED-14094,2024-05-04,1807,34.0,Belleza,App,Córdoba,TARJETA DE DÉBITO,18309.48,2,0,6.0,4.0,0,36618.96
PED-10695,2025-01-11,2089,27.0,Electrónica,MARKETPLACE,Otras,Efectivo,227556.57,2,0,4.0,,0,455113.14
PED-14206,2024-06-29,2598,42.0,Hogar,Web,,Tarjeta de débito,52588.04,2,20,4.0,3.0,0,84140.86
PED-13230,2024-05-06,1094,43.0,Indumentaria,Web,Santa Fe,Tarjeta de débito,26095.21,1,0,6.0,4.0,1,26095.21
PED-12748,09/04/2024,1632,40.0,Juguetes,Web,Otras,Tarjeta de crédito,19348.77,1,0,10.0,4.0,0,19348.77
PED-10375,2024-02-04,2691,39.0,Hogar,App,GBA,MercadoPago,57302.32,1,0,6.0,5.0,0,57302.32
PED-10750,2025-01-10,2666,37.0,Indumentaria,App,Otras,Transferencia,28854.33,1,5,2.0,5.0,0,27411.61
PED-13871,2024-04-14,2345,49.0,Electrónica, Web ,Otras, Tarjeta de crédito ,168257.85,1,0,1.0,4.0,0,168257.85
PED-12920,13/02/2024,2149,51.0,juguetes,web,SANTA FE,MercadoPago,17547.37,1,0,1.0,2.0,0,17547.37
PED-13980,2024-06-14,2658,18.0,BELLEZA,Web,Mendoza, Tarjeta de crédito ,11539.61,2,0,6.0,5.0,0,23079.22
PED-11954,10/12/2024,2149,21.0,Belleza,Web,CABA,Tarjeta de débito,5717.04,1,0,4.0,5.0,0,5717.04
PED-13694,2024-07-08,1064,38.0,Juguetes,Web,Otras,Tarjeta de crédito,16055.02,1,0,3.0,5.0,0,16055.02
PED-11856,2024-04-29,1770,18.0,Belleza,Web,santa fe,Tarjeta de crédito,12257.96,1,25,9.0,,0,9193.47
PED-12292,01/10/2024,1071,41.0,JUGUETES,MARKETPLACE,Córdoba,efectivo,19989.81,1,0,5.0,1.0,0,19989.81
PED-13237,2024-02-12,2074,63.0, Deportes ,Marketplace,CABA,Transferencia,46603.52,1,25,4.0,5.0,0,34952.64
PED-13636,2024-06-29,2244,40.0,Deportes,Marketplace,GBA,Tarjeta de débito,30780.66,1,0,4.0,5.0,0,30780.66
PED-13177,2024-10-21,2585,45.0,Hogar,app,GBA,Tarjeta de crédito,44008.39,1,10,5.0,5.0,0,39607.55
PED-11583,2024-12-29,2624,47.0,Electrónica,Marketplace,otras,MercadoPago,198849.32,1,0,3.0,,0,198849.32
PED-12747,03/04/2025,2195,50.0,Indumentaria,App,Otras,MercadoPago,21478.84,1,0,3.0,4.0,0,21478.84
PED-13297,2024-05-08,2691,49.0,Deportes,App,GBA,MercadoPago,31667.79,1,0,7.0,3.0,0,31667.79
PED-11835,2024-07-31,1285,37.0,HOGAR,WEB,Otras,Tarjeta de crédito,27931.76,1,15,3.0,4.0,0,23742.0
PED-13986,2024-08-26,1832,41.0,Belleza, Web ,Otras,Tarjeta de débito,13683.78,1,0,3.0,5.0,0,13683.78
PED-10906,2025-01-14,1303,,Electrónica,app,SANTA FE,Tarjeta de crédito,269583.17,1,5,7.0,4.0,0,256104.01
PED-12632,2024-12-23,1433,62.0,Electrónica,App,,Efectivo,201636.64,1,5,3.0,4.0,0,191554.81
PED-11005,2024-11-05,1088,32.0, Indumentaria ,Web,Santa Fe,Tarjeta de crédito,13143.0,1,0,3.0,5.0,0,13143.0
PED-13631,2024-05-23,1357,36.0,Indumentaria,App,GBA,TARJETA DE CRÉDITO,29382.62,4,0,1.0,4.0,0,117530.48
PED-13542,25/10/2024,1905,28.0,Indumentaria,App,CABA,Transferencia,37087.93,1,0,4.0,4.0,0,37087.93
PED-13747,2024-11-05,2613,56.0,Hogar,App,Santa Fe,Transferencia,23875.59,1,0,4.0,5.0,0,23875.59
PED-10920,2024-02-20,1807,41.0,Deportes,WEB,CÓRDOBA,MercadoPago,40531.3,1,0,1.0,4.0,0,40531.3
PED-10189,2024-05-23,1392,43.0,HOGAR,WEB,CABA,TARJETA DE DÉBITO,13913.2,2,0,5.0,,0,27826.4
PED-12868,2024-10-03,2395,23.0,Indumentaria,Web,otras,Tarjeta de débito,15405.74,1,0,7.0,4.0,0,15405.74
PED-13316,2024-03-01,1644,47.0,Electrónica,App,Santa Fe,TARJETA DE DÉBITO,378315.57,1,0,6.0,4.0,0,378315.57
PED-13276,2025-01-03,2131,54.0,Electrónica,marketplace, CABA ,Transferencia,156698.24,1,0,4.0,5.0,0,156698.24
PED-10862,2024-06-30,1892,24.0,Electrónica,App,Santa Fe,Tarjeta de débito,2103277.0826877626,1,15,1.0,5.0,0,124287.93
PED-13857,2024-05-26,2452,27.0,Hogar,WEB,Córdoba,Tarjeta de débito,28676.99,1,0,7.0,,0,28676.99
PED-13903,2024-10-09,2736,44.0,JUGUETES,MARKETPLACE,GBA,,17267.8,1,0,1.0,5.0,0,17267.8
PED-13290,2024-07-03,1629,54.0,Electrónica,App,OTRAS,Tarjeta de crédito,221917.84,1,0,3.0,4.0,0,221917.84
PED-10829,2024-05-12,1795,45.0,Electrónica,app,,Tarjeta de débito,83913.32,1,0,3.0,4.0,0,83913.32
PED-14738,2024-12-10,1226,33.0,Indumentaria,APP,Córdoba,MercadoPago,31947.27,1,0,3.0,3.0,0,31947.27
PED-14234,2024-10-22,1906,39.0,Indumentaria,Web,CABA,Transferencia,29325.86,1,0,4.0,4.0,0,29325.86
PED-14729,2024-08-08,1917,55.0,Hogar,App,Córdoba,Tarjeta de crédito,62399.91,1,20,6.0,5.0,0,49919.93
PED-13634,2024-08-26,1915,40.0,Hogar,App,Mendoza,Tarjeta de débito,32970.63,1,0,3.0,5.0,0,32970.63
PED-12975,02/02/2025,1864,44.0,Indumentaria,WEB,GBA,TRANSFERENCIA,23272.87,1,0,2.0,4.0,0,23272.87
PED-10718,2024-07-12,2237,51.0,Indumentaria,Web,Otras,tarjeta de débito,20170.77,1,10,6.0,5.0,0,18153.69
PED-10245,2025-05-26,1742,25.0,Juguetes,Marketplace,CABA,Tarjeta de débito,10428.68,1,5,1.0,5.0,0,9907.25
PED-10201,2024-05-10,2710,,Hogar,Web,Santa Fe,Tarjeta de crédito,41526.33,1,0,4.0,5.0,0,41526.33
PED-10455,2024-10-27,2795,59.0,DEPORTES,Web,GBA,Tarjeta de crédito,41190.31,1,0,4.0,5.0,0,41190.31
PED-14330,2024-07-19,1362,32.0,electrónica, Web , CABA ,tarjeta de crédito,155055.22,3,20,12.0,5.0,0,372132.53
PED-11248,29/08/2024,1631,18.0,JUGUETES, Marketplace ,Córdoba,Tarjeta de débito,11384.16,1,0,6.0,5.0,0,11384.16
PED-10116,2025-06-08,1062,35.0,Hogar,MARKETPLACE,Santa Fe,Tarjeta de crédito,13726.86,2,5,5.0,,0,26081.03
PED-11479,2024-01-20,1914,33.0,Indumentaria,,CABA,MercadoPago,29574.21,1,0,1.0,4.0,0,29574.21
PED-10218,2024-06-09,2587,40.0,Belleza,App,GBA,Tarjeta de crédito,16494.41,2,10,9.0,4.0,0,29689.94
PED-12154,2024-02-01,2601,36.0,Deportes, Web ,Mendoza,TARJETA DE DÉBITO,33196.32,1,5,3.0,4.0,0,31536.5
PED-13956,2025-03-24,2727,45.0,Belleza,App,Otras,Tarjeta de crédito,8126.34,1,0,5.0,5.0,0,8126.34
PED-10205,29/04/2024,1229,50.0,HOGAR,Web,Otras,Tarjeta de débito,63731.99,2,0,3.0,4.0,0,127463.98
PED-11076,2024-09-29,1349,21.0,Indumentaria,App,CABA,Tarjeta de crédito,25193.37,1,0,7.0,4.0,1,25193.37
PED-14634,2025-05-09,1090,29.0,BELLEZA,Web,CABA,Tarjeta de débito,18116.44,1,15,4.0,4.0,0,15398.97
PED-10707,2024-02-09,1825,,Electrónica,Web, CABA ,Tarjeta de débito,186077.34,1,0,8.0,,0,186077.34
PED-14713,2025-05-17,2759,,juguetes,Marketplace,Otras,Transferencia,8836.1,1,20,2.0,5.0,0,7068.88
PED-13513,2025-03-12,1327,57.0,Belleza,App,GBA,Transferencia,8164.42,1,15,2.0,5.0,0,6939.76
PED-13883,2025-01-04,1739,22.0,belleza,Web,GBA,Tarjeta de débito,12890.7,5,0,10.0,4.0,0,64453.5
PED-12181,2024-01-08,2091,47.0,Belleza, Web ,CABA,Tarjeta de crédito,8775.54,72,0,5.0,4.0,0,17551.08
PED-14994,20/05/2025,2356,43.0,Electrónica,Marketplace,CABA,Tarjeta de crédito,213515.61,2,0,8.0,4.0,0,427031.22
PED-13083,2025-03-27,2061,44.0,juguetes,app,CABA,Tarjeta de crédito,21075.82,1,0,8.0,5.0,0,21075.82
PED-12609,2025-01-04,1353,30.0,Belleza,Marketplace,caba,MercadoPago,7117.84,1,0,7.0,2.0,0,7117.84
PED-11437,2024-11-13,1368,45.0,Indumentaria,App,córdoba, MercadoPago ,31092.71,1,0,7.0,4.0,0,31092.71
PED-11443,24/03/2024,2536,49.0,Electrónica,App,CABA,Tarjeta de crédito,223350.81,2,0,4.0,4.0,0,446701.62
PED-12348,2025-05-19,2189,59.0,electrónica,App,CABA,Tarjeta de crédito,231381.09,1,0,4.0,5.0,0,231381.09
PED-12631,2025-02-17,1469,,Electrónica,marketplace,GBA,Transferencia,286348.6,3,0,3.0,,0,859045.8
PED-11228,2024-04-22,1189,34.0,Hogar,App,CABA,Tarjeta de crédito,56402.95,2,25,5.0,4.0,0,84604.42
PED-12263,2025-05-30,2468,27.0,indumentaria,App,GBA,Tarjeta de débito,23191.98,1,5,1.0,4.0,0,22032.38
PED-14963,2024-03-22,2196,51.0,Hogar,web,Otras,Efectivo,72087.37,2,10,7.0,3.0,0,129757.27
PED-13628,2024-10-22,1582,62.0,Juguetes,App, Córdoba ,MercadoPago,12379.51,1,0,4.0,2.0,0,0.0
PED-12505,2024-09-01,1552,56.0, Indumentaria ,Marketplace,Santa Fe,Tarjeta de crédito,14232.35,1,0,7.0,4.0,0,14232.35
PED-13342,2024-08-26,2429,45.0,Deportes,Marketplace,Otras,TARJETA DE DÉBITO,48567.46,1,0,1.0,3.0,0,48567.46
PED-12283,2025-05-15,1164,35.0,Electrónica,Marketplace,CABA,Tarjeta de crédito,152075.37,1,5,4.0,1.0,0,0.0
PED-14137,16/03/2024,2749,33.0,Hogar,Web,CABA,,60581.69,1,20,8.0,1.0,0,48465.35
PED-12755,2024-11-21,1685,49.0,Electrónica,App,CABA,MercadoPago,135959.56,2,20,6.0,2.0,0,217535.3
PED-11012,2024-05-27,1868,41.0,Electrónica,Marketplace,Santa Fe,Tarjeta de débito,124328.87,2,15,3.0,4.0,0,211359.08
PED-14390,2025-03-18,1095,49.0,Indumentaria,App,Santa Fe,Tarjeta de crédito,26872.48,1,0,6.0,,0,26872.48
PED-13119,2024-05-03,1301,21.0,DEPORTES,App,Otras,MercadoPago,46107.87,2,0,4.0,5.0,0,92215.74
PED-10799,2024-04-27,1778,78.0,indumentaria,App,CABA,tarjeta de crédito,14194.26,1,15,6.0,4.0,0,12065.12
PED-12615,2024-03-05,1400,44.0,Belleza,web, CABA ,Tarjeta de crédito,13142.65,1,0,5.0,5.0,0,13142.65
PED-12551,2024-08-01,2440,40.0,Deportes,App,CABA,Tarjeta de crédito,51932.93,1,15,1.0,2.0,1,44142.99
PED-13015,2025-02-23,1276,30.0,Electrónica,Web,Santa Fe,transferencia,297302.65,3,5,9.0,5.0,0,847312.55
PED-11277,2024-02-08,2521,47.0, Hogar ,Web,SANTA FE,Tarjeta de crédito,500.0,1,10,4.0,4.0,0,450.0
PED-11346,2024-04-01,1043,31.0,electrónica,App,caba,Transferencia,195467.66,2,20,6.0,3.0,0,312748.26
PED-11865,2024-08-19,1394,35.0,juguetes,web,GBA,Transferencia,16608.34,1,0,4.0,5.0,0,16608.34
PED-12364,2024-09-18,2680,53.0,Electrónica,App,Otras,Tarjeta de crédito,145840.84,2,15,4.0,,0,247929.43
PED-10771,2025-06-09,2526,49.0,hogar,Web,GBA,MercadoPago,57557.25,2,10,6.0,5.0,1,103603.05
PED-11349,12/08/2024,1086,43.0,Deportes,Web,Córdoba,Tarjeta de débito,33676.22,1,25,3.0,3.0,0,25257.16
PED-11730,2024-07-14,2439,51.0,electrónica,Web,CABA,Tarjeta de débito,201551.69,1,15,3.0,5.0,0,171318.94
PED-12095,2024-08-07,2371,46.0,Indumentaria,Web,,TARJETA DE CRÉDITO,29603.13,1,0,6.0,1.0,0,29603.13
PED-11755,2025-02-08,1680,57.0,Electrónica,Web,gba,Efectivo,194532.33,2,20,3.0,2.0,0,311251.73
PED-13235,2024-03-13,1216,,Juguetes,APP,mendoza,Tarjeta de crédito,24060.94,2,0,5.0,5.0,0,48121.88
PED-10901,2024-08-09,2237,30.0,BELLEZA,Web,mendoza,tarjeta de crédito,6932.36,2,0,3.0,4.0,0,13864.72
PED-14880,23/01/2025,1213,37.0,Juguetes,App,CABA,Tarjeta de crédito,17566.39,2,0,6.0,3.0,0,35132.78
PED-14662,2024-12-08,1471,34.0,Hogar,Web, Otras ,Efectivo,46199.83,1,20,4.0,4.0,0,36959.86
PED-14443,2025-06-02,2483,35.0,Indumentaria,Marketplace,Otras,Transferencia,41982.17,2,0,5.0,5.0,1,83964.34
PED-14317,2024-04-18,2241,21.0,Indumentaria,WEB,Santa Fe,MercadoPago,23835.72,1,0,9.0,5.0,0,23835.72
PED-14914,2024-04-07,2399,38.0,ELECTRÓNICA,App,Otras,MERCADOPAGO,87489.06,1,5,3.0,5.0,0,83114.61
PED-10993,2024-05-09,1091,66.0,hogar,App,Córdoba,Tarjeta de crédito,35597.45,1,10,4.0,1.0,0,32037.7
PED-12083,2024-09-17,1121,50.0,Electrónica,WEB,CABA,TARJETA DE DÉBITO,229930.13,1,15,4.0,4.0,0,195440.61
PED-10550,2024-01-23,2096,49.0,Juguetes,web,otras,Tarjeta de crédito,10778.54,1,5,6.0,4.0,0,10239.61
PED-12115,2025-05-06,1008,28.0,Electrónica,App,GBA,Tarjeta de crédito,124398.71,1,15,8.0,5.0,0,105738.9
PED-11681,2024-03-07,1043,51.0,BELLEZA,Web,CABA,efectivo,12834.13,2,5,5.0,4.0,0,24384.85
PED-10044,2024-12-05,2346,45.0,Deportes,Web,,Tarjeta de crédito,500.0,1,20,3.0,4.0,0,400.0
PED-14785,2025-05-22,2524,33.0,Hogar,Marketplace,GBA,Tarjeta de débito,42301.92,1,15,8.0,3.0,0,35956.63
PED-12636,2024-10-16,1043,27.0,HOGAR,Web,CABA,Tarjeta de crédito,62768.77,1,20,2.0,1.0,1,50215.02
PED-10810,14/02/2025,2466,, Belleza ,App, CABA ,Tarjeta de débito,13855.73,2,5,2.0,5.0,0,26325.89
PED-13388,2024-10-08,1489,28.0,Hogar, Web ,Mendoza,MercadoPago,52628.79,1,5,1.0,5.0,1,49997.35
PED-14632,2025-01-04,1427,63.0,Deportes,App,CABA,Tarjeta de crédito,34883.46,2,0,3.0,3.0,0,69766.92
PED-10793,2025-02-14,1244,39.0,Electrónica,Web,Otras,Tarjeta de crédito,155849.73,1,0,1.0,4.0,0,155849.73
PED-14070,2025-03-22,1828,20.0,Electrónica,App,CABA,Tarjeta de crédito,221635.74,2,25,7.0,3.0,0,332453.61
PED-14274,2025-03-10,1068,32.0,INDUMENTARIA,APP,Mendoza,Transferencia,25176.34,1,0,6.0,3.0,0,25176.34
PED-11008,2025-02-09,1125,28.0,Indumentaria,App,CABA,Tarjeta de crédito,13563.88,1,0,8.0,4.0,0,13563.88
PED-12893,2024-11-27,2760,50.0,BELLEZA,Web,CABA,,6640.14,2,15,3.0,2.0,0,11288.24
PED-11553,2024-12-30,1961,30.0,Belleza,App,caba,Tarjeta de crédito,18874.27,1,0,4.0,4.0,1,18874.27
PED-13495,2024-07-25,2521,43.0,Indumentaria,Web,gba,Tarjeta de crédito,22817.42,1,10,5.0,1.0,0,20535.68
PED-11226,2025-06-08,1268,40.0, Indumentaria ,Marketplace,CABA,Tarjeta de crédito,22465.24,1,15,2.0,4.0,0,19095.45
PED-10581,2024-04-12,2557,44.0,Deportes,Web,CABA,MercadoPago,14865.64,1,0,7.0,,0,14865.64
PED-13724,2025-01-27,2246,43.0,Electrónica,App,Santa Fe,Transferencia,167074.57,3,0,1.0,5.0,0,501223.71
PED-14744,2024-10-13,2777,58.0,Belleza,Marketplace,GBA,MercadoPago,21394.47,3,5,5.0,5.0,0,60974.24
PED-14347,2024-01-08,1851,32.0,Electrónica,Web,CABA,Tarjeta de crédito,261619.89,1,10,9.0,4.0,0,235457.9
PED-13652,2024-11-04,2428,32.0,Deportes,APP,GBA,Tarjeta de débito,41693.24,1,10,2.0,5.0,0,37523.92
PED-11379,2024-11-09,1760,18.0,Deportes,Marketplace,GBA,Transferencia,53228.93,1,0,5.0,5.0,0,0.0
PED-10518,2024-02-10,1364,41.0,Hogar,Marketplace,CABA,tarjeta de débito,82258.94,2,10,6.0,4.0,0,148066.09
PED-11685,07/12/2024,2180,46.0,Hogar,WEB,GBA,Tarjeta de crédito,45500.37,1,0,4.0,5.0,0,45500.37
PED-11561,2025-02-20,1366,41.0,deportes,Web,Otras,Tarjeta de crédito,79691.05,1,0,5.0,5.0,0,79691.05
PED-11741,2025-05-04,2597,54.0,Deportes,Web,GBA,Tarjeta de crédito,26198.34,1,25,3.0,4.0,0,19648.76
PED-10032,2024-08-31,1873,30.0, Electrónica ,Marketplace,GBA,Tarjeta de crédito,102172.13,1,20,5.0,4.0,0,81737.7
PED-14947,2025-03-01,2101,53.0,Indumentaria,Web,mendoza,,26816.55,2,10,2.0,5.0,1,48269.79
PED-12773,2025-06-08,2247,36.0,Belleza,Web,GBA,Tarjeta de crédito,10320.18,2,0,6.0,5.0,0,20640.36
PED-11826,2025-05-24,2479,51.0,Belleza, Marketplace ,Córdoba,Tarjeta de crédito,22876.51,1,0,3.0,1.0,0,22876.51
PED-10559,2025-03-21,1781,44.0,Electrónica,Marketplace,GBA,Tarjeta de débito,335688.56,1,0,5.0,5.0,0,335688.56
PED-13955,2025-05-28,1285,52.0,Juguetes,Web,Mendoza,Tarjeta de débito,10398.24,1,10,4.0,5.0,0,9358.42
PED-11949,2024-08-25,2086,37.0,Indumentaria,Web,otras,Tarjeta de crédito,17575.3,2,10,8.0,3.0,0,31635.54
PED-11630,2025-06-04,2143,26.0,Deportes,WEB,CABA,Efectivo,28025.41,1,0,5.0,2.0,0,28025.41
PED-11003,2024-07-05,1617,27.0,Electrónica,web,CABA,Efectivo,148131.72,2,0,2.0,3.0,0,296263.44
PED-11680,2024-08-17,2237,59.0,Belleza,App,Córdoba,Tarjeta de crédito,5242.6,4,0,1.0,1.0,0,20970.4
PED-12356,2025-05-06,1484,40.0,belleza,Web,GBA,Tarjeta de crédito,3789.34,1,0,8.0,4.0,0,3789.34
PED-12874,2024-10-28,1143,26.0,Hogar,Web,Santa Fe,Tarjeta de crédito,57692.61,2,15,6.0,5.0,0,98077.44
PED-11523,2024-04-28,1430,40.0,electrónica,Web,Córdoba,,147052.44,2,0,6.0,5.0,0,294104.88
PED-10264,2024-09-09,1761,56.0,Electrónica,Marketplace,Mendoza,Tarjeta de crédito,81833.5,2,15,4.0,5.0,0,139116.95
PED-10184,2025-04-17,2409,46.0,Electrónica,web,Mendoza,Tarjeta de crédito,244908.85,2,0,7.0,4.0,0,489817.7
PED-10911,2025-01-25,2722,46.0,Belleza,App,GBA,MercadoPago,10142.9,1,20,1.0,,0,8114.32
PED-11231,2024-12-25,1583,18.0,Belleza,App,Otras,Tarjeta de crédito,10704.49,1,10,9.0,3.0,1,9634.04
PED-10703,15/12/2024,1097,36.0, Indumentaria ,marketplace,Santa Fe,Transferencia,42684.61,2,0,11.0,1.0,0,85369.22
PED-10918,2024-08-26,2525,28.0,HOGAR,App,Otras,MercadoPago,31423.77,2,0,3.0,4.0,0,62847.54
PED-11632,2025-01-12,1292,26.0, Indumentaria ,marketplace,CABA,Tarjeta de crédito,35442.85,3,0,3.0,5.0,1,106328.55
PED-12713,2024-07-16,1618,26.0,Indumentaria,Web,otras,TARJETA DE DÉBITO,22761.48,1,10,999.0,4.0,0,20485.33
PED-11574,2024-01-12,2239,29.0,deportes,App,GBA,Tarjeta de débito,36092.51,1,0,5.0,5.0,0,36092.51
PED-11417,2025-05-26,2425,31.0,Belleza,web,CABA,MERCADOPAGO,10871.52,2,15,5.0,4.0,0,18481.58
PED-13440,2024-11-18,1379,39.0,juguetes,App, GBA ,Efectivo,12365.37,1,0,4.0,4.0,0,12365.37
PED-12463,2024-06-20,2579,22.0,Deportes,APP,GBA,Transferencia,24509.58,1,0,2.0,1.0,0,24509.58
PED-14843,2025-01-17,1129,33.0,Belleza,web,Otras,TARJETA DE DÉBITO,15249.55,2,0,6.0,5.0,0,30499.1
PED-13625,2024-05-29,1034,28.0,Indumentaria,APP,GBA,MercadoPago,30135.16,1,0,2.0,,0,30135.16
PED-14048,2024-11-08,1560,33.0, Belleza ,Web,Mendoza, Tarjeta de débito ,10343.76,2,15,7.0,5.0,0,17584.39
PED-14104,2025-05-09,1023,26.0,electrónica,WEB,Córdoba,Tarjeta de crédito,80704.21,2,10,6.0,5.0,0,145267.58
PED-11513,06/12/2024,1867,37.0, Indumentaria ,Marketplace,gba,Transferencia,18332.7,2,0,5.0,4.0,0,36665.4
PED-14637,2025-03-14,2625,59.0,Juguetes,web,Córdoba,Tarjeta de crédito,9648.31,1,20,5.0,,0,7718.65
PED-14500,2024-02-13,1429,27.0,Hogar,App,CABA,Transferencia,72323.04,1,0,6.0,5.0,0,72323.04
PED-12641,2025-06-11,1241,39.0,Electrónica,App,CABA,Tarjeta de débito,130301.31,2,0,5.0,4.0,0,260602.62
PED-13937,2025-04-15,1082,41.0,Indumentaria,Marketplace,GBA,MercadoPago,36344.22,1,5,8.0,5.0,0,34527.01
PED-11238,2025-03-30,1907,49.0,electrónica,Web, CABA ,Efectivo,147601.05,1,0,4.0,4.0,0,147601.05
PED-11834,2024-01-13,1486,26.0,ELECTRÓNICA,APP,Otras,transferencia,153777.24,1,0,4.0,5.0,0,153777.24
PED-12733,2024-12-20,2165,38.0,Indumentaria,Web,Mendoza,Tarjeta de débito,17794.57,1,0,8.0,1.0,1,17794.57
PED-14728,2024-12-10,2458,52.0,Deportes,App,OTRAS, Tarjeta de crédito ,27958.28,5,0,3.0,4.0,0,139791.4
PED-14586,03/03/2025,2517,36.0,Electrónica,Web,CABA,Efectivo,252494.46,1,0,1.0,5.0,1,252494.46
PED-12312,2024-02-10,2146,41.0,Juguetes,WEB,Otras,Tarjeta de crédito,6922.59,1,25,5.0,5.0,0,5191.94
PED-12701,2024-07-27,1628,33.0,Electrónica,Web,Córdoba,Tarjeta de crédito,285647.94,3,0,6.0,,0,856943.82
PED-11061,2024-01-16,1408,43.0,Electrónica,App,Córdoba,Tarjeta de crédito,270981.03,1,0,6.0,5.0,0,270981.03
PED-11354,2024-03-30,2282,36.0,Belleza,web,Mendoza,Transferencia,16497.67,1,10,9.0,2.0,0,14847.9
PED-14067,30/07/2024,2245,35.0,Belleza,App,otras,tarjeta de débito,10445.15,1,0,6.0,4.0,0,10445.15
PED-12535,2025-01-17,1768,,Indumentaria,Web,GBA,TARJETA DE CRÉDITO,30833.48,2,15,2.0,5.0,0,52416.92
PED-14100,2024-10-07,2404,36.0,ELECTRÓNICA,Web,CABA,MercadoPago,263283.28,1,0,6.0,5.0,0,263283.28
PED-13227,2025-02-22,2212,29.0,Juguetes,web,GBA,Tarjeta de crédito,12700.37,1,0,,1.0,0,12700.37
PED-11293,2025-05-21,2714,33.0,Electrónica,Marketplace,gba,MERCADOPAGO,129693.22,2,5,3.0,5.0,0,246417.12
PED-11937,2024-04-22,1688,18.0,juguetes,Web,Córdoba,MercadoPago,13231.2,2,0,5.0,5.0,1,26462.4
PED-11024,2024-10-22,2282,38.0,Belleza,APP,GBA,Transferencia,7296.22,1,0,1.0,5.0,0,7296.22
PED-10014,2024-05-10,1560,,Juguetes,App,Otras,Transferencia,10800.31,2,0,4.0,5.0,0,21600.62
PED-14461,2024-06-26,2028,33.0,Juguetes,Web,GBA, Tarjeta de débito ,15454.05,1,0,2.0,4.0,0,15454.05
PED-11982,2024-12-27,1900,18.0,Deportes,Web,gba,Tarjeta de débito,11917.3,1,0,4.0,4.0,1,11917.3
PED-10547,2025-06-01,2081,55.0,Indumentaria,Web,CABA,,24077.65,1,15,4.0,3.0,0,0.0
PED-11427,21/01/2024,1727,64.0,Hogar,Marketplace,Córdoba,Tarjeta de crédito,23921.29,4,5,4.0,4.0,0,90900.9
PED-13523,2025-06-17,2186,32.0,Electrónica,App,otras,Efectivo,268396.61,2,5,5.0,3.0,1,509953.56
PED-11971,2024-01-19,1987,34.0,Juguetes,Web,Santa Fe,Transferencia,18217.04,1,0,5.0,5.0,0,18217.04
PED-10883,2025-03-10,1432,51.0,Hogar,App,CABA,Efectivo,64104.98,1,0,7.0,4.0,0,64104.98
PED-12759,2025-03-13,1013,36.0,DEPORTES,Web,Córdoba,TARJETA DE CRÉDITO,18351.05,2,0,5.0,4.0,0,36702.1
PED-10161,2025-03-14,2310,32.0,Indumentaria,Marketplace,GBA,Tarjeta de crédito,9714.66,1,20,3.0,5.0,0,7771.73
PED-10099,2025-04-06,1467,54.0, Hogar ,App,CABA,Tarjeta de crédito,52456.17,1,0,6.0,3.0,0,52456.17
PED-10112,2024-08-18,2681,65.0,Hogar, App ,otras,Tarjeta de crédito,43698.32,3,0,9.0,4.0,0,131094.96
PED-13796,2025-05-11,1982,35.0,Indumentaria,App,CABA,Tarjeta de crédito,34220.96,1,0,6.0,5.0,0,34220.96
PED-12089,2024-12-29,2309,39.0,Hogar,Web, GBA ,Tarjeta de crédito,50395.47,1,0,2.0,3.0,0,50395.47
PED-10003,2024-04-16,1692,38.0,belleza,App,Otras,MercadoPago,6578.69,1,15,4.0,5.0,0,5591.89
PED-13961,2025-03-13,2315,32.0,Electrónica,Web,,Tarjeta de crédito,228169.91,1,0,5.0,4.0,0,228169.91
PED-10690,2025-06-01,2452,40.0,Indumentaria, Marketplace ,CABA,MercadoPago,12804.1,1,0,2.0,5.0,0,12804.1
PED-14942,2024-03-09,2483,48.0,Deportes,Web,GBA,Efectivo,33004.99,1,0,1.0,2.0,0,33004.99
PED-13770,2024-06-25,2164,55.0,Electrónica,WEB,caba,tarjeta de crédito,299833.58,1,0,5.0,5.0,0,299833.58
PED-10146,2025-05-24,2367,18.0,Indumentaria,Web,Otras,Tarjeta de crédito,13611.11,1,0,3.0,5.0,1,13611.11
PED-11775,2025-06-20,1511,55.0,Belleza,Web,CABA,Transferencia,20289.13,1,0,1.0,4.0,0,20289.13
PED-11114,2024-09-22,2771,24.0, Hogar ,app,CABA,Transferencia,63438.19,1,10,3.0,5.0,0,57094.37
PED-11609,2024-09-19,1617,37.0,Indumentaria,marketplace, Córdoba ,Tarjeta de crédito,37863.95,1,0,4.0,4.0,0,37863.95
PED-11363,2024-12-24,2577,30.0,Hogar,App,CABA,Tarjeta de crédito,48386.01,1,0,8.0,4.0,0,48386.01
PED-11559,2024-05-22,1605,47.0,Electrónica,App,CABA,Transferencia,259939.61,1,0,6.0,5.0,0,259939.61
PED-14033,2025-01-22,1829,31.0,Deportes,App,CABA,Tarjeta de débito,32138.75,2,0,1.0,5.0,0,64277.5
PED-14988,2025-05-13,1757,52.0,Deportes,app,santa fe,Tarjeta de crédito,48326.88,2,0,7.0,5.0,1,96653.76
PED-14022,2024-12-28,2161,58.0,Electrónica,Web,Otras,mercadopago,158862.86,3,0,7.0,3.0,1,476588.58
PED-11806,2024-09-19,1170,19.0,Hogar,Web,Córdoba,Tarjeta de débito,64574.64,1,0,2.0,5.0,0,64574.64
PED-10643,2024-09-13,1272,18.0,Deportes,Marketplace,,Tarjeta de crédito,23658.41,1,0,3.0,3.0,0,23658.41
PED-10648,2025-06-09,1154,32.0,HOGAR,Marketplace,CABA,Transferencia,51021.5,1,0,6.0,4.0,0,51021.5
PED-13256,2024-11-09,1020,38.0,JUGUETES,App,CABA,Tarjeta de débito,18532.0,2,0,7.0,5.0,0,37064.0
PED-12772,2024-02-22,1495,21.0, Indumentaria ,App,Mendoza,Tarjeta de crédito,23214.79,3,5,4.0,5.0,0,66162.15
PED-14116,2025-04-03,2627,52.0,indumentaria,Web,Córdoba,Tarjeta de crédito,26963.32,1,10,7.0,4.0,0,24266.99
PED-12026,2024-02-26,1446,30.0,Indumentaria,App,CABA,Tarjeta de crédito,34380.43,1,10,4.0,5.0,0,30942.39
PED-14760,2024-09-28,2042,46.0, Electrónica ,marketplace, Córdoba ,Transferencia,182078.03,1,0,8.0,5.0,0,182078.03
PED-10396,05/10/2024,2247,23.0,Indumentaria,Web,Santa Fe, Tarjeta de crédito ,25370.23,1,0,4.0,,0,25370.23
PED-14702,2025-02-04,2314,22.0,Hogar,App,Otras,Tarjeta de crédito,51343.57,1,20,1.0,1.0,0,41074.86
PED-12594,2024-10-13,2484,38.0,Juguetes,web, GBA ,tarjeta de crédito,14241.67,1,0,3.0,3.0,0,14241.67
PED-13263,2024-12-03,2218,18.0,Belleza,web,CABA,Tarjeta de débito,12968.07,1,20,7.0,,0,10374.46
PED-11522,2024-11-06,1032,35.0,Electrónica,App,CÓRDOBA,Tarjeta de débito,65298.45,2,0,8.0,5.0,0,130596.9
PED-12581,2024-03-22,1114,51.0,Electrónica,App,CABA,MERCADOPAGO,213626.75,1,0,,,0,213626.75
PED-10848,2024-07-20,1600,36.0, Deportes ,Web,Córdoba,MercadoPago,17339.22,1,5,5.0,5.0,0,16472.26
PED-13965,2025-06-26,1656,38.0,Juguetes,app,Santa Fe,MercadoPago,14892.99,1,0,3.0,5.0,1,14892.99
PED-14603,2025-06-13,1993,65.0,Deportes,Web, Mendoza ,MercadoPago,53488.39,1,15,3.0,4.0,0,45465.13
PED-12909,20/05/2024,1312,22.0,juguetes,Web,GBA,Tarjeta de crédito,10260.67,1,0,10.0,,0,10260.67
PED-12096,2024-06-11,1215,38.0,Hogar,Web,otras,MercadoPago,49686.05,2,0,5.0,3.0,0,99372.1
PED-11113,2025-01-11,1268,54.0,Belleza,Web,,Tarjeta de débito,15369.8,1,15,9.0,5.0,0,13064.33
PED-10127,2024-07-08,1639,35.0,Deportes,Marketplace,Córdoba,Transferencia,42046.9,2,0,4.0,1.0,0,84093.8
PED-10275,2024-04-13,2106,25.0,Indumentaria,app,CABA,Tarjeta de crédito,35611.45,1,0,3.0,1.0,0,35611.45
PED-14383,2025-03-02,2152,36.0,Belleza,App,Otras, Tarjeta de débito ,7477.79,1,15,4.0,3.0,0,6356.12
PED-11636,2024-10-19,1639,49.0,Hogar,Web,Otras,Tarjeta de crédito,30243.1,1,0,5.0,5.0,0,30243.1
PED-12741,2025-01-31,2750,61.0, Electrónica ,Web,gba,transferencia,165563.69,2,25,5.0,,0,248345.54
PED-14411,13/12/2024,2768,18.0,Electrónica,Marketplace,GBA,Tarjeta de crédito,156390.19,1,0,6.0,3.0,0,156390.19
PED-12197,2024-10-09,2080,38.0,Hogar,Web,GBA,transferencia,50210.93,1,0,6.0,4.0,0,50210.93
PED-12407,03/06/2025,2121,62.0, Juguetes ,Marketplace,,Tarjeta de crédito,12410.05,4,0,4.0,4.0,0,49640.2
PED-14794,2024-07-15,2369,49.0,Belleza,MARKETPLACE,GBA,tarjeta de débito,12845.21,4,10,3.0,5.0,0,46242.76
PED-13757,2025-03-26,2755,48.0,Electrónica,Marketplace,Otras,Tarjeta de débito,250849.34,1,0,7.0,,0,250849.34
PED-10011,2024-03-28,1912,62.0,Juguetes,App,CABA,Tarjeta de débito,20681.75,1,0,9.0,4.0,0,20681.75
PED-13146,2024-08-02,2058,56.0,Hogar,Web,Otras,Tarjeta de crédito,65750.67,1,15,4.0,5.0,0,55888.07
PED-13264,2024-10-01,1781,42.0,Hogar,WEB,caba,MercadoPago,42303.26,1,0,2.0,5.0,0,42303.26
PED-10890,12/10/2024,2438,44.0,Deportes,Web,CABA,MercadoPago,44527.95,1,10,6.0,4.0,0,40075.16
PED-12224,2025-04-21,1019,32.0,electrónica,web,Otras,Tarjeta de crédito,148834.79,1,0,5.0,5.0,0,148834.79
PED-14535,2024-01-25,1437,40.0,Hogar,Web,,Transferencia,49919.65,1,0,5.0,5.0,0,49919.65
PED-14166,2024-03-04,1574,30.0,Indumentaria,Marketplace,GBA,tarjeta de crédito,23012.74,4,0,3.0,5.0,0,92050.96
PED-11106,2024-01-29,1935,50.0,Deportes,App,Otras,Transferencia,30068.82,1,0,,4.0,0,30068.82
PED-14270,2025-05-19,1974,40.0,belleza,Web,otras,Tarjeta de crédito,13576.94,1,0,,4.0,0,13576.94
PED-10678,2025-01-28,2327,18.0,Deportes,App,CABA,tarjeta de débito,51850.7,1,0,6.0,3.0,0,51850.7
PED-14655,25/06/2024,2649,41.0,Deportes,Web,gba,Transferencia,40800.81,3,0,6.0,2.0,0,122402.43
PED-14265,2024-01-12,1085,53.0,Indumentaria,Web,gba,Tarjeta de débito,39968.06,4,0,5.0,5.0,0,159872.24
PED-10439,2024-06-16,1540,46.0,Indumentaria,Marketplace,OTRAS,Transferencia,29081.39,1,15,5.0,5.0,0,24719.18
PED-11828,2025-01-20,2737,34.0,Hogar,Web,CABA,Efectivo,76638.46,1,10,3.0,5.0,0,68974.61
PED-12321,2024-09-24,1977,55.0,DEPORTES,Web,santa fe,MercadoPago,34356.78,1,0,5.0,4.0,0,34356.78
PED-11208,18/06/2024,1686,45.0,Hogar, Web ,caba,Efectivo,40164.84,1,0,1.0,4.0,0,40164.84
PED-13875,2024-03-23,1347,49.0,Electrónica,App,Santa Fe,Tarjeta de débito,120271.99,1,15,6.0,5.0,0,102231.19
PED-13258,2024-11-26,1926,52.0,belleza,Web,GBA, MercadoPago ,16699.02,1,25,6.0,5.0,0,12524.26
PED-10241,2025-03-28,1469,25.0,Electrónica,app,CABA,tarjeta de débito,62065.83,2,0,6.0,4.0,0,124131.66
PED-12041,2024-02-29,1790,38.0,Indumentaria,Marketplace, CABA ,Transferencia,22178.96,3,0,5.0,5.0,0,66536.88
PED-12603,2024-07-12,2044,53.0,BELLEZA,app,GBA,Tarjeta de débito,12179.35,3,0,10.0,5.0,0,36538.05
PED-11202,2024-12-01,1333,19.0,Electrónica,App,,Tarjeta de débito,223743.73,3,0,4.0,5.0,0,671231.19
PED-12952,2024-06-02,2452,25.0,Indumentaria,Web,SANTA FE,Tarjeta de crédito,25539.33,2,0,6.0,4.0,0,51078.66
PED-10769,2024-10-22,2613,27.0, Electrónica ,Marketplace,Córdoba,MercadoPago,73148.55,1,0,2.0,4.0,0,73148.55
PED-11830,2024-09-02,2177,50.0,Belleza,Web,OTRAS,MercadoPago,18444.35,1,10,8.0,3.0,0,16599.92
PED-12199,2025-04-30,1906,46.0,DEPORTES, Marketplace ,GBA,MercadoPago,39208.34,1,15,3.0,5.0,0,33327.09
PED-12573,2024-08-15,2303,54.0,Hogar,Marketplace,MENDOZA,Transferencia,44170.21,1,0,3.0,5.0,0,44170.21
PED-14119,2024-08-01,1852,26.0,Indumentaria,App,CABA,MercadoPago,30675.24,2,0,3.0,5.0,0,61350.48
PED-13949,2024-08-24,1926,30.0,juguetes,Marketplace,GBA,Efectivo,5427.13,1,0,6.0,4.0,0,5427.13
PED-12672,2024-01-23,1759,34.0,Indumentaria,Web, GBA ,Tarjeta de crédito,28741.36,1,0,5.0,3.0,1,28741.36
PED-11289,2024-10-29,2371,20.0,Juguetes, Web ,GBA,MercadoPago,11485.88,1,0,7.0,3.0,0,11485.88
PED-12458,2024-07-06,2216,53.0,Juguetes,MARKETPLACE,GBA,Tarjeta de débito,8287.29,1,0,5.0,5.0,0,8287.29
PED-12336,2024-10-27,2467,35.0, Deportes ,APP,Mendoza,MercadoPago,13384.34,3,0,6.0,5.0,0,40153.02
PED-10912,2024-12-14,1434,47.0, Electrónica ,App,CABA,Transferencia,334105.18,1,0,6.0,4.0,0,334105.18
PED-10839,2025-02-08,1386,18.0,Indumentaria,Web,caba,tarjeta de crédito,8882.23,1,0,5.0,5.0,0,8882.23
PED-14512,2025-06-24,2116,39.0,Deportes,App,Santa Fe,Tarjeta de crédito,70045.45,1,0,4.0,5.0,1,70045.45
PED-12084,2024-12-21,2110,36.0,JUGUETES,App,CABA,Tarjeta de crédito,23583.02,1,10,4.0,4.0,0,21224.72
PED-14681,2024-08-12,2326,51.0,Indumentaria,Marketplace,Otras,Transferencia,24967.48,2,25,5.0,3.0,0,37451.22
PED-14462,2025-04-01,2388,33.0,electrónica,Web,GBA,Efectivo,160055.59,3,25,4.0,4.0,0,360125.08
PED-10094,2024-02-02,1505,39.0,Juguetes,WEB,CABA,Transferencia,12862.69,1,15,5.0,4.0,0,10933.29
PED-14905,2024-12-17,2011,41.0, Indumentaria ,Marketplace,GBA, Tarjeta de débito ,14161.66,1,10,8.0,5.0,0,12745.49
PED-13655,15/12/2024,2734,38.0,Indumentaria,App,Córdoba,MercadoPago,10112.44,3,0,4.0,3.0,0,30337.32
PED-14838,2024-05-05,2417,19.0,Hogar,Marketplace,CABA,Tarjeta de crédito,46120.52,1,25,5.0,4.0,1,34590.39
PED-13844,2024-07-10,1841,60.0,Hogar,MARKETPLACE,CABA,Tarjeta de débito,51099.73,5,15,5.0,5.0,0,217173.85
PED-13842,2024-12-07,2397,25.0,Hogar,Web,CABA,TARJETA DE CRÉDITO,61408.62,1,0,4.0,4.0,1,61408.62
PED-12738,2025-03-30,2539,60.0,Indumentaria,Web,Córdoba,Efectivo,16760.25,1,0,7.0,4.0,0,16760.25
PED-13816,2025-01-18,1596,21.0,Indumentaria,Marketplace,santa fe,MercadoPago,42481.44,2,0,8.0,5.0,0,84962.88
PED-10048,2025-03-03,1640,22.0,Electrónica,App,Mendoza,TARJETA DE DÉBITO,81528.84,1,10,3.0,4.0,0,73375.96
PED-12114,2025-03-01,1673,37.0,electrónica,Web,CABA,Efectivo,180633.25,1,0,6.0,4.0,0,180633.25
PED-12702,2024-12-08,1768,19.0,Hogar,Web, CABA ,Efectivo,62502.05,2,0,1.0,5.0,0,125004.1
PED-13286,2025-06-13,1421,28.0,Hogar,Marketplace,Santa Fe,Tarjeta de crédito,33968.35,1,0,6.0,5.0,0,33968.35
PED-11864,2024-08-29,1516,36.0,Indumentaria,Web,mendoza,TARJETA DE CRÉDITO,23721.59,1,5,5.0,3.0,0,22535.51
PED-11648,2025-03-07,1212,,hogar,web, CABA ,Tarjeta de débito,55252.23,1,25,2.0,5.0,0,41439.17
PED-10320,2024-02-27,1831,37.0,Indumentaria,WEB,Córdoba,Tarjeta de débito,26636.16,1,0,5.0,4.0,0,26636.16
PED-11087,2025-06-10,1897,31.0,Belleza,Web,GBA,mercadopago,11954.21,2,5,4.0,5.0,0,22713.0
PED-11851,2024-01-21,1621,34.0,Hogar,Marketplace,Santa Fe,Tarjeta de débito,51492.48,2,15,5.0,,0,87537.22
PED-11731,2025-04-10,2655,40.0,Indumentaria,Web,GBA,Tarjeta de débito,43502.26,1,0,5.0,2.0,0,43502.26
PED-12943,2024-12-24,1165,,Deportes,Web,Mendoza, Tarjeta de débito ,45715.22,1,0,8.0,3.0,1,45715.22
PED-10694,2024-11-10,2061,54.0,Indumentaria,Web,Córdoba,transferencia,19604.85,2,0,7.0,4.0,0,39209.7
PED-10931,2024-06-13,1579,21.0,BELLEZA,App, GBA ,Tarjeta de crédito,4544.84,1,25,1.0,5.0,0,3408.63
PED-12849,2025-03-31,1944,43.0,indumentaria,Web,gba,Tarjeta de débito,28728.27,3,0,3.0,5.0,0,86184.81
PED-12245,2024-12-03,2713,74.0,Belleza,Marketplace,santa fe,Tarjeta de crédito,12029.53,2,20,2.0,4.0,1,19247.25
PED-12171,2024-02-13,1072,24.0,Belleza,Web,Mendoza,Tarjeta de débito,16768.73,4,0,6.0,1.0,0,67074.92
PED-10652,2024-08-03,1449,55.0,Indumentaria,Web,GBA, Tarjeta de débito ,47763.78,3,0,4.0,5.0,0,143291.34
PED-10373,2024-09-09,1137,26.0,Hogar, Web ,Santa Fe, Tarjeta de crédito ,49250.14,1,0,1.0,5.0,0,49250.14
PED-13749,2024-03-12,2246,21.0,Hogar,App,Santa Fe,,32810.52,2,0,8.0,3.0,0,65621.04
PED-11298,2025-06-07,1619,,Belleza,marketplace,GBA,Tarjeta de crédito,11212.9,4,0,4.0,1.0,0,44851.6
PED-13799,2024-09-28,1509,32.0,Electrónica,Web,GBA,Tarjeta de crédito,166992.2,1,0,1.0,5.0,0,166992.2
PED-13526,31/05/2025,2050,27.0,Indumentaria,Web,CABA,Tarjeta de crédito,34501.66,1,0,1.0,5.0,1,34501.66
PED-14144,2024-05-20,1799,56.0,Juguetes,App,Mendoza,Tarjeta de débito,11255.62,1,0,3.0,5.0,0,11255.62
PED-14516,2025-05-01,1664,35.0,JUGUETES,Marketplace,GBA,Tarjeta de crédito,8793.8,1,10,9.0,3.0,0,7914.42
PED-10600,2024-11-25,2368,28.0,Indumentaria,App,,MercadoPago,22461.83,1,0,3.0,4.0,0,22461.83
PED-12188,2024-08-25,1674,23.0, Belleza ,app,CABA,Tarjeta de débito,13902.55,1,0,2.0,4.0,0,13902.55
PED-13722,2025-06-08,1383,42.0, Deportes ,App,CABA,Tarjeta de débito,48834.49,2,0,5.0,,0,97668.98
PED-14138,2024-11-28,1332,,Deportes,Web,Córdoba,Efectivo,11432.87,1,0,5.0,4.0,0,11432.87
PED-14269,2025-06-05,1341,25.0,Hogar,Marketplace,CABA,Tarjeta de crédito,36704.04,2,0,3.0,4.0,0,0.0
PED-11131,2025-01-14,1230,38.0,Deportes,Marketplace,GBA,Tarjeta de débito,26346.82,2,15,6.0,4.0,0,44789.59
PED-13122,2024-05-05,1834,35.0, Hogar ,Marketplace,Córdoba,MercadoPago,46871.94,1,0,8.0,5.0,0,46871.94
PED-12316,2024-09-11,1214,43.0,indumentaria, Web ,Córdoba,Tarjeta de débito,15909.83,2,0,10.0,5.0,0,31819.66
PED-11409,2025-05-30,2080,45.0,JUGUETES,app,CABA,Tarjeta de crédito,15868.78,1,0,6.0,5.0,0,15868.78
PED-10548,2025-04-20,1678,56.0,indumentaria,Web,Otras,Tarjeta de débito,17775.2,1,15,3.0,4.0,0,15108.92
PED-10397,2024-08-04,2699,37.0,Hogar,WEB,Otras,Tarjeta de débito,53597.15,1,10,6.0,5.0,0,48237.44
PED-13345,2024-02-14,2618,70.0,Belleza,Marketplace,GBA,tarjeta de crédito,7033.92,1,0,6.0,5.0,0,7033.92
PED-14927,2024-12-05,2104,63.0, Electrónica ,Web,Otras,TARJETA DE CRÉDITO,177276.08,1,25,3.0,,0,132957.06
PED-14842,2025-06-21,1726,44.0,Electrónica,App,CABA,Tarjeta de crédito,249306.41,1,10,5.0,3.0,0,224375.77
PED-12545,2024-05-18,2619,66.0,Hogar,Marketplace,GBA,Tarjeta de crédito,55275.87,1,0,1.0,3.0,0,55275.87
PED-13306,2024-10-29,2114,25.0,Juguetes,Web,CABA,Tarjeta de débito,18367.76,3,10,4.0,2.0,0,49592.95
PED-11082,2024-05-10,1877,33.0,Hogar,Web,Otras,Tarjeta de débito,35341.25,1,10,6.0,5.0,0,31807.12
PED-14716,2025-06-14,1759,36.0,Juguetes,Web, GBA ,Tarjeta de crédito,15731.87,1,0,6.0,,0,15731.87
PED-12040,2024-07-06,2356,,Hogar,Marketplace,mendoza,Efectivo,39996.54,2,5,8.0,4.0,0,75993.43
PED-10482,2025-02-12,2620,20.0,JUGUETES,Web,Santa Fe,Tarjeta de crédito,15327.16,1,5,4.0,5.0,0,14560.8
PED-11378,2025-01-24,1398,38.0,Indumentaria,Web,CABA,Tarjeta de débito,19974.28,1,20,1.0,1.0,0,15979.42
PED-11389,2024-10-27,1072,50.0,Juguetes,web,GBA,Efectivo,20605.31,1,20,2.0,4.0,0,16484.25
PED-12572,2024-10-30,2671,49.0,Electrónica,Web,Córdoba,Tarjeta de débito,330495.96,2,0,,1.0,0,660991.92
PED-14398,2025-02-24,2159,49.0,HOGAR,Marketplace,GBA,Efectivo,55720.49,2,0,2.0,4.0,0,111440.98
PED-12783,2024-06-19,1425,18.0,DEPORTES,Marketplace,Otras,Efectivo,45092.92,1,0,3.0,5.0,0,45092.92
PED-11913,2024-08-04,1987,33.0,Electrónica,App,GBA,Tarjeta de débito,129996.61,1,0,8.0,2.0,0,129996.61
PED-10608,2024-04-20,2343,37.0,Hogar,MARKETPLACE,Otras,MercadoPago,40335.44,1,0,3.0,5.0,0,40335.44
PED-13562,25/07/2024,1705,31.0,Electrónica,,Santa Fe,Tarjeta de débito,136408.4,2,0,6.0,5.0,0,272816.8
PED-12683,2024-02-22,2331,43.0,Belleza,Web,GBA,Transferencia,18732.45,1,0,4.0,5.0,0,18732.45
PED-10012,2025-01-07,1996,18.0,Electrónica,Marketplace,Santa Fe,,110865.8,2,0,4.0,5.0,0,221731.6
PED-14665,2025-06-23,2165,43.0,Belleza,APP,Córdoba,Efectivo,10214.65,2,5,5.0,4.0,1,19407.84
PED-12767,2024-11-08,2653,46.0,Hogar,Web,Otras,MercadoPago,69637.43,1,0,5.0,5.0,0,69637.43
PED-10873,2024-03-24,1714,18.0,belleza,Marketplace,Mendoza,Transferencia,19909.7,1,0,1.0,4.0,0,19909.7
PED-13651,2025-01-14,1569,39.0,Electrónica,Web,Otras,MercadoPago,256059.16,3,0,8.0,5.0,0,768177.48
PED-11705,25/06/2025,2041,24.0,Deportes,Web,Mendoza,Tarjeta de débito,40662.02,1,0,2.0,4.0,0,40662.02
PED-13599,2024-03-04,1581,29.0,Belleza,Web, CABA ,Tarjeta de crédito,8445.91,2,0,,5.0,0,16891.82
PED-11097,2025-03-25,1052,60.0,Deportes,APP,CABA, Tarjeta de crédito ,44333.11,2,0,7.0,,0,88666.22
PED-14346,2024-11-21,1098,45.0,Indumentaria,MARKETPLACE,CABA,Tarjeta de crédito,15881.83,1,10,3.0,,0,14293.65
PED-10627,2025-06-07,1274,37.0,Deportes,web,Córdoba,Tarjeta de crédito,52806.71,1,0,5.0,1.0,0,52806.71
PED-14358,30/08/2024,2094,42.0,ELECTRÓNICA,App,Otras,Tarjeta de crédito,92338.22,2,10,5.0,4.0,0,166208.8
PED-11852,2025-01-31,2393,45.0,ELECTRÓNICA, Marketplace ,CABA,tarjeta de crédito,325138.41,1,0,2.0,1.0,0,325138.41
PED-11646,2024-04-17,2086,43.0,Belleza,app,CABA,Tarjeta de crédito,13203.27,1,15,8.0,3.0,0,11222.78
PED-14659,2025-04-27,1415,34.0,Indumentaria,Web,,Efectivo,20366.68,1,15,5.0,4.0,0,17311.68
PED-14044,18/05/2025,2243,18.0,Belleza,Marketplace,GBA,MercadoPago,4264.34,1,0,2.0,5.0,1,4264.34
PED-10095,2024-02-17,1197,18.0,Juguetes,WEB,mendoza,EFECTIVO,14705.24,1,0,7.0,4.0,1,14705.24
PED-14649,2024-03-16,1356,19.0,Indumentaria,Web,Santa Fe,transferencia,22205.03,4,0,6.0,4.0,0,88820.12
PED-14873,2024-05-02,1469,,Hogar,Web,OTRAS,Tarjeta de débito,41286.79,2,10,6.0,1.0,0,74316.22
PED-13270,2025-05-08,1645,52.0,Hogar,Marketplace,GBA,TARJETA DE CRÉDITO,36650.02,1,15,4.0,3.0,0,31152.52
PED-13892,2025-05-25,1744,47.0,ELECTRÓNICA,Web,CABA,Tarjeta de crédito,164739.84,1,0,7.0,3.0,0,164739.84
PED-10650,2024-01-28,2596,37.0,Indumentaria,Web,GBA,Tarjeta de débito,37400.09,1,0,7.0,4.0,0,37400.09
PED-11603,2025-02-23,1444,44.0,Hogar,Web,córdoba,tarjeta de crédito,40720.0,1,0,6.0,4.0,0,40720.0
PED-11599,2024-06-04,1764,40.0,Indumentaria,app,GBA,MercadoPago,20738.84,2,0,2.0,5.0,0,41477.68
PED-12246,2024-11-09,1449,52.0,Electrónica,APP,Otras,Tarjeta de crédito,185229.07,2,0,5.0,5.0,0,370458.14
PED-10149,2024-04-22,1133,39.0,Juguetes,Marketplace,GBA,MercadoPago,19342.99,1,0,2.0,5.0,0,19342.99
PED-14180,2024-08-08,2516,21.0,Electrónica,APP,Mendoza,Tarjeta de débito,119083.99,2,0,2.0,4.0,0,238167.98
PED-12195,2025-01-21,1453,32.0,Belleza,Marketplace,CABA,MERCADOPAGO,11111.87,1,5,1.0,,0,10556.28
PED-11660,2024-06-15,1046,28.0,Belleza,App,Otras,Tarjeta de débito,500.0,2,5,3.0,5.0,0,950.0
PED-10999,2024-10-22,2682,44.0,Hogar,Web,gba,Transferencia,45500.04,2,0,4.0,5.0,0,91000.08
PED-12409,22/06/2024,1895,29.0,Juguetes,Marketplace,CABA,Tarjeta de crédito,17171.44,3,0,7.0,5.0,0,51514.32
PED-14657,2025-02-13,2644,36.0,Indumentaria,WEB,CABA,Tarjeta de crédito,32072.52,1,0,,5.0,1,32072.52
PED-12862,2024-12-26,2736,39.0,Belleza,marketplace,GBA,Tarjeta de crédito,8695.89,1,15,6.0,5.0,0,7391.51
PED-11016,21/05/2025,2396,51.0,Hogar,Web,GBA,Tarjeta de crédito,51830.34,1,0,2.0,4.0,0,51830.34
PED-11430,2025-04-22,2486,44.0,deportes,Web,otras,Efectivo,29943.97,1,0,7.0,4.0,0,29943.97
PED-10651,2024-03-18,1072,57.0,belleza,Web,CABA,Tarjeta de débito,13737.59,1,0,5.0,5.0,0,13737.59
PED-10586,2025-03-10,1418,66.0,Electrónica,App,GBA,Tarjeta de débito,202896.55,2,5,1.0,4.0,0,385503.44
PED-14800,2024-05-09,2479,41.0, Indumentaria ,MARKETPLACE, GBA ,Tarjeta de crédito,20779.57,1,0,6.0,2.0,0,20779.57
PED-13288,2025-05-26,1747,19.0,Electrónica,Web,Mendoza,Transferencia,217580.96,1,0,6.0,4.0,0,217580.96
PED-12679,2024-06-08,2454,37.0,Hogar,App,caba,TARJETA DE CRÉDITO,20295.98,1,0,3.0,4.0,0,20295.98
PED-11926,2025-06-06,2638,36.0,Hogar,Web,Otras,TARJETA DE CRÉDITO,36755.26,2,0,9.0,5.0,1,73510.52
PED-11179,2024-08-13,2402,46.0,deportes,Web,GBA,Tarjeta de débito,43998.88,1,0,,3.0,0,43998.88
PED-11637,2024-02-19,1457,26.0,Electrónica,App,CABA,Tarjeta de débito,273295.67,1,0,7.0,,0,273295.67
PED-13164,2025-04-18,2138,27.0,Indumentaria,app,,MercadoPago,32393.84,3,0,8.0,5.0,0,97181.52
PED-11321,2024-04-26,2023,38.0,Indumentaria,Marketplace,Santa Fe,transferencia,26754.28,3,0,,5.0,0,80262.84
PED-13087,2025-05-02,2446,31.0,Deportes,MARKETPLACE,CABA,Efectivo,46272.37,1,0,8.0,5.0,0,46272.37
PED-12280,2025-03-18,2109,26.0,HOGAR,app,Córdoba,Tarjeta de débito,49377.19,3,0,2.0,5.0,0,0.0
PED-10378,2024-04-24,1520,33.0,Deportes,Web,Otras,transferencia,33703.54,2,0,8.0,4.0,0,67407.08
PED-13499,2025-01-30,2296,50.0,belleza,App,CABA,Tarjeta de crédito,4594.39,2,0,4.0,1.0,0,9188.78
PED-10569,2024-04-27,1477,50.0,Electrónica,App,Otras,Tarjeta de crédito,237773.74,1,0,5.0,,0,237773.74
PED-10276,2025-01-27,1716,39.0,Hogar,Web,caba,Transferencia,22280.89,1,0,8.0,3.0,0,22280.89
PED-10067,2024-12-03,1207,54.0,deportes,Web,CABA,Tarjeta de crédito,23555.47,1,0,1.0,5.0,1,23555.47
PED-14697,2024-10-22,2341,53.0,Belleza,web,GBA,Tarjeta de crédito,14458.74,3,20,5.0,1.0,0,34700.98
PED-10026,2024-09-09,1529,46.0,Indumentaria,App,caba,Tarjeta de débito,20727.6,1,0,7.0,3.0,0,20727.6
PED-12710,2024-05-20,1991,51.0,Belleza,Web,GBA,Tarjeta de crédito,7600.89,4,15,2.0,,0,25843.03
PED-14941,2024-11-20,1297,38.0,Indumentaria,Marketplace,CABA,Tarjeta de crédito,12144.73,1,0,7.0,4.0,0,12144.73
PED-10545,2025-01-19,1433,58.0,Belleza, Marketplace ,CABA,EFECTIVO,16953.53,3,0,6.0,4.0,0,50860.59
PED-11373,2025-01-17,1379,60.0,Hogar,Marketplace,CABA,,63215.32,1,0,2.0,5.0,0,63215.32
PED-11239,2024-08-20,2674,33.0,juguetes, Marketplace ,Córdoba,Tarjeta de crédito,8140.38,1,0,4.0,4.0,1,8140.38
PED-14793,2024-06-27,2768,, Indumentaria ,,OTRAS,Tarjeta de débito,36073.55,1,0,4.0,3.0,1,36073.55
PED-12204,2024-12-31,2233,65.0,Juguetes,app,MENDOZA,Tarjeta de crédito,20222.18,1,10,3.0,4.0,0,18199.96
PED-11821,2025-06-02,1520,26.0,INDUMENTARIA,Web,CABA,Tarjeta de débito,18811.58,3,0,8.0,4.0,0,56434.74
PED-11994,2025-02-08,1259,19.0,hogar,web,MENDOZA,MercadoPago,48796.78,1,0,6.0,5.0,0,48796.78
PED-14871,2024-06-20,1642,37.0,belleza,Marketplace,Córdoba,MercadoPago,12760.45,2,15,5.0,4.0,0,21692.76
PED-12956,2024-02-10,1174,28.0,Hogar,Marketplace,CABA,MercadoPago,41329.08,2,10,5.0,5.0,0,74392.34
PED-11117,2025-01-23,2611,38.0,indumentaria,Web,SANTA FE,Tarjeta de crédito,39454.25,2,0,6.0,4.0,0,78908.5
PED-14609,2025-03-16,1725,28.0,Hogar,Marketplace,CABA,Tarjeta de débito,26558.25,3,0,3.0,5.0,0,79674.75
PED-10028,2024-02-28,2016,51.0,juguetes, App ,GBA,tarjeta de débito,16472.79,2,0,6.0,5.0,0,32945.58
PED-10387,2025-01-28,2685,55.0, Hogar ,Web,caba,TARJETA DE CRÉDITO,52821.2,1,15,4.0,2.0,0,44898.02
PED-11355,2024-05-01,1379,43.0,belleza,Web,CABA,Efectivo,15846.47,5,25,6.0,4.0,0,59424.26
PED-12290,2024-03-23,2131,39.0,Belleza,Web,MENDOZA,efectivo,19489.74,1,0,9.0,3.0,0,19489.74
PED-14626,2024-09-25,2743,52.0,Electrónica,App,CABA,MERCADOPAGO,119868.57,1,15,2.0,4.0,0,101888.28
PED-14732,2024-06-30,2663,37.0,Indumentaria,App,GBA,MercadoPago,22390.57,1,0,1.0,4.0,0,22390.57
PED-13806,2024-04-03,1213,41.0,Electrónica,App,Otras,TRANSFERENCIA,294821.03,2,0,4.0,4.0,0,589642.06
PED-12131,22/11/2024,1299,27.0, Hogar ,WEB,GBA,Tarjeta de débito,50210.52,5,5,4.0,5.0,0,238499.97
PED-11928,2024-09-29,1316,53.0,Hogar, Marketplace ,CABA,tarjeta de débito,27961.67,1,5,7.0,2.0,0,26563.59
PED-10985,2024-12-07,2446,54.0,Hogar,Web,Mendoza,Transferencia,21220.67,1,0,7.0,5.0,0,21220.67
PED-10546,08/02/2025,2172,51.0,Deportes,App,Mendoza,,40594.13,2,10,1.0,4.0,0,73069.43
PED-13822,2024-04-07,1084,34.0,Belleza,WEB,Otras,Tarjeta de crédito,8762.33,1,0,5.0,2.0,0,8762.33
PED-11119,2025-03-04,2630,56.0,Indumentaria,Marketplace,CABA,Tarjeta de débito,32372.68,1,0,,4.0,0,32372.68
PED-10212,24/05/2025,1964,,Juguetes,MARKETPLACE,santa fe,Tarjeta de crédito,5736.65,1,0,1.0,2.0,0,5736.65
PED-13695,2025-03-28,2440,40.0,Belleza,Marketplace,GBA,Transferencia,12710.01,2,5,5.0,3.0,0,24149.02
PED-14524,2024-12-29,2055,47.0,BELLEZA,app,GBA, Tarjeta de débito ,17961.3,1,0,4.0,,0,17961.3
PED-14743,05/05/2025,1956,22.0,Juguetes,marketplace,GBA,MercadoPago,15301.87,1,0,1.0,3.0,1,15301.87
PED-14111,2024-11-29,2375,18.0,Indumentaria,APP,CABA,,32891.33,2,0,2.0,4.0,0,65782.66
PED-10864,2024-06-28,1106,42.0,Indumentaria,App,CABA,transferencia,28670.96,1,0,3.0,5.0,0,28670.96
PED-12049,2024-04-26,1376,38.0,deportes,Web,GBA,Tarjeta de crédito,20063.93,1,10,,5.0,0,18057.54
PED-11611,2024-04-17,1093,38.0,Electrónica, Web ,CABA, Tarjeta de crédito ,183384.12,1,0,5.0,5.0,0,183384.12
PED-12219,2024-12-18,2698,45.0, Indumentaria ,App,CABA,Tarjeta de débito,19170.86,1,0,2.0,2.0,0,19170.86
PED-11325,2024-03-04,1086,37.0,belleza,Web,CABA,Transferencia,15074.16,1,0,6.0,4.0,0,15074.16
PED-14859,2024-07-09,2453,59.0,deportes,Marketplace,Mendoza,MercadoPago,37075.46,2,15,5.0,4.0,0,63028.28
PED-10424,2024-02-11,2309,47.0,Electrónica,Marketplace,Otras,MercadoPago,198947.19,1,0,4.0,5.0,0,198947.19
PED-13539,2024-06-30,1674,35.0,Indumentaria,Marketplace,OTRAS,Tarjeta de crédito,19990.03,1,0,1.0,5.0,0,19990.03
PED-10465,08/02/2024,1822,31.0, Belleza ,,Santa Fe,Transferencia,8708.94,1,10,2.0,4.0,0,7838.05
PED-10167,2024-10-06,2189,46.0,Electrónica,web,GBA,MercadoPago,228516.52,1,5,4.0,,0,217090.69
PED-13007,2024-03-25,1604,,Hogar,App,,Tarjeta de crédito,61000.05,5,0,1.0,5.0,0,305000.25
PED-10420,2024-05-30,1146,29.0,Belleza,Marketplace,Otras,Transferencia,11626.57,1,0,6.0,4.0,0,11626.57
PED-10729,2024-04-22,1838,34.0,Electrónica, App ,Otras,Tarjeta de crédito,259692.7,4,25,4.0,3.0,0,779078.1
PED-12873,2024-07-28,2510,64.0,Deportes, App ,GBA,Tarjeta de crédito,19001.2,1,0,8.0,5.0,0,19001.2
PED-11512,2024-01-08,1110,,Electrónica,web,Córdoba,Tarjeta de crédito,176575.87,1,0,3.0,,0,176575.87
PED-12025,2024-07-06,1404,,HOGAR,app,GBA,Tarjeta de crédito,19514.74,1,0,4.0,3.0,0,19514.74
PED-14366,20/04/2024,1523,42.0,Juguetes,WEB,Santa Fe,Transferencia,3498.24,1,0,2.0,4.0,0,3498.24
PED-14563,20/10/2024,1642,33.0,Electrónica,App,Mendoza,Efectivo,42951.07,1,0,4.0,,0,42951.07
PED-14838,2024-05-05,2417,19.0,Hogar,Marketplace,CABA,Tarjeta de crédito,46120.52,1,25,5.0,4.0,1,34590.39
PED-11845,2024-11-03,2106,40.0,Hogar,Web,gba,Efectivo,31859.66,1,5,5.0,4.0,0,30266.68
PED-13408,2024-05-23,2576,47.0, Belleza ,web,CABA,Tarjeta de crédito,10739.96,4,0,8.0,5.0,0,42959.84
PED-10076,2024-03-05,1306,45.0,Indumentaria,web,Mendoza,Tarjeta de crédito,16386.5,1,0,2.0,5.0,0,16386.5
PED-11989,2025-04-27,1958,43.0,Electrónica,web,GBA,Tarjeta de crédito,99954.75,1,0,2.0,5.0,0,99954.75
PED-10521,19/07/2024,1304,21.0,Hogar,App,GBA,Tarjeta de débito,52977.79,2,0,4.0,4.0,0,105955.58
PED-12896,2024-09-30,1385,33.0,Electrónica,APP,Córdoba,Tarjeta de débito,260376.81,1,15,3.0,5.0,0,221320.29
PED-11773,2025-04-26,2495,47.0,Juguetes,Marketplace,Córdoba,TARJETA DE DÉBITO,23692.92,1,0,8.0,5.0,0,23692.92
PED-13147,2025-02-06,1460,50.0,Indumentaria,Marketplace,CABA,Tarjeta de crédito,48571.52,1,0,6.0,1.0,0,48571.52
PED-11013,11/04/2025,1264,49.0,Belleza,App,CABA,Tarjeta de débito,7399.87,1,25,7.0,5.0,0,5549.9
PED-10235,2024-10-09,1739,47.0,HOGAR,APP,gba,Tarjeta de crédito,34102.08,4,25,5.0,,0,102306.24
PED-14741,2024-03-10,1729,18.0,Deportes,App,CABA,MercadoPago,45946.86,1,0,3.0,5.0,0,45946.86
PED-11878,2024-03-27,2706,30.0,Electrónica,Web,,tarjeta de crédito,125113.83,1,5,7.0,5.0,0,118858.14
PED-14403,25/04/2024,1998,35.0, Indumentaria ,app,Mendoza,Tarjeta de crédito,2221.72,2,0,5.0,5.0,0,4443.44
PED-11823,2024-04-01,1248,38.0,Indumentaria,Marketplace,Otras,TRANSFERENCIA,21489.39,1,5,1.0,5.0,0,20414.92
PED-12917,2024-07-05,2605,31.0, Indumentaria ,WEB,Mendoza,TARJETA DE DÉBITO,24754.14,1,0,5.0,4.0,1,24754.14
PED-10961,2024-07-27,1911,60.0,Hogar,Web,Córdoba,Transferencia,76324.93,1,0,1.0,4.0,0,76324.93
PED-11619,2024-03-24,1767,42.0,Indumentaria,App,CABA,Transferencia,4668.49,1,0,6.0,5.0,0,4668.49
PED-13021,2024-04-21,2337,58.0,Indumentaria,Marketplace,Otras,Transferencia,24287.19,3,15,6.0,5.0,0,61932.33
PED-13069,2024-11-03,2769,36.0,Indumentaria,WEB,CABA,Tarjeta de débito,24645.17,1,0,11.0,3.0,1,24645.17
PED-11687,2024-06-20,1321,25.0,INDUMENTARIA,Marketplace,Santa Fe,Tarjeta de crédito,25350.79,1,0,1.0,5.0,0,0.0
PED-11871,2025-02-19,1101,18.0,Electrónica,,OTRAS,Tarjeta de débito,200451.94,1,0,8.0,5.0,0,200451.94
PED-10285,05/02/2024,1145,31.0,Hogar,Web,,Tarjeta de débito,500.0,72,0,2.0,4.0,0,500.0
PED-14059,04/01/2024,1438,69.0,hogar,Marketplace,CABA,Efectivo,46453.59,1,0,7.0,5.0,0,46453.59
PED-12021,2025-04-13,1192,27.0,Belleza,Web,GBA,Tarjeta de crédito,10159.64,2,0,4.0,4.0,1,20319.28
PED-14828,2025-05-14,2306,31.0,Belleza,App,GBA,transferencia,15505.65,2,10,4.0,,0,27910.17
PED-11055,2024-03-29,2582,26.0,Hogar,Marketplace,córdoba,TRANSFERENCIA,36484.3,2,5,4.0,4.0,0,69320.17
PED-12931,2024-06-03,1933,27.0,Belleza,web,Córdoba,Tarjeta de débito,16137.81,1,0,3.0,5.0,0,16137.81
PED-11447,2024-03-06,1502,60.0,INDUMENTARIA,APP,CABA,Tarjeta de débito,34041.37,1,5,5.0,5.0,0,32339.3
PED-13528,2024-08-04,2692,18.0,Hogar,app,Córdoba,transferencia,47976.54,1,0,6.0,5.0,0,47976.54
PED-12412,2024-11-19,1589,18.0,Hogar,App,CABA,EFECTIVO,27984.01,1,0,3.0,4.0,0,27984.01
PED-10377,2025-02-21,1775,31.0,Electrónica,WEB,otras,Transferencia,165180.51,1,0,1.0,4.0,0,165180.51
PED-14091,2024-09-07,2114,18.0,Hogar,Web, CABA ,,55365.87,1,0,8.0,5.0,0,55365.87
PED-13289,2024-05-18,2557,50.0,electrónica,WEB,caba,TRANSFERENCIA,198772.8,1,0,6.0,4.0,0,198772.8
PED-12043,2024-07-29,2533,18.0,Electrónica,App,CABA,Tarjeta de débito,171443.7,1,10,4.0,4.0,0,154299.33
PED-12860,2024-08-29,1262,18.0,Indumentaria,app,CABA,Transferencia,34226.12,1,0,3.0,5.0,0,34226.12
PED-13056,2024-07-16,1680,32.0,Deportes,Web,CABA,Tarjeta de crédito,39633.18,1,0,4.0,5.0,0,39633.18
PED-12149,2025-03-10,2551,38.0,Deportes,, GBA ,MercadoPago,45301.84,1,0,7.0,5.0,0,45301.84
PED-11841,2024-06-12,2672,51.0,Deportes,,Córdoba,Tarjeta de débito,5933.99,1,0,8.0,5.0,0,5933.99
PED-13780,2025-01-22,1119,38.0,Hogar,Web,GBA,Tarjeta de crédito,39964.54,1,0,4.0,4.0,0,39964.54
PED-12569,2025-06-07,1266,,Indumentaria,Web,CÓRDOBA,Tarjeta de crédito,40412.57,1,5,3.0,3.0,0,38391.94
PED-12829,2025-03-09,1507,36.0,Belleza,App,CABA,MercadoPago,3924.36,1,0,4.0,4.0,0,3924.36
PED-10932,2024-06-30,1669,42.0,Hogar,Web,GBA,Transferencia,44639.92,2,0,1.0,5.0,0,89279.84
PED-12644,2024-06-10,2315,44.0,Hogar,App,CABA,tarjeta de crédito,36913.31,1,0,7.0,3.0,0,36913.31
PED-14801,2024-01-13,1055,20.0,ELECTRÓNICA,WEB,Córdoba,Tarjeta de débito,154779.69,2,0,5.0,4.0,0,309559.38
PED-14268,2024-07-19,2092,48.0,indumentaria,Web,CABA,MercadoPago,24015.84,1,0,7.0,5.0,0,24015.84
PED-10481,03/01/2025,1299,31.0,Juguetes,App,CABA,Tarjeta de débito,21789.18,1,0,3.0,4.0,0,21789.18
PED-12330,2024-11-19,2237,18.0,HOGAR,Web,Mendoza,Transferencia,26529.55,1,20,5.0,3.0,0,21223.64
PED-11866,2024-10-10,1724,54.0,hogar,Marketplace,Santa Fe,Tarjeta de débito,36303.51,2,25,5.0,2.0,0,54455.26
PED-10385,2025-02-23,2109,31.0,Juguetes,WEB,GBA,Tarjeta de crédito,13560.23,1,0,2.0,3.0,0,13560.23
PED-12097,2024-08-07,2319,36.0, Hogar ,App,Córdoba,Tarjeta de débito,16094.23,1,20,4.0,,0,12875.38
PED-14436,2024-08-31,2566,26.0,Hogar,web,CABA,Transferencia,60446.53,1,0,5.0,3.0,0,60446.53
PED-12646,2024-12-23,2102,56.0,Belleza,app,CABA, Efectivo ,13848.43,1,0,6.0,5.0,1,13848.43
PED-14917,2025-04-21,2175,39.0,Deportes,Web,Otras,TARJETA DE DÉBITO,14747.31,2,0,,5.0,0,29494.62
PED-11090,2024-12-14,2279,23.0,Belleza,WEB,GBA,EFECTIVO,12144.32,1,0,5.0,5.0,0,12144.32
PED-13687,2025-01-10,1926,28.0,Belleza,Marketplace,Otras,MercadoPago,17408.14,1,0,4.0,3.0,0,17408.14
PED-13884,2025-05-06,1986,60.0,Hogar,App, Otras ,MercadoPago,737258.7141275172,1,0,3.0,1.0,0,51254.67
PED-14617,2025-04-12,1552,53.0,Indumentaria,web,Otras,Tarjeta de crédito,16748.13,1,0,6.0,4.0,0,16748.13
PED-11963,10/02/2025,2549,45.0,INDUMENTARIA,Marketplace,Córdoba,MercadoPago,29622.4,1,0,6.0,5.0,0,29622.4
PED-13830,2024-11-16,1418,41.0,Deportes,Marketplace,GBA,Tarjeta de crédito,33264.26,1,10,8.0,5.0,0,29937.83
PED-11656,2024-09-10,1327,25.0,Electrónica,Web, CABA ,Tarjeta de crédito,223702.61,2,0,3.0,5.0,0,447405.22
PED-14485,2024-07-21,1017,34.0,Indumentaria,Web,Córdoba,Efectivo,28962.06,1,0,7.0,3.0,0,28962.06
PED-11253,2025-02-04,1741,47.0,Hogar,WEB,Otras,Transferencia,48333.75,1,20,,5.0,0,38667.0
PED-14131,29/12/2024,1989,18.0,JUGUETES,App,Mendoza,Efectivo,15955.82,2,5,6.0,4.0,0,30316.06
PED-12334,2024-03-05,2375,18.0,Indumentaria,App,Córdoba,Tarjeta de débito,25903.47,1,10,6.0,,0,23313.12
PED-14718,2024-08-28,2697,37.0,Indumentaria,Web,Córdoba,Tarjeta de crédito,25594.21,1,0,4.0,,0,25594.21
PED-14410,2025-06-06,1719,51.0,Indumentaria,web,GBA,MercadoPago,23807.05,1,0,8.0,1.0,0,23807.05
PED-13609,2025-01-09,1226,24.0,Juguetes,Web,Santa Fe,Tarjeta de débito,20022.02,1,0,7.0,5.0,0,20022.02
PED-13787,2024-02-27,1718,18.0,Electrónica,Marketplace,GBA,Tarjeta de crédito,198262.17,1,0,3.0,3.0,0,198262.17
PED-11137,2024-03-02,1170,30.0,Juguetes,MARKETPLACE,Otras,Tarjeta de crédito,5931.02,1,0,5.0,,0,5931.02
PED-12366,2025-04-11,1942,61.0,Deportes,app,CABA,Transferencia,-43218.12,1,15,1.0,5.0,0,36735.4
PED-14847,2024-03-15,2337,37.0,belleza, App ,MENDOZA,Transferencia,16736.08,1,0,6.0,5.0,0,16736.08
PED-13476,2024-08-07,1214,49.0,Deportes,App,CABA,Tarjeta de crédito,36034.87,1,15,1.0,5.0,0,30629.64
PED-13338,2025-04-15,1216,41.0,Juguetes,Marketplace,Córdoba,mercadopago,10947.27,1,15,3.0,3.0,0,9305.18
PED-11556,30/03/2025,2281,37.0,hogar, Web ,santa fe,Tarjeta de débito,73707.91,1,0,7.0,5.0,0,73707.91
PED-13158,2024-11-17,2288,35.0,Indumentaria,Marketplace,OTRAS,MercadoPago,38863.75,4,0,4.0,3.0,0,155455.0
PED-10348,2024-01-23,2492,48.0,Deportes,App,Otras,Efectivo,46751.77,1,5,7.0,1.0,0,44414.18
PED-11886,03/10/2024,2626,32.0,Electrónica,Web,CABA,Transferencia,69232.39,2,0,8.0,4.0,0,138464.78
PED-12109,2025-02-02,1664,29.0,Indumentaria,App,CABA,MercadoPago,27166.4,3,15,6.0,3.0,0,69274.32
PED-10452,2025-05-25,2607,50.0,Juguetes,Marketplace,CABA,Tarjeta de crédito,18582.28,1,15,10.0,,0,15794.94
PED-11676,2025-03-03,1081,26.0, Belleza ,Web,CABA,Tarjeta de débito,13287.35,1,0,5.0,5.0,0,13287.35
PED-11535,2024-02-22,2555,27.0,Electrónica,App,santa fe,,195653.13,1,0,,4.0,0,195653.13
PED-12678,2025-03-31,1402,28.0,DEPORTES,WEB,caba,MercadoPago,24785.86,1,0,9.0,5.0,0,24785.86
PED-10162,2024-07-21,1741,59.0,belleza,Web,GBA,Tarjeta de débito,21340.99,1,0,8.0,5.0,0,21340.99
PED-11168,2024-11-18,2463,34.0,Hogar,Web,mendoza,TRANSFERENCIA,40571.19,3,15,3.0,5.0,0,103456.53
PED-10728,2025-06-15,2144,31.0,Electrónica,App,Otras,Tarjeta de débito,177768.53,1,0,4.0,5.0,1,177768.53
PED-11395,2024-10-14,1521,48.0,Hogar,Marketplace,CABA,MercadoPago,32747.71,2,0,4.0,4.0,0,65495.42
PED-12405,2024-09-06,2081,50.0, Deportes ,App,GBA,Tarjeta de crédito,25014.52,1,20,4.0,5.0,0,20011.62
PED-11399,28/02/2024,1273,, Indumentaria ,web,Córdoba,MercadoPago,21495.65,1,0,3.0,5.0,0,21495.65
PED-10096,17/05/2025,1672,52.0,Indumentaria,Marketplace,CABA, Tarjeta de débito ,35587.06,1,0,1.0,,0,35587.06
PED-14340,2025-06-15,1812,40.0,hogar,app,Mendoza,Efectivo,42946.05,1,15,4.0,5.0,0,36504.14
PED-10526,2025-03-25,2172,46.0,ELECTRÓNICA, App ,,Tarjeta de crédito,109533.02,1,0,6.0,2.0,1,109533.02
PED-11450,2024-09-17,1764,28.0,Belleza,App,CABA,Transferencia,19016.97,1,5,8.0,,0,18066.12
PED-12792,2025-05-16,1286,21.0,hogar,Web,Otras,Efectivo,30296.29,1,0,8.0,4.0,0,30296.29
PED-11109,2024-09-01,1928,36.0,Electrónica,Marketplace,CABA,Tarjeta de crédito,111662.57,1,0,5.0,5.0,0,111662.57
PED-10136,2024-11-13,2018,63.0,Belleza,Web,CABA,Tarjeta de crédito,7351.06,1,0,5.0,4.0,0,7351.06
PED-12060,2024-10-29,1074,49.0,Electrónica,Web,Córdoba,MercadoPago,132727.65,1,5,2.0,5.0,0,126091.27
PED-14011,2025-05-05,1107,55.0,Deportes,Marketplace,CABA,Tarjeta de débito,29616.2,2,0,3.0,3.0,0,59232.4
PED-11908,2024-12-25,1649,30.0,Indumentaria,Web,CABA,Tarjeta de débito,34551.16,1,0,6.0,4.0,0,34551.16
PED-11187,2024-11-11,2273,43.0,JUGUETES,Marketplace,GBA,Transferencia,22061.53,1,0,4.0,3.0,0,22061.53
PED-14619,08/03/2024,2595,,indumentaria, App ,GBA,Tarjeta de crédito,29782.7,1,0,2.0,,0,29782.7
PED-13358,2025-06-23,2786,43.0,INDUMENTARIA,Web,GBA, Tarjeta de débito ,35521.84,1,0,7.0,4.0,0,35521.84
PED-11785,2024-02-12,2344,36.0,Electrónica,Web,OTRAS,Transferencia,148489.35,2,0,1.0,,0,296978.7
PED-10505,2025-04-15,1334,33.0,Hogar,WEB,Otras,TARJETA DE DÉBITO,55209.98,1,0,6.0,4.0,0,55209.98
PED-12038,2024-06-10,1897,56.0,Indumentaria,web,,tarjeta de crédito,17793.51,2,0,9.0,,0,35587.02
PED-11306,2025-06-03,2110,31.0,Juguetes,Marketplace,CÓRDOBA,TRANSFERENCIA,17072.81,3,0,4.0,4.0,0,51218.43
PED-12540,2025-05-13,1366,31.0,Juguetes,App,Mendoza,MercadoPago,11944.47,2,0,5.0,4.0,0,23888.94
PED-10293,2024-12-19,1564,47.0,Deportes,App,Córdoba,Tarjeta de débito,45283.92,1,0,4.0,3.0,0,45283.92
PED-13910,2024-10-08,2093,39.0,HOGAR,Marketplace,CABA,Tarjeta de débito,30749.76,1,0,1.0,4.0,0,30749.76
PED-14302,2024-07-13,1090,42.0,indumentaria,Web,Otras,transferencia,16088.82,1,0,3.0,5.0,0,16088.82
PED-10806,2024-06-05,2465,59.0,Belleza,App,GBA,Tarjeta de crédito,23037.21,1,0,4.0,5.0,0,23037.21
PED-12288,2024-09-26,2264,46.0,Deportes,Web,GBA, MercadoPago ,41963.8,1,0,4.0,3.0,1,41963.8
PED-11981,2024-05-15,2209,38.0,electrónica,,Mendoza,Tarjeta de crédito,180119.98,1,0,,,0,180119.98
PED-10713,2024-03-15,2770,33.0,Deportes,,Santa Fe,Tarjeta de débito,38636.16,1,10,9.0,4.0,0,34772.54
PED-12864,04/09/2024,1956,48.0,Indumentaria,App,CABA,Transferencia,20836.79,1,0,4.0,5.0,0,20836.79
PED-11915,2024-04-28,1082,23.0,Indumentaria,Web,caba,Tarjeta de débito,34725.4,1,20,3.0,4.0,0,27780.32
PED-12127,2025-02-28,1159,56.0,Hogar,App,SANTA FE,Tarjeta de crédito,64925.67,2,0,1.0,4.0,0,129851.34
PED-11935,14/10/2024,2383,18.0,Hogar,Marketplace,otras,TARJETA DE DÉBITO,25475.19,1,20,10.0,5.0,0,20380.15
PED-10400,2024-12-07,2764,49.0,indumentaria,Marketplace,caba,Tarjeta de crédito,33700.58,1,20,4.0,3.0,0,26960.46
PED-13569,2024-05-17,1593,46.0,juguetes,Marketplace,Córdoba,MercadoPago,13672.3,1,0,3.0,5.0,0,13672.3
PED-13537,2024-09-20,2024,37.0,Hogar,App,Córdoba,Tarjeta de crédito,21789.24,2,0,3.0,,0,43578.48
PED-10157,2024-05-09,1145,29.0,Hogar,Web, CABA ,Tarjeta de crédito,52192.84,1,15,7.0,4.0,0,44363.91
PED-13726,2024-08-05,2234,26.0,Hogar,Web, CABA ,MercadoPago,29749.12,1,25,3.0,5.0,0,22311.84
PED-14587,2024-01-01,1770,,Hogar,WEB,Otras,Tarjeta de crédito,23595.9,72,0,6.0,3.0,0,23595.9
PED-13891,2025-06-20,2372,58.0,Indumentaria,Web,CABA,Tarjeta de débito,22029.85,1,0,3.0,3.0,0,22029.85
PED-14946,2025-05-02,1878,18.0,Hogar,Web,otras,Tarjeta de débito,58595.58,1,5,1.0,4.0,0,55665.8
PED-14387,2024-08-07,1283,30.0,ELECTRÓNICA,Web,Otras,MercadoPago,166275.41,1,10,2.0,3.0,0,149647.87
PED-14068,2024-01-06,1782,21.0,Electrónica,Web,mendoza,MERCADOPAGO,182796.15,1,0,4.0,4.0,0,182796.15
PED-11734,2025-02-22,1173,41.0,Electrónica,App,CABA, Tarjeta de débito ,155947.85,1,10,5.0,1.0,0,140353.06
PED-14497,2025-03-17,2682,50.0,Deportes,App,mendoza,MercadoPago,49445.07,2,0,4.0,5.0,0,98890.14
PED-13377,2025-03-24,2298,43.0,electrónica,App,Santa Fe,Efectivo,37300.07,1,0,1.0,3.0,0,37300.07
PED-11410,2024-12-29,1267,48.0,Juguetes,Marketplace,Santa Fe, Tarjeta de débito ,16821.79,1,15,5.0,5.0,0,14298.52
PED-14275,2025-02-11,2450,,Electrónica,App,GBA,MercadoPago,247179.51,1,25,4.0,4.0,0,185384.63
PED-10921,2024-09-20,2667,40.0,belleza,web,GBA,Tarjeta de débito,12973.06,1,5,4.0,4.0,0,12324.41
PED-10078,2024-12-09,1946,18.0,Electrónica, Web ,CABA,Tarjeta de crédito,206641.37,1,0,3.0,4.0,0,206641.37
PED-13782,2024-10-02,2662,49.0,Deportes, App ,GBA,Tarjeta de crédito,16396.89,1,0,5.0,4.0,0,16396.89
PED-14240,2024-07-13,1994,42.0,BELLEZA,WEB,Córdoba,TARJETA DE DÉBITO,10730.0,1,5,1.0,4.0,0,10193.5
PED-13506,2024-08-26,2168,18.0,electrónica,Web,Otras,Tarjeta de débito,86575.34,2,0,4.0,5.0,0,173150.68
PED-12784,2025-02-12,2449,57.0,Juguetes,web,Otras,Tarjeta de crédito,14439.89,1,10,4.0,5.0,0,12995.9
PED-14790,2025-05-01,1691,29.0,JUGUETES,App,caba, MercadoPago ,14832.38,2,0,1.0,5.0,0,29664.76
PED-13715,2024-03-29,2684,22.0,Deportes,App,,MercadoPago,46527.12,2,0,6.0,5.0,0,93054.24
PED-13781,08/06/2025,1613,35.0,Hogar,App,Santa Fe,Tarjeta de débito,52717.21,1,0,4.0,1.0,0,52717.21
PED-12532,2024-04-18,2081,37.0,Hogar,App,CABA,Transferencia,46622.74,2,0,4.0,5.0,0,93245.48
PED-13767,2025-06-27,2703,28.0,HOGAR,App,Córdoba,Tarjeta de crédito,38997.55,1,25,7.0,5.0,0,29248.16
PED-13896,2024-10-08,2438,,Deportes,App,GBA,Tarjeta de crédito,38043.7,1,0,2.0,2.0,0,0.0
PED-13596,2025-05-25,1213,57.0,Hogar,Web,Otras,Tarjeta de crédito,42419.76,2,15,6.0,5.0,0,72113.59
PED-10711,2024-11-17,2256,37.0,Indumentaria,App,CABA,Tarjeta de débito,15564.17,2,0,2.0,1.0,0,31128.34
PED-13940,2024-07-10,2171,66.0,Belleza, App ,GBA,TARJETA DE CRÉDITO,13088.0,1,0,5.0,5.0,0,13088.0
PED-13283,2024-09-08,1900,45.0,Electrónica,App,CABA,Efectivo,167216.63,1,5,10.0,5.0,0,158855.8
PED-10133,2024-12-24,2186,18.0,BELLEZA,marketplace,mendoza,Tarjeta de débito,8459.73,1,0,1.0,,0,8459.73
PED-13190,2024-10-09,2163,30.0,Electrónica,App,CABA,Tarjeta de débito,175008.59,1,0,1.0,5.0,0,175008.59
PED-12694,19/12/2024,2456,36.0, Electrónica ,App,CABA,Efectivo,247212.53,1,5,5.0,3.0,0,234851.9
PED-10899,2024-04-22,1741,49.0,Indumentaria,Web,CABA,TARJETA DE CRÉDITO,24270.16,1,5,7.0,3.0,0,23056.65
PED-12202,2025-06-03,2314,35.0,Belleza,Web,Córdoba,Tarjeta de débito,7965.54,2,0,1.0,4.0,0,15931.08
PED-11029,2024-01-25,2263,35.0,Hogar,App,Otras,Tarjeta de crédito,47145.08,1,0,1.0,4.0,0,47145.08
PED-13752,2024-07-09,2089,40.0,Hogar,App,Córdoba,Tarjeta de crédito,62346.01,1,0,2.0,,0,62346.01
PED-11339,2024-08-01,1128,51.0,ELECTRÓNICA,Marketplace,CABA,mercadopago,218163.77,1,0,4.0,5.0,1,218163.77
PED-10115,2024-02-05,2493,46.0,belleza,Web,caba,transferencia,11880.69,1,0,3.0,4.0,1,11880.69
PED-14692,2024-12-12,1158,44.0,Belleza,Web,GBA,Efectivo,7943.17,1,15,3.0,5.0,0,6751.69
PED-12023,20/07/2024,1682,45.0,Hogar,Web,Otras,MercadoPago,28243.82,1,0,5.0,3.0,0,28243.82
PED-14036,24/08/2024,1606,45.0,Hogar, App ,Otras,TRANSFERENCIA,14658.67,1,15,,4.0,0,12459.87
PED-13958,2024-01-30,1514,,Electrónica, Web ,CABA,MercadoPago,270897.75,1,0,3.0,3.0,0,270897.75
PED-11357,2024-04-15,1284,23.0,ELECTRÓNICA,Marketplace,otras,Tarjeta de débito,134656.79,2,0,6.0,,0,269313.58
PED-10208,2024-04-13,2570,38.0,Electrónica,Web,CABA, Transferencia ,261242.48,1,0,10.0,5.0,0,261242.48
PED-12766,2025-06-08,2756,18.0,Hogar, Web ,GBA,Transferencia,43675.98,1,15,4.0,2.0,0,37124.58
PED-12633,2024-03-15,2542,48.0,Indumentaria,App,gba,MercadoPago,29846.91,2,0,3.0,2.0,0,59693.82
PED-11032,2025-05-12,1098,41.0,Deportes,Marketplace,Otras,Tarjeta de débito,47555.92,2,10,5.0,3.0,0,85600.66
PED-10468,2024-06-21,2766,35.0,Belleza,App,Córdoba,TARJETA DE DÉBITO,12624.88,1,25,5.0,4.0,0,9468.66
PED-13334,2025-03-01,2090,44.0,JUGUETES, Marketplace ,caba,Tarjeta de débito,1365.84,3,0,,5.0,0,4097.52
PED-10539,2024-03-03,2545,18.0,Indumentaria,web,CABA,,17180.53,1,0,6.0,5.0,0,17180.53
PED-10835,2025-04-06,1238,55.0,belleza,Web,GBA,,8437.19,4,0,8.0,5.0,0,33748.76
PED-12576,2024-08-03,1273,33.0,Deportes,Web,CABA,Tarjeta de crédito,30023.0,1,10,5.0,4.0,0,27020.7
PED-11940,2024-08-09,2153,25.0,Belleza,APP,CABA,transferencia,5795.14,1,0,2.0,,0,5795.14
PED-14335,2024-03-12,1530,57.0, Deportes ,App,Córdoba,Tarjeta de crédito,29070.71,1,10,5.0,5.0,0,26163.64
PED-11577,2024-10-19,2366,43.0,Belleza,App,CABA,tarjeta de crédito,6387.15,3,0,8.0,1.0,1,19161.45
PED-10688,2025-01-03,2004,29.0,Indumentaria, Web ,GBA,MercadoPago,42370.61,1,0,7.0,3.0,0,42370.61
PED-14337,2024-12-09,2439,49.0,Deportes,App,CÓRDOBA,tarjeta de crédito,57958.95,2,0,,4.0,0,115917.9
PED-12467,2024-12-25,1313,,Belleza,Web,Otras,Tarjeta de débito,9998.09,2,0,5.0,3.0,0,19996.18
PED-10263,2024-07-09,1837,32.0,BELLEZA,Web,GBA,Efectivo,15527.28,1,10,8.0,4.0,0,13974.55
PED-11938,2024-05-01,2752,53.0,Deportes,Web,Otras,TARJETA DE CRÉDITO,55854.72,1,0,8.0,4.0,0,0.0
PED-13748,2024-05-11,2108,30.0,hogar,Web,CABA,Tarjeta de crédito,37415.59,1,15,2.0,4.0,0,31803.25
PED-12967,2024-07-17,2733,55.0,Belleza,Marketplace,CABA,Tarjeta de crédito,11946.29,3,25,4.0,5.0,0,26879.15
PED-11961,09/10/2024,2779,27.0,Indumentaria,Web,Santa Fe,mercadopago,30167.33,1,0,4.0,4.0,0,30167.33
PED-14916,2025-05-16,1025,69.0,Indumentaria,Web,,Tarjeta de débito,34429.99,2,0,7.0,5.0,0,68859.98
PED-12478,2024-07-20,2233,45.0,Electrónica,Marketplace,caba,,136409.93,1,0,6.0,4.0,0,136409.93
PED-14273,2024-11-16,1067,41.0,Deportes, Web ,Santa Fe,Efectivo,29803.61,3,15,5.0,3.0,0,75999.21
PED-10936,2024-05-30,2010,36.0,Indumentaria,WEB,Otras,Tarjeta de débito,14101.17,1,20,6.0,4.0,0,11280.94
PED-10306,2024-04-12,1148,24.0,Belleza,Web,CABA,tarjeta de débito,24328.71,3,15,6.0,4.0,0,62038.21
PED-13240,2024-06-18,2306,36.0,Belleza,Marketplace,Córdoba,Tarjeta de crédito,12584.52,2,0,5.0,5.0,0,25169.04
PED-11225,2024-08-11,2111,51.0,Electrónica,App,,MERCADOPAGO,167801.48,1,5,2.0,4.0,0,159411.41
PED-10082,2024-05-18,1578,28.0,Electrónica,Web,mendoza,Transferencia,170368.3,1,0,5.0,,0,170368.3
PED-10348,2024-01-23,2492,48.0,Deportes,App,Otras,Efectivo,46751.77,1,5,7.0,1.0,0,44414.18
PED-12206,2025-06-07,2602,36.0,Electrónica,App,CABA,Transferencia,151561.63,1,0,6.0,5.0,0,151561.63
PED-14181,2025-06-17,1852,52.0,deportes,App,CABA,mercadopago,35879.82,1,5,7.0,5.0,0,34085.83
PED-14249,2024-12-26,1861,31.0,Electrónica,Web,CABA,transferencia,273031.13,1,0,5.0,4.0,0,273031.13
PED-13714,2024-08-13,2365,43.0,Indumentaria,app, Otras ,Tarjeta de crédito,21139.14,1,10,5.0,5.0,0,19025.23
PED-12173,2024-08-14,1552,36.0,Juguetes,App,Otras,Tarjeta de crédito,10487.6,1,0,4.0,4.0,0,10487.6
PED-14618,2025-04-25,1787,40.0,INDUMENTARIA,App,Otras,Efectivo,26149.23,1,0,4.0,5.0,0,26149.23
PED-13670,2024-04-19,1591,32.0,Belleza,MARKETPLACE,CABA,Tarjeta de crédito,15571.41,1,0,6.0,,0,15571.41
PED-11749,2024-05-13,2376,18.0,Juguetes,Web,CABA,Tarjeta de crédito,10308.21,1,0,4.0,5.0,0,10308.21
PED-13612,25/07/2024,2269,30.0,Belleza,app,CABA,Tarjeta de crédito,13914.42,1,0,,3.0,0,13914.42
PED-14919,2025-01-26,1927,34.0,electrónica,WEB,GBA,Tarjeta de crédito,67970.1,1,15,6.0,5.0,0,57774.59
PED-13375,25/11/2024,1465,,HOGAR,App,Otras,Tarjeta de crédito,-69641.62,1,5,8.0,2.0,0,66159.54
PED-13189,2024-05-13,2706,31.0,Hogar,Web,GBA,Tarjeta de débito,53193.48,1,20,9.0,5.0,0,42554.78
PED-14715,2024-08-12,2158,48.0, Hogar ,Web,CABA,Tarjeta de débito,78262.36,1,10,3.0,4.0,0,70436.12
PED-11007,2024-02-24,2331,44.0,Indumentaria,Web,GBA,MercadoPago,31910.98,1,5,7.0,3.0,0,30315.43
PED-10710,2024-01-06,1442,31.0,HOGAR,Marketplace,CABA,Transferencia,47587.92,1,0,2.0,5.0,0,47587.92
PED-12996,2025-03-08,1503,,Deportes,App,Mendoza,MercadoPago,55345.38,1,0,4.0,5.0,0,55345.38
PED-10738,2024-09-17,2735,48.0,HOGAR,Web,CABA,MercadoPago,64934.96,1,20,5.0,5.0,0,51947.97
PED-12401,2025-03-20,1244,38.0,Juguetes,App,Otras,Tarjeta de débito,10690.82,1,0,4.0,,0,10690.82
PED-10523,2024-09-09,1367,24.0,Indumentaria,Marketplace,CABA,Tarjeta de crédito,36397.73,2,15,6.0,2.0,0,61876.14
PED-13214,2024-01-07,2311,58.0,Hogar,Web,CABA,Tarjeta de débito,55259.02,4,5,7.0,5.0,0,209984.28
PED-14054,2025-01-16,1048,45.0,Indumentaria,app,Otras,Tarjeta de crédito,46104.04,2,5,5.0,5.0,0,87597.68
PED-11722,2025-05-23,2713,45.0,Indumentaria,Marketplace,GBA,Tarjeta de débito,23793.23,1,0,8.0,5.0,0,23793.23
PED-14381,2025-02-14,1152,40.0,Juguetes,Web,Córdoba,Tarjeta de débito,20655.29,3,0,3.0,5.0,0,61965.87
PED-12785,2025-01-12,2665,36.0, Belleza ,WEB,Córdoba,Tarjeta de crédito,10307.79,2,0,6.0,,0,20615.58
PED-13139,2025-03-27,2499,42.0,Electrónica,Marketplace,Córdoba,Tarjeta de crédito,211169.86,1,0,2.0,3.0,0,211169.86
PED-10778,2024-04-13,1981,35.0,Belleza,Web, Otras ,tarjeta de débito,10993.55,1,0,3.0,4.0,0,10993.55
PED-12531,19/02/2025,2171,42.0,HOGAR,Web,Córdoba,Efectivo,52695.26,5,15,,1.0,0,223954.86
PED-13011,2025-01-18,2376,41.0,HOGAR,Marketplace,Córdoba,Transferencia,55253.37,1,0,7.0,2.0,1,55253.37
PED-14471,22/05/2025,1263,36.0,Electrónica,Marketplace, CABA ,MercadoPago,143354.16,1,0,4.0,4.0,1,143354.16
PED-14937,2024-05-09,2301,47.0,Indumentaria,Web,santa fe,Tarjeta de crédito,33108.15,3,0,4.0,5.0,0,99324.45
PED-14394,2024-09-23,1222,37.0,Deportes,Marketplace,Córdoba,Tarjeta de débito,30808.95,1,25,2.0,4.0,0,23106.71
PED-14922,2025-01-20,1017,18.0,Hogar,App,Mendoza,Tarjeta de crédito,14473.43,2,5,5.0,5.0,0,27499.52
PED-11272,2024-10-11,1094,40.0, Deportes ,APP,GBA,Tarjeta de débito,57019.4,1,0,6.0,4.0,0,57019.4
PED-13335,2024-03-27,1467,28.0,ELECTRÓNICA,Web,CABA,Transferencia,149464.07,1,0,4.0,5.0,0,149464.07
PED-12993,2025-06-19,1623,18.0,INDUMENTARIA,Web,Otras,EFECTIVO,14859.91,1,0,4.0,5.0,0,14859.91
PED-14092,2024-08-20,2320,41.0,Electrónica,Marketplace, CABA ,TARJETA DE DÉBITO,269433.47,1,0,3.0,5.0,0,269433.47
PED-13545,2025-04-02,1612,49.0,Belleza,Marketplace,CABA,Efectivo,9567.9,1,0,6.0,5.0,0,9567.9
PED-14401,2025-01-15,2256,47.0,Juguetes,Marketplace,Santa Fe, MercadoPago ,6981.68,1,15,4.0,5.0,0,5934.43
PED-12901,2024-09-16,1831,50.0,Deportes,Marketplace,Córdoba,Tarjeta de crédito,38824.01,5,0,6.0,2.0,0,194120.05
PED-10043,2024-12-11,1218,56.0,Indumentaria,Marketplace,CABA,Tarjeta de débito,24447.67,1,0,5.0,,0,24447.67
PED-12169,2024-03-06,1411,38.0,Indumentaria,Web,CABA,Transferencia,19178.31,5,0,6.0,5.0,0,95891.55
PED-12020,02/06/2024,1752,38.0,Belleza,app,Santa Fe,tarjeta de débito,12180.12,1,5,7.0,1.0,0,11571.11
PED-11569,2024-11-23,1815,35.0,hogar,Web,GBA,Tarjeta de crédito,50335.7,2,0,7.0,3.0,0,100671.4
PED-11067,2025-06-02,1269,61.0,Juguetes,Marketplace,caba,Tarjeta de crédito,11919.16,1,0,4.0,,0,11919.16
PED-11579,2024-02-12,1952,46.0,Belleza,App,gba,MercadoPago,17756.92,1,0,6.0,5.0,0,17756.92
PED-14752,2025-05-30,2747,43.0,Hogar,Marketplace,GBA, Transferencia ,66983.86,1,0,1.0,4.0,0,66983.86
PED-10698,2024-10-03,1231,55.0,DEPORTES,Web,CABA,tarjeta de débito,35549.8,2,0,5.0,5.0,0,71099.6
PED-12671,01/07/2024,2767,36.0,INDUMENTARIA,App,Otras,Tarjeta de crédito,31641.28,2,0,5.0,4.0,0,0.0
PED-14129,2024-07-05,1641,27.0,Indumentaria,Web,Otras,MercadoPago,25719.38,1,0,10.0,4.0,0,25719.38
PED-14781,2024-06-12,1531,51.0,BELLEZA,Web,CABA,Efectivo,10185.2,1,15,3.0,,0,8657.42
PED-10000,2024-04-12,1981,39.0,Hogar,Web,CABA, MercadoPago ,62937.81,1,20,1.0,2.0,1,50350.25
PED-12986,2025-01-01,1114,37.0,Electrónica,app,Córdoba,MercadoPago,104052.03,1,0,6.0,1.0,0,104052.03
PED-11159,2024-05-24,1239,38.0,Electrónica,App,CABA,Tarjeta de crédito,254281.43,1,0,7.0,,0,254281.43
PED-11489,2024-01-12,1869,49.0,Belleza,Web,CABA,MercadoPago,10672.31,4,0,4.0,5.0,1,42689.24
PED-13430,2024-07-03,1393,38.0,Indumentaria,Web, Otras ,Tarjeta de crédito,24529.76,1,15,4.0,4.0,0,20850.3
PED-11560,2025-04-17,1071,26.0,Indumentaria,Web, Mendoza ,Tarjeta de crédito,17181.34,1,15,5.0,1.0,0,14604.14
PED-10988,2024-06-16,2017,18.0,Deportes,Marketplace,GBA,Efectivo,40522.31,1,0,5.0,3.0,0,40522.31
PED-13585,2024-06-18,1839,51.0,ELECTRÓNICA, App , Mendoza ,Efectivo,111010.24,1,0,3.0,5.0,0,111010.24
PED-13869,03/11/2024,2218,47.0,Electrónica,App,Córdoba,Tarjeta de crédito,186855.92,1,0,5.0,4.0,0,186855.92
PED-10022,2024-06-09,1894,23.0,Deportes,App,Otras,Efectivo,32717.3,1,20,7.0,5.0,0,26173.84
PED-14339,2025-06-11,2156,26.0,Hogar,App,CABA,Transferencia,32776.27,1,0,4.0,,0,32776.27
PED-12314,2025-05-28,1131,59.0,deportes,Marketplace,CABA, Tarjeta de débito ,39299.9,1,0,3.0,5.0,0,39299.9
PED-10885,2024-02-01,2272,63.0,Deportes,App,GBA,TARJETA DE CRÉDITO,29919.97,1,15,3.0,5.0,0,25431.97
PED-12517,2024-02-28,2413,53.0,Indumentaria,App,Córdoba,MERCADOPAGO,22045.61,1,5,3.0,4.0,0,20943.33
PED-14053,2024-06-19,2318,40.0,JUGUETES,Marketplace,Otras,Tarjeta de crédito,25612.51,2,5,9.0,5.0,0,48663.77
PED-13174,2024-01-22,1557,43.0,Electrónica,Web,Otras,Transferencia,277851.18,1,15,2.0,5.0,0,236173.5
PED-13138,2025-03-25,2770,51.0,Electrónica,Web,CABA,EFECTIVO,147254.42,2,5,10.0,5.0,0,279783.4
PED-12857,2025-03-13,2788,,Hogar,Marketplace,Córdoba,MERCADOPAGO,72074.1,1,0,4.0,3.0,0,72074.1
PED-11419,2025-02-21,2594,44.0,BELLEZA,Marketplace,GBA,TARJETA DE DÉBITO,8746.15,2,0,4.0,3.0,1,17492.3
PED-11356,2024-05-22,2706,38.0,Hogar,Web, CABA ,Tarjeta de crédito,62192.08,1,5,5.0,5.0,1,0.0
PED-13422,2025-06-25,1893,44.0,Belleza,App,caba,EFECTIVO,3049.12,1,5,5.0,5.0,0,2896.66
PED-11491,02/10/2024,2659,58.0,Indumentaria,App,Otras,Transferencia,16336.28,2,0,6.0,,0,32672.56
PED-14949,2024-12-07,2771,27.0,Electrónica,APP,Otras,Tarjeta de débito,237096.03,2,0,3.0,1.0,0,474192.06
PED-11977,2024-10-07,2241,32.0,Juguetes,Web,Córdoba,Tarjeta de débito,19953.9,1,15,1.0,5.0,0,16960.82
PED-11746,06/06/2024,2138,38.0,Indumentaria,APP,GBA,TARJETA DE DÉBITO,21889.3,1,5,6.0,5.0,0,20794.84
PED-13671,2024-07-10,2137,53.0,Deportes,Marketplace,MENDOZA,Tarjeta de crédito,44533.84,1,0,7.0,4.0,0,44533.84
PED-12924,2025-05-26,1587,34.0,Hogar,Marketplace,CABA, Efectivo ,52838.51,72,0,7.0,4.0,0,105677.02
PED-12945,2024-09-30,1930,45.0,electrónica,Marketplace,Otras,Tarjeta de débito,189653.63,1,0,4.0,5.0,0,189653.63
PED-13492,2025-01-20,2672,18.0,ELECTRÓNICA,Marketplace,santa fe,tarjeta de débito,125607.81,1,0,6.0,4.0,0,125607.81
PED-13794,2024-04-20,2133,,Electrónica,Web,GBA,TARJETA DE DÉBITO,154100.65,2,0,2.0,5.0,1,308201.3
PED-10928,2025-05-05,1742,47.0,deportes,Web,Santa Fe,Transferencia,28239.14,3,0,4.0,4.0,0,0.0
PED-14955,2025-06-13,1503,19.0,Belleza,Web,GBA,Tarjeta de débito,19562.41,1,10,6.0,5.0,0,17606.17
PED-11227,15/02/2024,2346,46.0,Hogar,App,Mendoza,Tarjeta de crédito,54229.37,1,0,8.0,5.0,0,54229.37
PED-11706,2024-08-24,1989,34.0,Belleza,Web,GBA,Efectivo,16081.25,1,0,5.0,1.0,0,16081.25
PED-10996,05/01/2025,1282,46.0,Indumentaria,Web,Otras,MercadoPago,30143.28,1,0,6.0,5.0,0,30143.28
PED-10144,2025-03-17,1465,18.0,Electrónica,App,CABA,Tarjeta de débito,177528.1,1,0,4.0,4.0,0,177528.1
PED-10290,15/04/2025,1990,51.0,Belleza,APP,Santa Fe, MercadoPago ,10279.06,1,0,4.0,5.0,0,10279.06
PED-13281,2024-07-06,1298,19.0,Belleza,App,santa fe,Tarjeta de débito,7920.67,2,0,2.0,4.0,0,15841.34
PED-12736,2024-08-14,1651,18.0,Indumentaria,App,mendoza,Tarjeta de débito,35711.49,1,15,7.0,2.0,0,30354.77
PED-12354,2025-02-09,1877,42.0,HOGAR,App,Santa Fe,Tarjeta de débito,42103.08,1,0,5.0,5.0,0,42103.08
PED-12730,2025-05-16,1304,,Belleza,App,CABA,tarjeta de crédito,11571.36,1,20,7.0,4.0,0,9257.09
PED-12217,2025-06-20,1355,21.0,Electrónica,App,Santa Fe,Tarjeta de débito,157306.03,1,20,8.0,3.0,0,125844.82
PED-13438,15/06/2025,1620,18.0,Juguetes,App,CABA,transferencia,8944.34,1,15,5.0,1.0,0,7602.69
PED-14450,2025-01-15,2225,54.0,Deportes,WEB,GBA,Tarjeta de crédito,32053.72,1,0,4.0,4.0,0,32053.72
PED-10413,2024-05-23,2563,32.0,juguetes,Marketplace,Santa Fe,Transferencia,22460.17,1,0,5.0,3.0,0,22460.17
PED-14326,19/04/2024,1941,50.0,Deportes,APP,Otras,Efectivo,23561.18,1,0,6.0,3.0,0,23561.18
PED-14336,2024-09-03,2099,47.0,Deportes,Web,CABA,Tarjeta de débito,46121.88,5,20,5.0,4.0,0,184487.52
PED-12447,2025-02-11,1640,26.0,HOGAR,Web,GBA,MercadoPago,44696.17,1,0,1.0,4.0,0,44696.17
PED-11650,2025-03-30,1101,47.0,ELECTRÓNICA,Marketplace,Otras,Tarjeta de crédito,259342.31,1,0,4.0,5.0,0,259342.31
PED-13527,2024-04-29,2608,42.0,Electrónica,App,, Tarjeta de crédito ,192103.77,1,0,3.0,5.0,0,192103.77
PED-12253,2024-03-06,1770,27.0,Indumentaria,Marketplace,Córdoba,Tarjeta de crédito,32104.99,1,0,999.0,4.0,0,32104.99
PED-13443,2024-02-09,1331,37.0,hogar,Web,GBA,MercadoPago,48609.02,1,0,6.0,2.0,0,48609.02
PED-14386,2025-01-03,1033,18.0,Deportes,App,CABA,MercadoPago,42923.53,1,0,1.0,4.0,0,42923.53
PED-14097,2024-02-16,2471,36.0,JUGUETES,App,OTRAS,MercadoPago,9383.92,1,10,2.0,3.0,1,8445.53
PED-11984,08/05/2024,2144,54.0,Electrónica,Web,GBA,TARJETA DE DÉBITO,183913.0,3,0,6.0,3.0,0,551739.0
PED-10328,2025-03-22,1253,52.0,Deportes,App,GBA,Tarjeta de crédito,21478.98,1,10,5.0,5.0,0,19331.08
PED-13579,2024-02-17,1913,36.0,Electrónica,Marketplace,GBA,Tarjeta de débito,177289.77,1,15,6.0,5.0,0,150696.3
PED-14484,2024-10-04,2368,53.0,Electrónica,MARKETPLACE,Otras,Tarjeta de crédito,92920.2,1,0,6.0,1.0,0,92920.2
PED-13060,2024-06-15,2227,38.0,Belleza,Web,GBA,MercadoPago,11816.26,1,0,3.0,4.0,0,11816.26
PED-14357,2024-03-13,2448,21.0,Deportes,Web,CABA, Tarjeta de débito ,51607.55,5,0,7.0,5.0,0,258037.75
PED-13823,2024-09-21,2680,46.0,HOGAR,Web,CABA,Tarjeta de crédito,63978.52,1,0,6.0,5.0,0,63978.52
PED-10388,2025-04-01,2091,29.0,Deportes,, GBA ,Tarjeta de crédito,31601.48,1,20,,3.0,0,25281.18
PED-12192,2025-03-29,2115,,Indumentaria,App,Otras,Tarjeta de crédito,42175.91,1,15,4.0,5.0,1,35849.52
PED-12488,2025-03-15,1925,38.0,Deportes,Web,Otras,TARJETA DE CRÉDITO,42986.13,3,0,3.0,5.0,1,128958.39
PED-10842,2024-06-30,2490,19.0,INDUMENTARIA,Marketplace,Otras,Tarjeta de crédito,20427.94,2,20,7.0,1.0,0,32684.7
PED-14736,2025-03-14,2433,43.0,Deportes,MARKETPLACE,Santa Fe,Tarjeta de débito,53109.5,1,15,7.0,5.0,0,45143.08
PED-12234,2025-04-01,1583,52.0,Electrónica,Web, Córdoba ,Tarjeta de crédito,892047.6488314281,2,5,2.0,4.0,0,117829.81
PED-12403,2024-10-27,1043,32.0,Electrónica,Web,CABA,Transferencia,287476.17,1,0,2.0,5.0,0,287476.17
PED-12293,2024-10-10,1552,49.0,deportes,,CABA,Tarjeta de débito,42560.86,5,0,1.0,3.0,0,212804.3
PED-12820,2025-02-15,1672,51.0, Electrónica ,Marketplace,Mendoza,tarjeta de débito,166407.2,1,0,7.0,3.0,1,166407.2
PED-14530,2025-03-25,1973,23.0,Indumentaria,Marketplace,GBA,Tarjeta de débito,28376.89,1,0,4.0,2.0,0,28376.89
PED-12230,2025-01-11,1435,18.0,indumentaria,Web,Otras,Tarjeta de crédito,15200.05,2,0,5.0,5.0,0,30400.1
PED-13564,2025-03-17,1452,28.0,Indumentaria,Web,Otras,Tarjeta de débito,26063.44,1,10,10.0,5.0,0,23457.1
PED-12781,2025-06-19,2283,29.0,Deportes,App,Otras, MercadoPago ,42539.33,2,0,6.0,4.0,0,85078.66
PED-13789,2024-04-18,1319,,Electrónica,Web,,MercadoPago,150705.69,1,0,3.0,5.0,0,150705.69
PED-11772,2024-04-26,2495,,JUGUETES,Marketplace, Córdoba ,Tarjeta de crédito,19368.01,1,0,1.0,4.0,0,19368.01
PED-12106,2024-07-14,1284,62.0,INDUMENTARIA,web,GBA,Tarjeta de crédito,21166.81,1,0,5.0,4.0,0,21166.81
PED-10443,2025-05-31,2051,35.0,Electrónica,Marketplace,Córdoba,Efectivo,190488.57,4,15,3.0,5.0,0,647661.14
PED-13725,2024-02-09,2384,51.0,Electrónica,Web,Córdoba, Tarjeta de crédito ,157170.6,1,5,4.0,5.0,0,149312.07
PED-12408,2024-06-01,1523,29.0,belleza,Marketplace,Otras,efectivo,6407.61,4,0,6.0,2.0,0,25630.44
PED-10959,2024-05-07,1316,42.0,Indumentaria,App,Otras,Transferencia,37336.67,4,10,4.0,2.0,0,134412.01
PED-13209,2024-01-25,1900,21.0,Deportes, Web ,GBA,Tarjeta de crédito,44078.64,1,5,6.0,5.0,0,41874.71
PED-13347,2024-09-03,2739,27.0,belleza,Marketplace, Córdoba ,Tarjeta de crédito,15956.08,1,0,6.0,2.0,0,15956.08
PED-10395,08/06/2025,1020,47.0,Indumentaria,App,GBA,TRANSFERENCIA,14988.72,1,0,2.0,4.0,0,14988.72
PED-12787,2024-08-17,2118,31.0,Indumentaria,Web,GBA,Tarjeta de débito,25648.92,3,5,3.0,3.0,1,73099.42
PED-14024,2024-03-05,2600,55.0,Hogar,Web,Otras, Tarjeta de débito ,61875.57,1,0,4.0,2.0,0,61875.57
PED-12177,2025-03-02,1643,24.0,DEPORTES,APP,GBA,tarjeta de débito,37158.74,1,0,3.0,5.0,0,37158.74
PED-13768,2025-01-21,2786,18.0,Electrónica, Web ,Córdoba,MercadoPago,175677.24,2,5,1.0,5.0,0,333786.76
PED-11036,2025-03-10,2117,18.0,Hogar,Web,Córdoba,MercadoPago,70575.54,4,0,10.0,,0,282302.16
PED-12940,2024-05-08,2004,44.0,Juguetes,Marketplace,CABA,Tarjeta de débito,4338.32,4,0,4.0,3.0,0,17353.28
PED-10830,2024-05-06,1879,39.0,Hogar,web,GBA,Tarjeta de crédito,39778.88,3,0,1.0,4.0,0,119336.64
PED-13549,2025-02-03,1068,31.0,Deportes,Web,Otras,TARJETA DE DÉBITO,48608.49,2,25,,5.0,1,72912.74
PED-13988,20/03/2025,2487,42.0,Deportes,Marketplace,Santa Fe,MercadoPago,15215.05,1,25,4.0,3.0,0,11411.29
PED-14042,2024-07-19,1525,,hogar,App,Otras,Transferencia,40272.12,1,15,4.0,5.0,0,34231.3
PED-12520,2024-04-18,1056,43.0,Hogar,App,GBA,Tarjeta de crédito,66852.85,1,10,7.0,,0,60167.57
PED-13259,2025-06-11,1387,31.0,Juguetes,Marketplace,GBA,Transferencia,22681.59,1,15,4.0,3.0,0,19279.35
PED-10238,2024-10-03,2329,42.0,Electrónica,Web, GBA ,Tarjeta de crédito,277564.28,1,10,4.0,4.0,0,249807.85
PED-10956,2024-10-06,1054,51.0,Hogar,App,GBA,MercadoPago,52699.05,1,10,3.0,,0,47429.14
PED-13036,2024-02-01,2085,38.0,Deportes,Marketplace,Santa Fe, Tarjeta de crédito ,32034.74,4,0,7.0,,0,128138.96
PED-13489,2024-02-28,1459,43.0,hogar,App,CABA,Tarjeta de débito,71945.28,1,25,1.0,4.0,0,53958.96
PED-11653,2024-03-17,2163,23.0, Indumentaria ,Web,,Transferencia,18651.71,2,0,6.0,5.0,0,0.0
PED-13832,2024-08-19,1761,56.0,Belleza,web,CABA,Tarjeta de crédito,14537.32,1,5,2.0,4.0,1,13810.45
PED-12289,2024-06-02,2627,40.0,Hogar,Marketplace,Otras,Tarjeta de crédito,60021.66,1,0,4.0,5.0,0,60021.66
PED-13834,2024-05-18,2308,34.0,ELECTRÓNICA,Web,GBA,Tarjeta de crédito,139894.23,1,0,5.0,4.0,0,139894.23
PED-14532,2025-01-17,2170,28.0,HOGAR,WEB,CABA,MercadoPago,62104.4,1,0,6.0,4.0,0,62104.4
PED-14673,2025-05-03,1695,22.0,Indumentaria,Marketplace,CABA,MERCADOPAGO,21133.87,1,15,6.0,5.0,0,17963.79
PED-11149,2024-09-15,2496,40.0,Indumentaria,Marketplace,GBA,Transferencia,19427.23,1,0,7.0,3.0,0,19427.23
PED-13823,2024-09-21,2680,46.0,HOGAR,Web,CABA,Tarjeta de crédito,63978.52,1,0,6.0,5.0,0,63978.52
PED-11787,2024-05-09,1480,,Indumentaria,Web,MENDOZA,Efectivo,13755.46,1,0,8.0,5.0,0,13755.46
PED-10501,2025-02-18,2759,43.0,hogar,App,córdoba,Efectivo,69362.03,1,0,6.0,4.0,0,69362.03
PED-14444,2024-10-04,1827,34.0,Electrónica,App,GBA,Tarjeta de crédito,140236.96,1,20,6.0,5.0,0,112189.57
PED-10382,15/03/2024,2744,39.0,Deportes,WEB,Córdoba,Tarjeta de crédito,48020.45,1,0,2.0,3.0,0,48020.45
